"","01D2Z36","0319-6G20","0319-7L14","11-24","1174-901-12","1921-2","1921-3","1959-1","27F-1492R","37-13","67-14","A0839","A21b","A4b","AAP99","AB1","AD3","ADurb.Bin063-1","AKIW781","AKYG1722","AKYH767","Abditibacterium","Acidibacter","Acidicaldus","Acidicapsa","Acidiphilium","Acidipila","Acidisoma","Acidisphaera","Acidobacteriaceae_(Subgroup_1)","Acidocella","Acidothermus","Acinetobacter","Actinoallomurus","Actinocatenispora","Actinocorallia","Actinomadura","Actinomycetospora","Actinophytocola","Actinoplanes","Actinospica","Adhaeribacter","Aetherobacter","Afipia","Aliidongia","Alistipes","Alkanibacter","Allorhizobium-Neorhizobium-Pararhizobium-Rhizobium","Alsobacter","Altererythrobacter","Amantichitinum","Amb-16S-1034","Amnibacterium","Amycolatopsis","Anaerolineae","Anaeromyxobacter","Angustibacter","Aquicella","Aquisphaera","Arenimonas","Aridibacter","Armatimonadales","Armatimonas","Arthrobacter","Asticcacaulis","Aurantisolimonas","Aureimonas","B1-7BS","B12-WMSP1","BD2-11_terrestrial_group","BD7-11","BD72BR169","BIrii41","BSV26","Babeliaceae","Babeliales","Bacillus","Bacteriovorax","Bacteroidetes_VC2.1_Bac22","Bauldia","Bdellovibrio","Belnapia","Berkelbacteria","Blastocatella","Blastococcus","Blastomonas","Blattabacteriaceae","Blfdi19","Bosea","Bradyrhizobium","Brevundimonas","Bryobacter","Bryocella","Burkholderia-Caballeronia-Paraburkholderia","C0119","CCD24","CL500-29_marine_group","CPla-3_termite_group","CPla-4_termite_group","Caedibacter","Caenimonas","Candidatus_Adlerbacteria","Candidatus_Alysiosphaera","Candidatus_Amoebophilus","Candidatus_Azambacteria","Candidatus_Berkiella","Candidatus_Captivus","Candidatus_Cardinium","Candidatus_Endonucleariobacter","Candidatus_Finniella","Candidatus_Glomeribacter","Candidatus_Jidaibacter","Candidatus_Kaiserbacteria","Candidatus_Koribacter","Candidatus_Lloydbacteria","Candidatus_Magasanikbacteria","Candidatus_Mesochlamydia","Candidatus_Nitrocosmicus","Candidatus_Nitrosotalea","Candidatus_Nitrotoga","Candidatus_Nomurabacteria","Candidatus_Nostocoida","Candidatus_Obscuribacter","Candidatus_Omnitrophus","Candidatus_Ovatusbacter","Candidatus_Paracaedibacter","Candidatus_Protochlamydia","Candidatus_Soleaferrea","Candidatus_Solibacter","Candidatus_Spiroplasma","Candidatus_Udaeobacter","Candidatus_Vogelbacteria","Candidatus_Woesebacteria","Candidatus_Xiphinematobacter","Candidatus_Zambryskibacteria","Catenulispora","Caulobacter","Cellulomonas","Cellvibrio","Cerasicoccus","Chitinophaga","Chitinophagaceae","Chlamydiaceae","Chroococcidiopsis_SAG_2023","Chryseobacterium","Chryseolinea","Chthoniobacter","Chthonomonadales","Chthonomonas","Citrifermentans","Clostridia_UCG-014","Clostridium_sensu_stricto_1","Cohnella","Colidextribacter","Collimonas","Conexibacter","Corallococcus","Corynebacterium","Coxiella","Crossiella","Cryptosporangium","Cupriavidus","Curtobacterium","Cutibacterium","Cytophaga","Cytophagaceae","D05-2","DEV008","Dactylosporangium","Defluviicoccus","Deinococcus","Delftia","Denitratisoma","Devosia","Dinghuibacter","Dokdonella","Dolosigranulum","Domibacillus","Dongia","Duganella","Dyadobacter","Dyella","EV818SWSAP88","Edaphobacter","Edaphobaculum","Elev-1554","Elev-16S-1166","Ellin516","Ellin517","Ellin6055","Ellin6067","Elsteraceae","Endobacter","Enhydrobacter","FCPS473","FCPU426","FFCH7168","Ferruginibacter","Fimbriiglobus","Fimbriimonadaceae","Fimbriimonas","Flavisolibacter","Flavitalea","Flavobacterium","Flexivirga","Fluviicola","Fodinicola","Frankia","Frankiales","Frateuria","Friedmanniella","FukuN18_freshwater_group","G12-WMSP1","Ga0074140","Gaiella","Galbitalea","Geminicoccus","Gemmata","Gemmataceae","Gemmatimonas","Geodermatophilus","Gitt-GS-136","Glycomyces","Granulicella","Group_1.1c","Gryllotalpicola","HSB_OF53-F07","Haliangium","Heliimonas","Hirschia","Huanghella","Humibacter","Hydrocarboniphaga","Hydrogenedensaceae","Hymenobacter","Hyphomicrobium","IMCC26256","IS-44","Iamia","Inquilinus","Intestinibacter","Isosphaera","JCM_18997","JG30-KF-AS9","JG30-KF-CM45","JG30-KF-CM66","JG30a-KF-32","JG36-TzT-191","JGI_0001001-H03","Janthinobacterium","Jatrophihabitans","Jiangella","KD3-10","KD3-93","KD4-96","KF-JG30-B3","KF-JG30-C25","Kaistia","Kapabacteriales","Kazania","Kibdelosporangium","Kineosporia","Kitasatospora","Klenkia","Kribbella","Ktedonobacter","Ktedonobacteraceae","Ktedonobacterales","Kutzneria","LD29","LWQ8","Labrys","Lachnoclostridium","Lactococcus","Lactovum","Lacunisphaera","Larkinella","Latescibacterota","Lawsonella","Lechevalieria","Legionella","Leifsonia","Leptospirillum","Limnobacter","Lineage_IIa","Lineage_IIb","Lineage_IV","Longimicrobiaceae","Luedemannella","Luteibacter","Luteolibacter","Lysinibacillus","MBNT15","MND1","Marine_Group_II","Marmoricola","Massilia","Mesorhizobium","Methylobacterium-Methylorubrum","Methylocella","Methylovirgula","Microlunatus","Micromonospora","Microtrichales","Microvirga","Minicystis","Modestobacter","Monoglobus","Motilibacter","Mucilaginibacter","Mycoavidus","Mycobacterium","Myxococcus","NS11-12_marine_group","NS9_marine_group","Nakamurella","Neochlamydia","Nevskia","Niastella","Nitrolancea","Nitrososphaeraceae","Nitrosospira","Nitrosotaleaceae","Nitrospira","Nocardia","Nocardioides","Nonomuraea","Nordella","Noviherbaspirillum","Novosphingobium","OLB12","OLB14","OM190","OM27_clade","Obscuribacteraceae","Occallatibacter","Oceanobacillus","Ohtaekwangia","Oligoflexus","Omnitrophales","Opitutus","Oryzihumus","P2-11E","P3OB-42","PB19","PLTA13","PMMR1","Paenarthrobacter","Paenibacillus","Pajaroellobacter","Paludibaculum","Paludisphaera","Pandoraea","Parafilimonas","Parafrigoribacterium","Parcubacteria","Parvibaculum","Parviterribacter","Patulibacter","PeM15","Pedobacter","Pedomicrobium","Pedosphaera","Pedosphaeraceae","Pelotomaculum","Peredibacter","Phaselicystis","Phenylobacterium","Phreatobacter","Pir4_lineage","Pirellula","Pla4_lineage","Planctopirus","Plot4-2H12","Polaromonas","Porphyrobacter","Promicromonospora","Prosthecobacter","Proteiniborus","Pseudoflavitalea","Pseudolabrys","Pseudomonas","Pseudonocardia","Psychrobacillus","Psychroglaciecola","Puia","Qipengyuania","R7C24","RB41","RBG-13-54-9","RCP2-54","Ralstonia","Ramlibacter","Reyranella","Rhizobacter","Rhizomicrobium","Rhizorhapis","Rhodanobacter","Rhodococcus","Rhodomicrobium","Rhodopila","Rhodopirellula","Rhodoplanes","Rhodopseudomonas","Rhodovastum","Rickettsia","Rickettsiella","Robbsia","Rokubacteriales","Romboutsia","Roseiarcus","Roseimicrobium","Roseisolibacter","Roseococcus","Roseomonas","Rubellimicrobium","Rudaea","Ruminococcus","S-70","S-BQ2-57_soil_group","S0134_terrestrial_group","S085","SAR202_clade","SAR324_clade(Marine_group_B)","SBR1031","SC-I-84","SH-PL14","SJA-28","SM1A02","SM1A07","SM2D12","SWB02","Saccharimonadales","Sandaracinus","Sarcina","Schlesneria","Sediminibacterium","Segetibacter","Selenomonas","Sericytochromatia","Serratia","Shuttleworthia","Siccirubricoccus","Silvanigrella","Silvimonas","Singulisphaera","Skermanella","Solirubrobacter","Solitalea","Sorangium","Sphaerisporangium","Sphingoaurantiacus","Sphingobium","Sphingomonas","Sphingopyxis","Spirochaeta_2","Spirosoma","Sporichthya","Sporocytophaga","Sporomusa","Staphylococcus","Starkeya","Stenotrophomonas","Steroidobacter","Streptacidiphilus","Streptococcus","Streptomyces","Streptosporangium","Subgroup_10","Subgroup_12","Subgroup_13","Subgroup_17","Subgroup_2","Subgroup_22","Subgroup_5","Subgroup_7","Sulfurifustis","Sumerlaea","TK10","TM7","TM7a","TRA3-20","Tahibacter","Taibaiella","Tardiphaga","Telmatospirillum","Tepidimonas","Tepidisphaera","Tepidisphaeraceae","Terracidiphilus","Terriglobus","Terrimicrobium","Terrimonas","Thermomonosporaceae","Thermosporothrix","Thermus","Tsukamurella","Tumebacillus","Tundrisphaera","Turicibacter","Tyzzerella","UBA12409","UBA12411","URHD0088","UTBCD1","Uliginosibacterium","Umezawaea","Undibacterium","Vampirovibrio","Vampirovibrionaceae","Variovorax","Vermiphilaceae","Verruc-01","Verrucomicrobium","Verticiella","Vicinamibacter","Vicinamibacteraceae","Vulgatibacter","WD2101_soil_group","WD260","WPS-2","WS2","WWE3","WWH38","Waddlia","Williamsia","Wolbachia","Xanthobacteraceae","YC-ZSS-LKJ147","ZOR0006","Zavarzinella","[Aquaspirillum]_arcticum_group","alphaI_cluster","bacteriap25","cvE6","env.OPS_17","mle1-27","possible_genus_04","type_III","vadinHA49"
"E1-1_Root",0,58,0,0,122,0,0,1,0,0,898,0,5,3,1,0,0,4,0,0,0,0,650,12,33,83,359,12,0,0,103,2268,0,185,0,0,1,51,6,446,730,0,26,47,3,0,0,86,0,0,0,0,39,61,0,9,9,0,91,0,0,24,0,0,5,0,0,0,6,0,1,0,1,0,0,0,1,0,0,0,3,0,0,0,124,0,0,0,0,895,0,380,19,2419,2,0,0,5,0,0,0,0,0,0,0,0,1,0,0,0,0,0,0,20,0,0,0,0,0,0,0,0,0,0,0,0,12,0,129,0,8,0,0,78,0,2,1,0,0,0,1,0,0,0,0,0,24,1,26,0,0,0,0,0,0,196,0,0,0,48,25,0,0,0,0,0,0,0,23,0,0,0,0,57,1,15,0,1,12,5,0,20,0,589,0,7,0,11,0,0,19,0,9,0,13,0,0,0,3,3,0,0,2,0,0,0,0,20,0,0,0,0,0,0,0,0,0,57,0,17,3,0,0,233,0,4,0,126,0,0,0,0,0,0,0,24,72,0,0,36,0,0,9,0,11,1,0,26,0,0,136,0,0,0,0,13,0,0,0,0,0,6,0,0,145,58,0,0,207,0,14,66,0,0,0,2,0,0,0,46,8,0,0,1,0,0,0,0,0,0,0,0,0,0,0,2,26,27,54,0,0,0,6,0,0,25,204,0,0,81,0,1548,3,0,0,0,0,0,3,0,0,0,0,0,10,29,0,0,0,13,0,0,0,0,3,15,0,2,2,0,0,0,0,12,0,0,0,0,0,35,0,0,9,6,0,0,0,0,0,0,0,0,0,0,0,0,0,134,0,0,0,0,0,3,0,0,0,0,0,0,63,2,244,0,7,166,0,0,0,0,8,0,13,57,0,0,0,28,0,25,31,0,111,14,32,0,0,30,0,0,202,0,6,0,0,0,5,0,0,0,0,1,0,0,3,1,0,0,4,0,0,0,8,0,0,2,0,0,0,0,0,0,0,0,0,84,0,30,0,0,6,0,0,83,0,0,0,0,0,0,0,0,0,6,0,0,1562,0,76,0,0,0,100,0,0,0,0,0,28,0,0,3,0,5,0,2,0,0,0,13,15,0,0,0,16,0,0,0,140,0,0,0,0,38,0,0,0,0,0,0,0,0,0,0,0,0,0,0,80,110,59,0,0,2,0,0,0,5,0,0,2,0,0,0,0,2,0,0,29,3
"E1-2_Root",0,27,0,0,153,0,0,6,0,0,1076,0,7,1,7,0,3,0,0,0,0,0,651,4,19,82,306,6,0,0,112,2436,0,226,0,0,0,55,5,500,797,0,31,47,0,0,0,61,0,0,0,0,52,32,0,15,6,0,72,0,0,15,0,0,4,0,0,0,4,0,0,0,3,0,0,0,3,0,0,0,11,0,0,0,168,0,0,0,0,835,0,334,33,2355,0,0,5,3,0,0,4,0,0,0,0,0,0,3,0,0,0,0,0,2,0,0,0,0,0,1,0,0,0,0,0,0,16,0,145,0,7,0,0,67,0,14,0,0,0,0,0,0,0,0,0,0,38,3,19,0,0,0,0,0,0,246,0,0,0,61,21,0,3,0,0,0,0,1,27,0,0,0,0,64,0,12,0,3,16,0,0,26,0,497,0,8,0,11,0,0,23,0,11,0,25,0,0,0,5,0,2,0,7,0,0,0,0,23,0,0,0,0,0,0,0,0,0,35,0,20,0,0,0,207,0,5,0,122,0,0,0,0,0,0,0,25,57,0,6,34,0,0,12,0,9,1,0,18,0,0,120,0,0,0,0,13,4,0,0,0,0,7,0,0,98,60,0,0,255,0,17,55,0,0,0,6,0,0,0,113,6,13,0,3,0,0,0,0,0,0,0,0,0,0,0,5,17,18,64,0,0,0,13,0,0,14,258,0,0,93,0,1474,3,0,0,0,0,0,0,0,0,0,0,0,24,47,0,0,0,11,0,0,0,0,0,7,0,2,0,0,0,0,0,10,0,6,0,0,0,29,0,0,6,2,0,0,0,0,0,0,0,0,11,1,0,1,0,122,0,0,3,0,0,0,0,0,0,0,0,0,69,6,323,0,9,173,0,0,0,0,8,0,8,41,0,0,0,23,0,27,14,0,62,10,51,0,0,17,0,0,154,0,13,0,0,0,0,0,0,0,3,4,0,0,0,6,0,0,4,0,0,0,2,0,0,2,0,0,0,0,0,0,0,0,0,102,2,34,0,0,2,0,0,61,0,0,0,0,1,0,0,0,0,6,0,0,1452,0,120,0,0,0,67,0,0,0,0,0,27,0,2,0,0,1,0,0,0,0,0,16,19,2,0,0,22,0,0,0,129,0,0,0,0,46,0,0,0,0,0,5,0,0,0,0,0,0,0,0,71,136,27,0,0,0,0,0,0,8,0,0,0,0,0,0,0,0,0,0,10,0
"E1-N_Soil",1,40,3,0,40,0,0,18,0,0,489,0,6,7,0,0,15,5,0,0,0,0,471,10,19,121,430,6,0,0,86,1671,2,339,1,0,6,39,0,12,147,0,22,71,0,0,0,5,0,0,0,0,4,41,0,10,2,4,126,0,0,0,3,3,0,0,0,0,6,0,0,0,18,0,0,0,18,0,0,5,7,0,0,0,46,0,0,0,0,768,0,361,0,2133,1,0,0,4,0,0,0,0,0,0,0,0,0,0,0,0,0,2,0,62,0,0,0,1,0,0,0,0,0,0,0,1,16,0,162,0,47,0,0,372,0,12,4,0,0,0,7,0,0,0,0,0,80,2,11,0,0,0,0,0,0,172,0,0,0,316,0,0,0,3,0,0,0,0,3,0,0,0,0,37,0,18,0,2,13,11,0,27,0,412,0,5,0,37,0,0,60,0,8,0,117,0,0,2,12,4,0,0,0,0,1,0,0,12,0,0,0,0,0,0,0,0,0,28,0,106,1,0,0,417,0,0,0,43,0,0,0,0,0,0,0,6,76,0,0,27,0,0,0,2,10,10,0,15,4,0,44,0,0,0,8,27,16,0,0,0,0,0,0,0,115,90,0,0,90,0,17,67,0,0,0,5,0,0,0,34,4,13,0,0,5,0,0,0,0,0,0,0,0,3,0,0,25,10,15,0,0,0,0,0,0,16,24,0,0,255,0,2415,0,0,0,0,0,0,0,0,0,0,0,0,11,30,12,0,2,7,0,0,0,0,1,26,0,11,0,0,3,0,0,2,0,0,0,0,1,24,0,0,12,0,0,0,0,0,0,0,0,0,13,9,0,0,0,183,0,0,0,0,0,6,0,0,0,0,0,0,121,13,210,0,3,131,0,0,0,0,48,0,9,162,0,0,0,22,0,55,6,0,267,0,66,0,0,11,0,0,213,2,14,0,0,0,0,0,0,0,0,3,0,0,1,5,0,0,14,0,3,0,20,0,0,0,0,0,0,0,0,0,0,0,0,166,0,14,0,0,0,0,1,143,0,0,0,6,17,0,0,0,0,10,0,0,261,6,65,0,0,0,215,0,0,16,0,1,31,2,5,16,0,0,0,0,0,0,0,12,0,0,0,0,1,0,0,0,106,0,0,0,0,76,0,0,0,0,0,0,13,5,0,0,0,0,19,0,180,246,127,0,0,8,0,0,0,6,0,0,2,0,0,0,0,4,8,0,5,9
"E1-S_Soil",0,50,23,22,3,39,7,25,0,0,87,0,10,2,0,0,203,15,0,0,0,0,398,13,2,16,121,3,0,1,84,1334,0,0,0,0,3,15,0,3,88,0,0,9,0,0,0,0,0,0,0,0,0,1,0,26,0,11,109,0,0,7,0,0,2,0,0,0,81,0,8,0,13,0,9,0,9,0,0,10,13,0,0,0,0,0,0,0,0,586,0,303,0,1267,0,0,0,2,0,0,0,0,0,0,0,0,0,0,0,0,0,0,0,17,0,0,0,0,0,0,0,0,0,0,0,0,12,0,243,4,228,0,0,1117,0,0,0,0,0,0,0,0,0,0,0,0,29,7,9,0,0,0,0,0,0,290,0,0,4,272,0,0,0,0,0,0,0,0,0,0,0,0,0,37,0,0,0,6,4,0,0,7,0,143,0,21,0,16,0,0,52,0,0,0,288,0,0,0,2,12,0,0,0,0,0,0,0,0,0,0,0,0,4,0,1,0,0,79,0,14,0,0,0,166,3,0,51,60,0,4,0,0,0,0,0,8,291,0,0,29,0,0,0,19,12,25,32,83,0,0,20,0,0,0,7,20,0,0,0,0,1,0,0,0,0,6,0,0,0,0,24,21,0,0,0,0,0,0,0,0,18,0,0,0,10,0,0,0,0,0,0,0,0,0,0,0,0,0,4,0,0,0,0,0,0,15,17,0,0,60,0,2117,0,0,0,0,0,2,0,0,0,0,0,0,12,8,0,0,0,0,0,0,0,0,3,32,0,0,0,0,0,0,0,5,0,0,0,0,4,120,0,0,35,0,0,0,0,0,0,0,0,6,18,7,0,0,0,81,0,0,3,2,0,7,0,0,0,0,0,0,69,6,43,0,0,79,0,0,11,0,156,0,0,120,0,0,0,15,0,62,0,0,369,0,41,0,0,0,2,0,210,0,16,0,0,0,0,0,0,0,0,2,0,0,46,0,0,2,4,0,0,0,12,0,0,0,0,0,0,0,0,0,0,0,0,97,0,0,0,0,0,0,5,22,0,0,0,5,0,0,0,0,0,12,0,0,12,0,200,4,0,0,641,0,15,19,0,0,68,0,0,8,0,0,0,0,0,0,0,19,0,0,0,0,26,0,0,0,61,0,0,2,0,73,0,0,0,0,0,0,10,19,0,0,0,0,6,0,151,359,181,0,0,15,0,0,0,15,0,0,1,0,0,0,5,0,0,0,17,7
"E2-1_Root",0,50,0,0,81,0,0,1,0,0,389,0,5,13,3,0,0,0,0,0,0,0,768,14,20,1,215,36,0,0,298,3717,0,5,0,0,0,7,0,89,1579,0,0,17,18,0,0,28,0,0,0,0,0,7,0,9,0,2,118,0,0,62,0,0,3,0,0,0,0,0,7,0,4,0,0,0,0,0,0,0,8,0,0,0,12,0,0,0,0,886,0,167,0,2217,6,0,0,3,0,0,0,0,0,2,0,0,0,0,0,0,11,0,0,4,0,0,0,0,0,0,0,5,0,0,5,3,15,0,107,5,4,0,0,221,0,10,0,0,0,0,0,0,0,0,0,0,47,0,38,0,0,0,0,0,10,198,0,0,0,3,0,0,0,0,0,0,0,0,0,2,0,0,0,45,16,0,0,0,5,5,0,0,0,126,0,4,0,4,0,0,2,6,0,0,32,0,0,0,8,49,0,0,3,0,0,0,0,0,0,0,0,0,0,0,0,0,0,97,0,3,0,0,0,75,0,0,0,125,0,0,0,0,0,0,0,16,49,0,0,67,0,0,4,36,3,1,0,14,3,0,52,0,0,0,0,3,5,0,0,0,0,0,0,0,16,10,0,0,4,0,17,125,0,0,0,0,0,0,0,6,16,0,0,4,0,0,0,0,0,0,0,0,0,0,0,0,4,12,7,0,0,0,0,1,0,18,12,0,0,39,0,743,0,0,0,0,2,5,0,0,0,0,0,0,80,29,0,0,0,112,0,0,0,0,30,11,0,3,0,0,0,0,0,9,0,7,0,0,2,68,0,0,219,0,0,0,0,0,0,0,0,0,0,0,0,0,0,45,0,0,0,0,0,6,0,0,0,0,0,0,37,0,61,0,0,276,0,0,0,0,7,0,2,51,0,2,0,15,0,16,0,0,48,0,21,0,0,8,0,0,228,2,25,0,0,0,0,0,0,0,0,0,0,0,18,0,0,0,4,0,6,0,3,0,0,8,0,0,0,0,0,0,0,0,0,173,0,18,0,0,0,0,0,44,0,0,0,0,0,0,0,0,0,2,0,0,2585,0,14,0,0,0,75,0,0,16,0,0,17,0,182,0,0,0,0,0,0,0,0,0,28,10,0,0,722,0,0,0,126,0,0,1,0,60,0,0,0,0,0,0,0,4,0,1,0,4,0,0,33,255,40,0,0,0,0,0,0,4,0,0,0,0,0,0,1,0,7,0,40,3
"E2-2_Root",0,90,0,0,50,0,0,3,0,0,416,0,3,9,18,3,0,0,0,0,0,0,976,16,41,0,205,12,3,0,128,2695,0,7,0,0,0,7,0,193,1379,0,0,16,29,0,4,34,0,0,0,0,0,9,0,19,0,2,117,0,0,60,0,0,13,0,0,0,1,0,0,0,7,0,0,0,0,0,0,0,17,0,0,4,0,0,0,0,0,1141,0,178,0,2990,11,0,0,10,0,0,0,0,0,2,0,0,0,0,0,0,9,0,0,0,0,0,0,0,0,0,0,0,0,0,4,0,7,0,119,45,9,0,0,279,0,10,0,0,0,0,0,0,0,0,0,0,73,0,47,0,0,0,0,0,11,145,0,0,0,8,0,0,0,0,0,0,0,0,0,0,0,0,0,43,13,6,0,0,0,9,0,0,0,47,0,4,0,6,0,0,10,8,0,0,11,0,0,0,6,45,0,0,19,0,0,0,0,0,0,0,0,0,0,0,0,0,0,103,0,6,0,0,0,79,0,0,0,138,4,0,0,0,0,0,0,30,68,0,0,63,0,0,11,44,4,3,0,33,0,0,59,0,0,0,0,6,0,0,0,0,0,0,0,0,17,17,0,0,6,0,24,81,0,0,0,0,0,0,0,0,22,0,0,0,4,0,1,0,0,0,0,0,0,0,0,0,6,11,7,0,0,0,0,0,0,0,0,0,0,57,0,631,0,0,0,0,0,7,0,0,0,0,0,0,110,15,0,0,0,41,2,0,0,0,45,0,0,4,0,0,0,0,0,7,0,17,0,0,0,84,0,0,180,0,0,0,0,0,0,0,0,0,0,0,0,0,5,62,0,0,0,0,0,2,0,0,0,0,0,0,19,0,57,0,0,436,0,0,0,0,14,0,0,26,0,0,0,29,0,17,0,0,49,0,14,0,0,8,0,0,214,2,35,0,0,0,0,0,0,0,0,4,0,0,22,0,0,0,2,0,12,0,3,0,0,7,0,0,0,0,0,0,0,0,0,118,0,14,0,0,0,0,0,36,0,0,0,0,0,0,0,0,0,0,0,0,1388,0,38,0,0,0,131,0,1,3,0,0,24,0,68,1,0,2,0,11,0,0,0,0,32,12,0,0,593,0,0,0,162,0,0,0,0,68,0,0,0,0,0,0,0,3,0,8,0,0,0,0,73,333,36,0,0,2,0,0,0,6,0,0,0,0,0,0,0,0,7,0,51,5
"E2-N_Soil",0,61,2,14,0,0,0,8,0,0,466,0,10,28,0,0,28,19,0,0,3,0,275,7,28,1,294,18,12,0,263,2116,0,82,0,0,1,13,0,8,94,0,7,15,11,0,0,12,0,2,0,0,0,9,0,26,3,9,170,0,3,14,5,0,0,3,0,0,7,0,26,0,19,0,4,3,12,0,0,14,6,0,2,4,3,0,0,0,0,333,0,263,0,1132,3,4,3,32,0,0,0,0,0,4,0,0,0,0,0,0,0,0,0,52,0,1,0,0,0,0,0,0,0,0,0,6,20,0,343,0,247,0,0,632,0,0,4,0,0,0,0,0,0,0,0,0,111,2,18,0,0,0,0,0,0,175,35,0,0,200,0,0,0,0,0,0,0,0,6,0,0,0,0,57,2,14,0,8,30,8,0,13,0,181,7,14,0,26,0,8,17,0,0,0,177,8,0,6,2,11,0,1,0,4,0,0,0,3,0,0,0,0,0,4,0,0,0,40,0,61,0,0,0,204,0,2,0,100,0,0,0,0,0,0,0,11,186,3,6,22,0,0,0,8,21,45,2,87,18,0,55,0,3,0,14,24,17,0,6,0,0,0,0,0,52,3,0,0,0,0,71,188,0,0,0,9,0,0,0,26,8,0,0,0,15,0,0,0,0,0,3,0,0,4,0,2,8,0,14,1,12,0,0,0,0,50,0,0,0,101,2,1728,0,0,0,0,4,0,0,0,0,0,1,0,19,56,0,0,0,6,0,1,0,0,10,141,0,5,0,0,0,0,0,4,0,0,0,0,0,59,0,0,0,0,0,0,0,0,0,0,0,0,24,28,0,0,2,126,0,0,4,0,0,6,0,0,0,0,0,0,104,3,127,0,0,159,0,0,6,0,116,0,5,98,5,0,0,47,0,38,0,0,143,0,53,0,0,6,0,0,348,9,23,0,0,0,5,0,0,1,0,3,0,0,2,10,0,0,9,0,3,0,27,0,0,0,0,0,0,5,0,0,0,0,0,140,0,14,0,0,0,0,1,54,0,0,0,5,0,0,0,0,0,14,79,0,81,0,41,0,2,0,477,0,9,24,0,0,42,2,5,11,0,0,0,4,0,0,0,20,0,0,0,0,2,0,0,0,55,0,0,0,0,31,0,0,0,0,0,1,6,11,0,11,0,0,21,0,312,332,73,0,0,34,0,0,0,6,6,0,16,0,0,0,22,0,2,0,0,13
"E2-S_Soil",0,30,0,0,70,0,0,13,0,15,561,0,0,0,4,0,6,8,0,0,0,12,335,1,11,27,116,5,3,0,264,688,0,11,0,0,0,78,0,1001,36,0,17,103,0,0,0,240,0,0,0,0,37,14,0,16,6,0,64,0,0,53,0,5,48,0,0,0,10,0,0,0,26,0,0,0,5,0,2,8,6,0,0,0,68,0,0,0,0,715,0,197,0,2162,9,0,6,12,0,0,0,0,0,0,0,0,0,0,0,0,0,0,0,22,1,0,0,1,0,0,0,0,0,0,0,6,0,0,142,1,8,0,0,112,0,13,84,0,23,0,2,0,0,0,0,0,187,0,40,0,0,0,0,0,0,121,0,0,0,79,13,0,0,0,5,7,0,0,0,0,0,16,0,163,0,0,0,0,12,64,0,9,0,555,69,2,0,10,0,5,52,0,6,0,93,0,0,0,0,38,0,7,0,43,0,7,0,23,0,0,0,0,0,0,0,0,0,26,0,160,9,0,0,274,0,0,0,48,0,0,0,0,0,0,0,11,108,0,5,119,0,0,0,6,11,3,2,48,8,0,111,0,0,5,0,11,7,0,1,0,0,20,0,0,0,9,0,0,9,7,153,90,0,0,0,7,0,0,0,0,10,0,0,11,4,0,0,11,0,655,14,0,0,0,0,23,31,10,172,0,0,2,33,0,0,30,39,0,0,1694,3,1987,0,0,0,3,0,0,0,0,0,0,0,0,3,38,0,0,0,52,0,0,0,0,0,7,0,0,0,0,10,0,0,7,0,0,0,0,0,28,0,0,30,0,8,1,0,0,0,0,12,0,15,0,0,0,0,152,0,0,0,0,0,9,0,0,0,0,0,0,136,63,103,0,0,187,0,0,0,0,31,0,71,65,0,0,0,39,0,31,4,0,95,192,60,0,0,10,0,0,141,15,0,0,0,0,0,0,0,0,0,9,0,0,4,0,0,0,3,0,10,0,94,0,0,0,5,0,0,0,0,0,0,0,0,70,0,21,0,0,0,9,9,332,0,0,0,4,0,0,0,0,7,30,0,0,10,0,179,0,0,0,103,0,0,15,0,0,13,0,10,13,0,45,0,0,0,11,0,0,58,25,0,0,0,0,0,0,64,0,0,0,0,18,0,0,0,14,0,7,43,0,0,0,1,0,0,0,258,194,43,0,0,14,0,0,0,0,0,0,0,0,0,0,0,46,0,0,48,38
"E3-1_Root",0,47,0,0,227,0,0,0,0,0,633,29,0,37,24,0,0,0,0,0,0,0,738,0,18,55,85,56,162,0,16,1231,0,12,0,0,22,22,0,748,155,0,0,70,19,0,0,784,0,0,0,0,106,33,0,2,0,8,71,0,0,76,16,0,7,0,0,0,0,0,0,0,70,0,0,3,0,0,0,9,0,0,0,0,0,0,20,0,0,814,7,136,105,975,0,7,0,17,0,0,0,0,0,0,0,0,0,0,0,0,0,0,0,0,0,0,0,0,0,0,0,0,0,0,0,7,28,0,106,186,0,0,3,27,0,0,94,0,0,0,24,0,0,0,0,0,68,0,32,0,0,0,0,0,10,120,0,0,0,16,21,0,0,0,0,0,0,5,75,0,0,0,0,181,0,15,0,0,116,0,0,23,0,30,0,0,0,12,0,0,16,8,0,0,0,0,0,0,7,0,9,0,21,1,0,0,0,0,0,0,0,0,0,0,0,0,0,59,0,48,0,0,0,91,0,0,0,182,0,0,0,0,0,0,0,117,178,8,19,55,0,0,0,44,39,0,0,43,0,0,110,0,0,0,5,12,0,0,0,0,41,14,0,0,70,0,0,0,209,0,55,100,0,0,0,0,0,0,0,0,16,0,0,0,0,0,0,0,20,46,0,0,0,5,0,0,11,35,103,5,0,0,0,0,0,34,0,0,0,56,0,771,0,0,0,0,0,0,71,0,0,0,0,0,0,59,13,4,0,53,0,0,2,0,2,3,0,16,0,0,0,0,0,0,0,12,0,0,0,46,0,0,0,0,0,0,0,0,0,0,0,18,7,15,0,0,24,136,0,3,2,0,0,8,0,0,0,3,0,0,12,15,55,0,0,188,0,15,43,0,0,0,0,49,0,0,0,48,0,158,0,0,147,9,0,0,0,0,0,0,103,8,10,5,17,0,15,0,0,0,0,5,0,0,68,0,0,0,25,0,0,11,30,0,0,0,0,0,0,0,0,0,0,0,0,349,0,113,0,6,0,0,30,305,0,0,0,0,0,0,0,17,0,107,0,0,1169,0,52,0,0,0,62,0,0,0,0,0,67,7,0,0,0,0,0,0,0,10,12,0,23,6,0,0,30,0,0,0,94,0,0,0,0,25,0,0,0,0,0,0,61,5,0,0,0,47,6,0,51,117,8,0,0,0,0,0,0,9,0,0,0,0,0,0,6,11,0,0,1257,7
"E3-2_Root",0,59,0,0,169,0,0,0,0,0,603,27,0,32,19,0,0,10,0,0,0,0,802,0,13,28,100,28,46,0,6,1159,0,35,0,0,0,0,0,825,77,0,0,65,34,0,0,914,0,6,0,23,63,54,0,0,0,8,61,0,0,55,0,0,8,0,0,0,0,0,0,0,41,0,0,0,8,0,0,9,4,0,0,0,0,0,10,0,2,923,7,136,52,878,0,8,0,12,0,0,0,0,0,3,0,4,0,0,0,0,0,0,0,0,0,0,0,0,0,0,0,0,0,0,0,0,13,0,73,195,12,0,0,50,0,10,119,0,0,0,35,0,0,0,0,0,71,0,15,0,0,0,0,0,15,155,0,0,0,0,9,0,0,0,0,0,0,3,113,0,0,0,0,170,0,29,0,0,142,22,0,33,0,26,5,5,0,10,0,0,18,0,0,0,5,0,0,5,0,17,0,0,36,0,0,0,0,33,0,0,0,0,0,0,0,0,0,54,0,58,0,0,0,56,0,0,0,196,0,0,0,0,0,0,0,111,156,10,25,47,0,0,0,31,30,0,0,20,0,0,112,0,7,0,5,0,0,0,0,0,42,0,0,0,53,0,0,0,122,12,22,79,0,0,0,0,0,0,0,0,0,0,0,8,0,0,0,0,26,25,0,0,0,9,0,0,13,33,83,0,0,0,0,0,0,0,0,0,0,23,0,690,0,0,10,0,0,0,58,0,0,0,0,0,0,62,7,6,0,64,0,0,0,0,0,6,0,8,0,0,14,0,0,9,0,22,0,0,0,67,0,0,0,0,0,0,0,0,0,0,0,17,12,15,0,4,47,112,0,7,0,0,0,0,0,0,0,5,0,0,0,33,64,0,0,253,0,32,67,0,9,0,0,48,0,0,0,46,0,123,0,0,171,0,20,0,0,0,0,0,93,4,6,0,16,0,10,0,0,0,0,5,0,0,84,10,0,0,44,0,0,31,17,5,0,11,0,0,0,3,0,0,0,0,0,291,0,103,0,9,0,17,36,239,0,5,4,0,0,0,0,26,11,88,0,0,1132,0,53,0,0,3,76,0,0,0,0,0,45,16,0,0,0,0,0,0,0,0,0,0,34,7,0,0,23,0,0,0,101,0,0,0,0,38,0,0,0,0,0,4,34,3,0,0,0,63,0,0,32,137,4,0,0,0,0,0,0,0,0,0,0,0,0,0,13,6,0,0,1468,0
"E3-N_Soil",0,43,0,7,39,0,0,5,0,8,675,37,21,51,0,0,11,61,2,1,34,0,457,0,6,21,125,6,0,0,20,753,0,37,0,2,0,10,0,43,25,0,45,8,5,0,0,50,0,0,0,0,0,24,0,48,8,9,128,6,0,15,0,0,0,0,0,0,10,0,19,0,46,0,0,1,52,0,0,22,5,0,0,0,8,0,0,0,0,526,0,202,0,1703,15,11,18,30,0,0,0,0,0,0,0,0,0,0,0,0,0,0,0,38,0,0,0,8,0,0,1,0,0,0,0,0,2,0,228,5,566,0,0,243,0,14,4,7,0,0,0,0,0,0,0,7,162,19,30,0,0,0,3,0,0,99,0,0,0,294,0,0,0,0,2,0,0,3,33,0,0,0,0,34,0,25,0,0,82,23,0,9,0,49,11,6,3,33,0,10,154,0,0,0,32,0,0,5,22,37,0,0,0,4,0,0,0,20,0,0,0,0,0,0,0,0,0,98,0,166,0,0,0,127,0,0,0,228,6,0,0,0,0,0,0,26,539,0,4,45,0,0,0,20,58,22,0,29,56,0,84,0,5,0,122,32,13,0,3,0,0,0,0,0,6,25,0,0,16,5,40,43,0,0,0,12,0,7,0,0,8,0,0,0,4,4,0,0,2,6,0,18,0,114,0,0,4,9,9,0,0,0,4,0,0,37,0,0,0,97,0,1269,0,0,1,1,4,0,0,6,0,0,0,5,5,67,0,31,0,21,0,3,28,0,2,9,4,0,0,0,0,0,0,4,11,0,0,0,0,47,0,0,0,0,0,2,0,0,0,0,0,18,17,34,0,0,9,97,0,13,18,16,2,12,0,0,0,0,0,0,57,18,78,0,0,183,0,0,193,16,34,0,14,158,0,0,0,133,0,42,0,0,282,0,2,0,3,0,0,0,143,8,6,0,0,0,5,0,3,5,0,35,0,3,123,16,5,0,59,0,7,55,34,0,1,0,0,0,0,3,0,0,0,2,0,171,0,31,0,0,2,0,5,211,0,0,0,8,0,0,0,0,0,28,0,0,133,5,39,0,0,25,469,0,29,255,0,0,147,0,0,16,0,0,0,0,0,0,0,0,0,0,6,0,0,0,0,0,135,0,0,3,0,27,0,4,0,2,0,0,26,14,0,0,0,0,45,4,316,342,33,1,0,40,0,0,0,10,0,0,5,0,0,1,6,18,2,0,51,8
"E3-S_Soil",0,49,0,6,28,0,0,14,0,8,470,7,11,39,7,0,4,47,0,0,28,0,283,0,5,4,74,11,1,0,22,597,0,275,22,5,55,12,0,35,87,0,0,37,24,0,0,429,0,0,0,0,0,28,0,19,8,10,83,0,0,21,13,0,3,0,0,0,2,0,23,0,75,0,0,0,7,0,1,33,14,0,0,15,5,0,0,1,3,453,18,124,0,1486,10,16,26,39,0,0,0,0,0,0,0,0,0,0,0,0,0,0,0,18,0,0,2,2,0,0,0,1,0,0,0,2,9,0,216,0,272,0,1,188,0,9,84,0,0,0,25,0,0,0,0,0,154,3,17,0,0,0,0,0,8,198,0,0,0,117,0,0,0,0,1,0,3,4,90,0,0,0,0,117,0,36,0,0,166,0,3,22,0,52,7,4,0,24,5,14,83,6,0,0,22,1,0,12,11,31,17,0,31,1,0,0,0,10,0,0,0,0,0,0,1,72,0,64,0,363,0,0,0,105,0,0,0,134,2,4,0,0,0,2,0,26,402,8,19,49,0,0,5,0,33,39,0,29,49,0,222,0,2,5,91,36,12,0,9,1,15,9,0,0,18,4,0,0,10,1,77,70,0,0,0,15,0,2,0,64,13,0,0,0,13,0,0,0,13,11,1,0,0,76,0,1,0,20,10,0,0,0,2,4,0,22,0,0,0,184,0,1076,0,1,3,0,7,0,6,4,0,0,0,2,0,156,23,20,0,59,0,7,39,6,0,3,0,30,0,0,14,0,0,8,2,4,0,0,11,67,0,0,0,0,3,3,0,0,0,2,6,4,17,4,0,0,29,242,0,4,6,10,0,14,5,0,0,2,0,6,50,17,250,0,0,222,0,13,20,3,78,0,0,171,9,0,0,135,0,33,0,0,155,0,21,0,2,0,1,0,104,9,0,5,14,0,13,0,0,2,3,17,0,0,33,22,4,0,74,1,1,36,36,0,6,6,8,0,0,0,0,0,0,4,0,651,0,164,0,0,0,0,35,262,0,0,0,11,0,0,0,10,0,180,0,0,194,27,212,1,0,20,232,0,19,72,0,2,109,0,6,45,4,7,0,0,0,0,0,16,13,7,9,0,1,0,0,0,54,0,2,0,0,23,0,0,0,0,6,0,50,22,0,0,6,23,36,2,139,209,39,1,2,58,0,0,0,6,37,0,0,16,11,3,19,17,0,0,37,12
"E4-1_Root",0,50,0,0,27,7,0,21,0,0,160,25,0,25,14,0,36,0,0,0,0,0,1097,51,40,9,111,15,0,0,18,3552,0,0,0,0,2,0,0,269,1601,0,0,56,13,0,0,13,0,0,0,0,0,6,0,8,0,10,81,0,0,123,4,0,12,0,0,0,0,0,0,0,2,0,0,0,3,0,0,0,11,0,0,3,0,0,0,11,0,894,0,124,0,528,0,0,3,2,0,0,0,0,0,5,0,6,0,0,0,0,3,0,0,0,0,0,0,0,0,0,0,0,0,0,5,0,64,0,117,13,22,0,0,206,0,23,0,0,0,0,0,0,0,0,0,0,84,2,36,0,0,0,0,0,14,79,0,0,1,31,4,0,0,0,0,0,0,0,154,0,0,0,0,24,21,0,0,0,24,0,0,0,0,17,4,34,0,0,0,0,0,13,0,0,12,0,0,0,39,7,0,0,0,0,0,0,0,15,0,0,0,0,0,0,0,0,0,196,0,0,0,0,0,30,0,0,0,131,0,0,0,0,0,0,0,12,52,0,0,57,0,0,0,64,6,3,4,61,0,0,26,0,0,0,0,0,0,0,2,0,0,0,0,0,0,51,0,5,136,0,9,85,0,0,0,8,0,0,0,4,83,0,0,0,0,0,0,0,0,0,0,0,0,0,0,0,0,11,7,0,0,0,0,0,0,12,0,0,0,47,0,732,0,0,0,0,4,0,32,0,0,0,0,0,0,0,0,0,0,3,6,0,0,0,0,6,0,0,0,0,5,0,0,2,0,8,0,0,0,127,0,0,0,0,0,0,0,0,0,0,0,2,0,3,0,0,0,27,0,0,0,0,0,0,0,0,0,0,0,0,0,9,152,0,0,320,0,0,0,0,17,0,0,37,0,0,0,23,0,12,0,0,49,0,3,0,0,0,0,0,76,1,34,0,0,0,0,0,0,0,0,0,0,0,123,0,0,0,4,0,34,0,20,0,0,3,0,0,0,0,0,0,0,0,0,76,0,1,0,5,0,0,0,7,0,32,0,0,0,0,0,0,0,5,0,0,225,0,14,0,0,0,105,0,0,0,0,0,35,0,0,0,0,0,0,0,0,0,0,7,0,0,0,0,2267,0,0,0,99,0,0,0,0,164,0,0,0,0,0,0,15,22,0,3,0,0,0,0,49,268,40,0,0,0,0,0,0,2,0,0,0,0,0,0,0,2,6,0,355,0
"E4-2_Root",0,63,0,0,60,0,0,19,0,0,136,25,0,17,10,0,43,0,0,0,0,0,1146,24,37,4,147,18,0,0,9,3179,7,2,0,0,0,0,0,211,1408,0,0,55,7,0,0,18,0,0,0,0,0,5,0,3,0,7,63,0,0,86,0,0,25,0,0,0,2,0,0,0,13,0,0,0,4,0,0,7,20,0,0,0,0,0,0,5,0,1046,0,143,0,610,0,0,0,4,0,0,0,0,0,8,0,5,0,0,0,0,7,1,0,0,0,0,0,2,0,0,0,0,0,0,0,3,104,0,85,13,17,0,0,139,0,14,0,0,0,0,0,0,0,0,0,0,91,3,39,0,0,0,0,0,41,101,0,0,18,14,2,0,0,0,0,0,0,0,193,0,1,0,0,31,39,0,0,0,17,0,0,0,0,22,4,40,0,2,0,0,0,12,0,0,15,2,0,0,33,17,0,0,0,0,0,0,0,0,0,0,0,0,0,0,0,0,0,143,0,0,0,0,0,44,0,0,0,103,0,0,0,0,0,0,0,14,35,0,0,41,0,0,0,65,2,3,3,59,0,0,17,0,2,0,0,0,0,0,0,0,0,0,0,0,0,5,0,4,48,0,10,76,0,0,0,0,0,0,0,0,71,0,0,0,0,0,0,0,0,0,0,0,0,2,0,0,0,10,9,0,0,0,0,0,0,6,0,0,0,95,0,604,0,0,0,0,2,9,39,0,0,0,0,0,0,0,0,0,0,3,8,0,0,0,7,0,0,0,0,0,2,0,0,5,0,8,0,0,0,139,0,0,0,0,0,0,0,0,0,0,0,0,0,6,0,0,0,29,0,0,0,0,0,0,0,0,0,0,0,0,8,128,129,0,0,319,0,0,0,0,8,0,0,38,0,0,0,18,0,12,0,0,60,0,2,0,0,0,0,0,101,0,27,0,0,0,0,0,0,0,0,0,0,0,110,0,0,0,5,0,22,0,11,1,0,9,0,0,0,0,0,0,0,0,0,79,0,5,0,5,0,0,0,20,0,24,0,0,0,0,0,0,0,8,0,0,408,0,14,0,0,0,111,0,1,1,0,0,15,0,0,0,0,0,0,0,0,0,0,6,0,0,0,0,2070,3,0,0,103,0,0,2,0,136,0,0,0,0,0,0,12,30,0,0,0,0,0,0,68,321,39,0,0,0,0,0,0,10,0,0,0,0,0,0,5,8,5,0,345,0
"E4-N_Soil",0,36,124,9,0,39,51,14,0,0,319,2,25,8,0,0,304,44,2,0,8,0,182,22,0,24,70,0,0,0,32,1500,0,9,0,0,4,13,0,4,86,0,0,0,0,0,0,5,0,0,0,0,0,13,0,30,0,11,96,0,0,6,0,0,0,0,0,0,96,0,30,0,10,0,7,1,12,0,0,26,7,0,0,3,2,0,0,0,0,334,0,324,0,336,9,0,1,4,0,0,0,0,0,0,1,0,0,0,0,0,0,0,2,8,0,0,0,25,0,0,0,0,0,0,3,0,22,0,337,2,875,0,0,829,0,11,1,0,0,0,0,0,0,0,0,0,25,5,31,0,0,0,0,0,0,358,0,0,0,563,0,0,0,0,0,0,0,0,9,0,0,0,3,11,0,0,0,0,6,0,0,4,0,81,16,17,0,17,1,9,131,0,0,0,661,3,0,0,0,26,0,0,0,0,0,0,0,0,4,0,0,0,1,4,2,0,0,21,8,64,0,0,0,110,0,0,12,95,0,0,0,0,0,0,0,0,281,0,1,8,0,0,0,16,41,79,14,20,5,0,30,0,4,0,64,50,4,0,5,0,0,0,0,0,0,31,0,3,4,7,21,0,0,0,0,5,0,0,0,0,10,0,8,0,12,1,0,0,0,3,0,0,0,73,0,0,0,8,0,0,8,0,0,0,0,12,0,0,0,17,0,1599,0,0,0,0,0,0,0,0,0,0,5,0,10,2,0,1,0,2,0,0,3,0,0,25,0,0,0,2,12,0,0,4,0,0,0,0,0,52,0,0,0,0,0,1,0,0,0,0,0,7,32,21,0,0,8,75,1,0,7,6,0,4,0,0,0,0,0,0,108,0,54,0,0,39,0,0,24,0,310,0,0,96,0,0,0,27,0,37,5,0,188,0,7,0,0,0,0,0,120,1,15,0,0,0,0,0,0,0,4,12,2,4,48,21,0,0,14,0,8,0,7,0,0,4,0,0,0,0,0,0,0,0,0,141,0,2,0,1,0,0,2,80,0,0,0,9,0,0,0,0,0,3,0,0,18,0,123,0,7,10,420,0,15,88,0,2,151,0,3,3,0,0,0,0,0,0,0,5,0,0,0,0,14,0,0,0,22,0,0,3,0,24,0,0,0,0,0,0,4,3,0,0,0,0,16,0,280,79,766,0,0,26,0,0,0,39,0,0,0,0,0,0,0,9,0,0,21,6
"E4-S_Soil",0,52,11,0,4,5,0,16,0,0,108,4,10,4,3,0,228,13,0,0,1,0,325,1,10,28,109,0,0,0,37,1718,0,8,14,0,3,32,0,0,169,0,0,28,0,0,0,9,0,0,0,0,0,16,0,12,0,8,88,0,0,15,0,4,0,0,0,0,44,0,14,0,12,0,0,0,22,0,0,12,10,0,0,0,5,0,0,4,0,590,0,220,0,1310,5,0,0,7,0,0,0,0,0,0,0,0,0,0,0,0,0,0,0,20,0,0,0,5,0,0,0,0,0,0,6,0,11,0,337,1,343,0,0,1041,0,15,5,0,0,0,0,0,0,0,0,0,81,5,20,0,0,0,0,0,6,255,0,0,3,351,0,0,0,0,0,0,0,0,3,0,0,0,0,19,0,0,0,0,0,0,0,8,0,128,12,5,0,20,0,7,41,0,0,0,575,0,0,0,0,16,0,0,0,0,0,0,0,0,0,0,0,0,7,0,0,0,0,35,0,39,0,0,0,251,0,0,0,90,0,0,0,0,0,0,0,3,175,0,0,27,0,0,0,22,16,26,49,35,6,0,10,0,0,0,43,36,0,0,0,0,0,0,0,0,0,5,2,3,16,6,34,23,0,0,0,9,0,0,0,0,14,0,0,0,11,0,0,0,0,2,0,0,0,11,0,0,0,8,3,0,0,0,0,0,0,24,0,0,0,76,0,1842,0,0,0,0,0,6,0,0,0,0,2,0,4,6,0,0,0,5,3,0,0,0,3,18,0,0,0,0,0,0,0,11,0,0,0,0,0,93,0,0,10,0,0,0,0,0,0,0,0,6,31,10,0,0,0,100,0,0,5,6,0,0,0,0,0,0,0,0,68,0,43,0,0,117,0,0,0,0,122,0,11,128,0,0,0,36,0,30,0,0,482,0,60,0,12,0,0,0,131,6,22,1,0,0,0,0,0,0,0,0,0,1,43,9,0,0,7,0,9,2,2,0,0,8,0,0,0,0,0,0,0,0,0,155,0,0,0,0,0,0,0,50,0,0,0,0,0,0,0,0,0,0,0,0,47,0,164,0,0,7,581,0,6,38,0,0,80,0,6,4,0,0,0,0,0,0,0,0,0,0,0,0,187,0,0,0,67,0,0,0,0,26,0,0,0,0,0,0,14,20,0,0,0,0,5,0,200,343,106,0,0,12,0,0,0,9,0,0,0,0,0,0,11,4,0,0,0,5
"E5-1_Root",0,56,0,4,241,0,0,4,0,0,547,0,0,17,18,0,29,0,0,0,0,0,844,0,43,6,129,75,0,0,26,1571,0,9,0,0,0,38,0,233,605,0,0,4,15,0,0,203,0,0,0,9,178,20,0,23,15,4,16,0,10,86,23,0,23,5,0,0,2,0,4,0,22,0,0,0,0,0,0,9,0,0,0,0,45,0,0,0,0,898,0,141,135,1314,0,0,8,29,0,0,0,0,0,0,3,0,0,0,0,0,0,0,0,10,0,0,0,0,0,0,0,0,0,0,0,0,13,0,153,834,7,0,0,94,0,12,6,0,0,0,0,4,6,0,0,0,137,0,32,0,0,0,0,0,36,181,0,0,4,40,17,0,35,0,0,0,0,0,22,0,0,0,0,69,3,8,0,0,58,49,0,12,0,33,17,0,0,39,0,17,23,2,17,0,11,0,0,0,4,6,0,0,0,3,0,0,0,0,0,14,0,3,0,3,0,0,0,79,0,53,0,0,0,187,0,0,0,106,0,0,0,0,0,0,0,35,145,0,0,106,0,0,0,11,10,22,0,113,0,0,170,0,0,0,8,12,3,0,0,0,0,25,0,0,27,0,0,0,52,19,39,39,0,0,0,19,0,0,0,0,13,0,0,0,0,0,0,0,0,16,0,0,0,12,0,8,0,41,92,7,20,0,14,0,0,42,245,0,0,373,0,428,0,0,0,2,0,0,7,0,0,0,0,0,10,26,0,0,0,100,0,2,0,0,0,14,4,0,0,0,9,0,0,8,0,0,0,0,0,58,0,0,44,0,0,0,0,0,0,0,0,0,29,0,0,0,0,57,0,7,0,3,0,0,0,0,0,0,0,0,43,10,85,0,12,341,0,0,0,0,3,0,34,72,21,0,0,33,0,18,4,0,193,0,0,0,0,0,0,0,130,16,7,0,0,0,0,0,0,0,0,0,0,0,67,0,0,0,13,0,10,0,22,0,0,0,0,0,0,0,0,0,0,0,0,34,0,28,3,9,0,0,0,158,0,0,0,0,0,0,0,0,0,12,0,0,634,0,306,0,0,4,122,0,0,0,0,0,42,0,0,8,0,3,0,0,0,10,0,16,151,0,0,0,38,0,0,0,83,0,0,2,0,50,0,0,0,0,0,0,31,14,0,0,0,0,17,0,181,538,55,0,0,26,0,0,24,6,0,0,0,0,0,0,0,6,0,0,671,6
"E5-2_Root",0,64,0,0,243,0,0,0,0,0,456,0,5,20,17,0,28,0,0,0,0,0,843,2,66,22,145,62,0,0,21,1317,0,8,0,0,0,22,0,261,535,0,0,6,26,0,0,175,0,0,0,7,169,15,0,22,14,0,32,0,17,111,16,0,30,5,0,0,0,0,0,0,23,0,0,0,8,0,0,5,3,0,0,0,39,0,0,0,0,888,0,124,195,1472,0,0,4,21,0,0,0,0,0,0,7,0,0,0,0,0,8,0,0,5,0,0,0,0,0,0,0,0,0,0,5,0,0,0,165,984,13,0,0,83,0,14,7,0,0,0,0,0,0,0,0,0,122,2,31,0,0,0,0,0,26,172,0,0,0,17,14,0,43,0,0,0,0,0,27,0,0,0,0,55,4,4,0,0,52,53,0,7,0,27,17,0,0,30,0,12,38,6,20,0,0,0,0,0,10,5,0,0,0,0,0,0,0,10,0,27,0,7,0,6,0,0,0,86,0,45,0,0,0,220,0,0,0,131,0,0,0,0,0,0,0,36,134,0,0,102,0,0,0,12,8,15,3,98,0,0,134,0,0,0,0,12,7,0,2,0,0,45,0,0,55,0,0,0,69,19,84,41,0,0,0,17,0,0,0,0,18,0,0,0,18,0,0,0,0,24,0,0,0,14,0,0,4,53,67,0,16,0,18,0,0,46,137,0,0,453,0,389,0,0,0,0,2,0,19,0,0,0,0,0,9,35,0,3,0,121,0,0,0,0,7,7,0,0,0,0,10,0,0,3,0,7,0,0,0,75,0,0,50,0,0,1,0,0,0,0,0,0,27,1,0,0,0,51,0,8,3,0,0,4,0,0,0,0,0,0,20,25,60,0,3,352,0,0,0,0,17,0,31,55,35,0,0,39,0,13,4,0,386,0,0,0,0,0,0,0,173,2,14,0,0,0,0,0,0,0,0,5,0,0,100,0,0,0,8,0,11,4,35,0,0,0,0,0,0,0,0,0,0,0,0,25,0,30,4,11,0,0,0,174,0,0,0,0,0,0,0,0,0,21,0,0,504,0,260,0,0,0,147,0,0,0,0,0,33,0,0,5,0,5,0,0,0,10,0,0,201,0,0,0,39,0,0,0,63,0,0,0,0,18,0,0,0,6,0,0,31,4,0,0,0,0,8,0,167,561,50,0,0,27,0,0,50,8,0,0,0,0,0,0,1,0,0,0,768,9
"E5-N_Soil",0,129,0,20,6,0,0,14,0,5,524,0,9,35,4,0,41,36,0,0,10,0,582,4,8,8,125,13,0,3,22,1367,0,49,0,0,0,43,0,10,33,0,0,0,6,0,0,11,0,0,0,0,0,20,0,25,13,9,97,0,0,40,10,0,0,0,0,0,16,0,31,0,43,0,0,0,4,0,0,16,36,0,0,0,0,0,0,0,0,744,0,289,12,1332,0,0,9,35,0,0,0,0,0,0,0,0,0,0,0,0,0,0,0,25,0,0,0,0,3,0,0,0,0,0,0,0,5,0,324,41,135,0,0,296,0,5,9,0,0,0,0,7,0,0,0,0,376,2,55,0,0,0,0,0,0,200,0,0,0,98,0,0,0,0,0,0,0,1,5,0,0,0,0,20,0,22,0,0,31,0,0,8,0,107,10,15,0,52,2,12,95,0,18,0,131,11,0,0,19,55,0,0,0,7,0,0,0,13,0,0,0,0,0,4,0,0,0,46,0,108,0,0,0,415,0,0,0,198,3,0,0,0,0,0,0,12,519,0,2,29,0,0,2,45,15,38,3,117,12,0,78,0,4,0,30,34,14,0,3,0,0,0,0,0,0,0,0,0,7,3,28,15,0,0,0,10,0,0,0,0,7,9,0,0,18,5,0,0,0,0,0,18,0,52,0,3,3,10,21,4,6,0,0,0,0,58,0,0,0,402,0,1293,0,0,0,0,14,0,0,0,0,0,0,0,0,116,0,2,4,39,0,0,0,0,11,25,0,0,0,0,10,0,0,5,1,0,0,0,0,113,0,0,0,0,0,0,3,0,0,0,0,4,60,9,0,0,0,189,0,1,12,13,0,10,0,0,0,0,0,0,62,91,65,0,0,338,0,0,1,0,85,0,29,103,0,0,0,57,0,31,6,0,375,0,15,0,0,0,0,0,191,10,8,0,0,0,0,0,0,2,0,12,0,0,184,13,15,0,37,0,7,4,3,0,0,6,0,0,0,6,0,0,0,0,0,83,0,16,0,4,0,0,6,334,0,1,0,9,2,0,0,0,0,12,0,0,38,0,104,0,0,2,314,0,10,54,0,0,60,0,0,12,0,0,0,0,0,2,0,8,4,4,1,0,2,0,0,0,62,2,0,1,0,38,0,23,0,0,0,0,58,10,0,0,0,0,13,0,385,393,83,0,0,33,0,0,0,8,0,0,0,0,0,0,3,3,0,0,74,5
"E5-S_Soil",0,48,20,24,0,0,0,8,0,1,334,0,27,19,0,0,31,45,3,0,6,0,360,0,5,16,152,1,0,0,17,2034,0,11,2,0,5,32,0,22,74,0,0,12,0,0,0,0,0,0,0,0,0,0,0,40,7,10,102,10,6,13,0,0,0,0,0,0,18,0,20,0,50,0,0,0,14,0,0,31,5,0,0,11,14,0,0,0,0,700,0,196,0,836,0,0,5,12,0,0,0,0,0,0,0,0,0,0,0,0,0,0,0,40,0,0,0,9,0,0,0,0,0,2,7,0,0,0,501,10,592,0,0,710,0,7,4,0,0,0,0,0,0,0,0,0,98,0,33,0,0,0,0,0,0,112,0,0,2,141,19,0,0,0,0,0,0,3,0,0,0,0,0,21,0,14,0,4,37,0,0,11,0,32,18,14,0,25,0,15,110,0,4,0,132,0,3,0,18,24,0,0,0,7,0,0,0,18,0,0,0,0,0,0,0,0,0,41,0,116,0,0,0,181,0,0,0,216,0,0,0,0,0,0,0,41,375,0,0,34,0,0,0,3,26,31,0,104,21,0,60,0,5,0,192,40,8,0,4,0,0,0,0,0,1,105,3,0,5,4,51,0,0,0,0,4,0,0,0,0,3,0,0,0,17,3,5,0,0,0,0,0,2,95,0,0,0,9,11,0,0,0,0,0,0,38,22,0,0,57,0,1194,0,0,0,0,1,0,0,0,0,0,0,0,0,47,0,13,3,0,0,0,33,0,0,6,0,0,0,0,11,0,0,9,2,0,0,0,2,54,0,0,0,0,0,0,0,0,0,0,0,26,27,8,0,0,0,101,0,5,10,18,0,7,0,0,0,0,0,0,87,0,73,0,0,118,0,0,2,2,112,0,13,115,0,0,0,47,0,48,0,0,314,0,6,0,0,0,0,0,183,5,0,0,0,0,0,0,3,2,0,6,0,2,85,25,0,0,17,0,6,0,17,0,0,5,0,0,0,0,0,0,0,0,0,70,0,8,0,0,0,0,4,52,0,0,0,4,0,0,0,0,0,16,0,0,538,0,164,3,0,26,376,0,7,289,2,2,154,0,0,7,0,0,0,0,0,0,0,0,0,0,0,0,5,0,0,0,75,0,0,1,0,52,4,0,0,0,0,0,11,12,0,0,0,0,18,0,251,197,87,0,0,43,0,0,0,7,0,0,6,0,0,0,2,2,0,0,44,13
"E6-1_Root",0,21,0,0,342,0,0,4,0,0,534,0,0,7,0,0,8,0,0,0,0,0,546,10,18,85,139,6,0,0,14,4088,0,19,0,0,5,238,46,892,1075,0,4,5,1,0,0,88,9,2,0,0,354,18,0,4,2,0,25,0,0,159,0,0,10,6,8,0,0,0,0,0,0,0,0,0,0,0,0,13,3,27,0,13,60,0,0,0,0,470,0,207,69,765,31,0,5,1,0,0,0,0,14,5,0,0,0,0,0,0,10,0,0,9,0,0,0,4,0,0,0,0,0,0,0,3,0,0,46,0,27,0,0,48,0,11,0,0,0,0,0,0,0,0,0,0,19,0,12,0,0,0,0,0,0,325,0,0,0,54,103,0,0,0,0,0,0,0,89,0,9,0,0,22,0,0,0,0,0,4,2,0,0,65,5,6,0,0,0,0,0,11,124,0,30,0,18,0,16,20,0,3,0,0,0,0,0,22,0,0,21,0,5,0,0,0,0,65,0,0,10,0,0,100,0,0,0,121,0,0,4,0,0,0,1,0,50,0,0,26,0,0,11,23,23,0,6,11,0,0,196,0,0,0,0,0,0,11,0,0,0,217,0,7,0,14,0,0,106,49,48,12,0,0,0,0,0,0,0,0,8,0,0,9,0,0,0,0,0,6,0,0,0,4,0,25,38,11,908,0,9,9,43,0,33,33,91,0,0,74,0,1075,0,0,0,29,0,0,36,0,0,0,0,0,19,144,0,0,0,17,0,0,0,0,0,4,0,0,0,0,0,0,0,0,0,0,0,0,0,41,0,0,0,0,10,0,0,0,24,0,151,3,8,0,0,0,6,43,0,0,0,0,0,0,0,0,0,0,0,0,13,0,677,0,72,133,0,0,0,0,8,66,14,13,64,0,0,12,7,19,5,0,27,33,21,0,0,0,0,0,45,0,7,0,0,0,0,0,0,0,0,0,7,0,13,0,0,0,0,0,0,0,30,0,0,0,5,0,0,0,0,0,0,2,0,36,0,14,0,31,0,7,0,459,0,0,30,0,0,0,0,0,0,0,0,0,356,0,47,0,0,0,26,0,0,0,0,0,12,0,11,0,0,0,0,0,0,11,0,0,100,0,0,0,1508,0,0,0,89,0,0,0,0,43,0,0,0,0,0,3,288,2,0,1,0,0,0,0,26,124,68,0,0,3,0,21,0,0,0,0,0,0,3,0,0,0,0,0,54,0
"E6-2_Root",0,11,0,0,410,0,0,2,0,0,434,2,1,25,0,0,10,0,1,0,0,2,669,0,21,136,118,10,0,0,18,2695,0,24,0,0,4,118,174,791,983,0,3,3,3,0,0,138,7,0,0,0,315,27,0,9,4,0,59,0,0,284,0,0,7,9,6,0,7,0,0,0,0,0,0,0,0,0,0,11,4,15,0,28,49,0,0,0,0,686,0,263,40,945,49,0,1,0,0,0,0,0,6,5,0,0,0,0,0,0,3,0,0,0,0,0,0,3,0,0,0,0,0,0,2,6,14,0,69,0,36,0,0,128,0,19,0,0,0,0,0,0,0,0,0,2,14,0,46,0,0,0,0,0,2,216,0,0,0,43,52,0,0,0,0,0,0,0,107,0,3,0,0,28,1,0,0,2,1,22,0,0,0,29,9,11,0,4,0,8,6,12,133,0,80,0,16,0,22,14,0,5,0,1,0,0,0,19,0,0,13,0,8,0,0,0,0,93,0,6,8,0,0,147,0,5,0,98,0,0,10,0,0,0,7,2,83,0,0,77,0,0,16,36,26,4,12,9,0,0,133,0,0,0,4,0,0,4,0,0,9,246,0,0,0,26,0,0,48,75,40,22,0,0,0,5,0,0,0,0,7,0,0,15,0,0,0,0,0,10,0,0,0,0,0,23,68,19,812,9,6,4,32,0,29,4,63,0,1,167,0,996,0,0,0,20,0,1,39,0,0,0,0,0,27,59,0,0,0,12,8,0,0,0,0,7,0,0,0,0,0,0,0,15,0,3,0,0,0,56,0,0,0,5,12,0,0,0,15,0,31,0,7,0,0,0,14,67,2,0,0,0,0,0,13,0,0,0,0,0,64,0,406,0,87,198,0,0,0,0,5,0,8,16,63,0,10,16,4,21,6,0,52,31,25,0,0,0,0,0,74,0,12,0,0,0,0,0,0,0,0,0,12,0,21,0,0,0,3,0,2,0,12,0,0,0,8,0,0,0,0,0,0,1,0,43,0,15,0,24,0,0,0,380,0,0,34,0,0,0,0,0,0,6,0,0,337,0,37,0,0,0,37,0,0,0,0,0,28,0,10,0,0,0,0,0,0,24,5,3,96,0,0,4,1248,0,0,0,167,0,0,0,0,55,0,0,0,3,0,0,246,1,0,0,0,0,0,0,67,188,154,0,0,0,0,9,0,0,0,0,0,0,21,0,0,3,0,0,133,0
"E6-N_Soil",0,55,8,7,17,0,0,27,0,0,422,0,15,6,0,0,41,26,0,0,2,0,264,11,7,71,176,1,0,0,63,1947,0,51,10,4,3,63,0,11,107,0,0,5,0,0,0,3,0,0,0,0,0,1,0,28,3,0,125,0,0,5,0,0,4,0,0,0,25,0,20,0,18,0,0,2,19,0,0,9,2,0,0,0,96,0,0,0,0,432,0,329,0,1331,6,0,2,19,0,0,0,0,0,0,0,0,0,0,0,0,0,0,0,39,0,0,0,0,0,0,0,0,0,0,0,0,9,0,236,5,215,0,0,397,1,166,5,0,0,0,7,0,0,0,0,0,57,0,21,0,0,0,0,0,9,351,0,0,0,377,0,0,0,0,0,0,0,0,3,0,0,0,0,32,0,32,0,13,7,0,0,18,0,107,5,14,0,22,0,19,69,0,7,0,359,0,0,4,1,19,0,5,0,0,0,0,0,0,0,0,0,0,0,0,0,0,0,55,0,69,3,0,0,221,0,0,4,65,0,0,0,0,0,0,0,8,244,0,5,13,0,0,4,16,35,28,21,35,0,0,60,0,0,0,93,42,7,0,4,0,0,0,0,0,6,83,0,0,34,8,23,36,0,0,0,6,0,0,0,0,6,0,4,0,20,0,0,0,0,0,0,0,0,28,0,0,21,6,7,0,0,0,0,0,0,21,81,0,0,61,0,2271,0,0,0,0,3,4,0,0,0,0,0,0,10,13,0,3,0,0,0,0,0,0,0,19,0,0,0,0,0,0,0,8,0,0,0,0,4,47,0,0,11,0,0,0,0,0,0,0,0,3,14,13,0,0,0,166,0,0,19,5,0,0,0,0,0,0,0,0,82,2,107,0,0,76,0,0,14,0,107,0,5,136,0,0,0,52,1,51,0,0,547,0,35,0,0,0,1,0,236,4,10,0,0,0,0,0,0,0,0,9,0,0,25,10,0,0,14,0,0,0,7,0,0,0,0,0,0,2,0,0,0,0,0,138,0,19,0,0,0,0,3,98,0,0,0,11,0,0,0,0,0,4,0,0,97,0,161,0,4,3,429,0,6,19,0,0,41,0,0,9,0,0,0,0,0,0,0,16,2,0,0,3,3,0,0,0,88,0,0,0,0,35,0,0,0,0,0,4,9,6,0,0,0,0,10,0,239,128,113,0,1,22,0,0,0,6,3,0,2,0,0,0,2,2,0,0,12,6
"E6-S_Soil",0,39,19,1,6,31,51,15,0,0,94,0,14,13,0,0,633,23,0,0,0,0,325,22,13,158,123,2,0,0,7,1071,0,45,0,0,1,17,3,0,201,0,0,23,2,0,0,1,0,0,0,0,4,9,23,87,0,2,131,0,0,12,0,5,0,0,0,2,136,0,44,0,4,0,0,0,8,0,0,19,0,0,0,0,8,0,0,0,0,287,0,242,0,606,82,0,0,9,0,0,0,0,0,0,0,0,0,0,0,0,1,3,0,12,0,0,0,0,0,0,0,0,0,0,5,2,0,0,253,0,1236,0,0,562,0,27,0,0,0,0,0,0,0,0,2,0,55,23,30,0,0,0,0,0,0,353,3,0,0,512,0,0,0,0,0,0,0,0,27,0,0,0,2,4,0,0,0,0,0,0,0,1,0,152,0,30,0,23,0,30,45,1,6,0,1216,0,0,0,3,39,0,0,0,0,0,0,0,10,0,0,0,0,6,0,16,0,0,46,0,143,7,6,0,116,4,0,0,85,0,0,0,0,0,0,0,5,277,0,0,39,0,0,0,36,32,44,77,19,12,0,21,0,0,0,296,25,0,0,6,0,3,0,0,0,2,91,3,0,32,5,13,1,0,0,0,0,0,0,0,0,7,3,1,0,5,7,3,0,0,0,0,0,0,28,0,0,259,4,10,0,0,0,0,0,0,37,7,0,0,64,0,885,0,0,0,0,0,0,0,0,3,0,9,1,2,3,0,0,0,4,3,0,3,0,3,19,0,0,0,0,0,0,4,0,0,0,0,0,16,73,0,0,26,2,6,2,0,0,0,0,0,13,0,30,0,0,11,80,0,0,12,11,0,5,0,0,0,0,0,0,29,8,76,0,0,56,0,0,77,4,102,0,0,46,0,0,0,20,1,18,4,0,191,0,26,0,0,4,0,0,57,3,12,0,0,0,0,0,0,0,0,8,0,0,159,9,0,0,2,0,5,0,17,0,0,0,0,0,0,0,0,0,0,0,0,184,0,8,0,1,0,0,0,132,0,0,0,0,0,0,0,0,0,2,0,0,30,0,94,0,4,9,417,0,2,62,0,0,260,0,0,10,0,0,0,0,0,0,0,0,0,0,0,0,9,0,0,0,70,0,0,0,0,36,0,0,0,0,0,0,34,2,0,0,0,0,2,0,288,112,409,0,2,44,0,0,0,13,0,0,14,0,0,2,0,3,2,0,47,3
"E7-1_Root",0,12,0,0,30,0,0,5,0,0,276,0,0,20,9,0,114,0,0,0,0,0,1104,27,29,18,269,16,37,0,18,2126,16,11,59,0,33,9,0,191,497,0,0,31,36,0,0,134,0,0,1,0,0,211,0,7,0,8,79,0,0,70,0,0,30,0,0,0,0,0,0,0,4,0,0,0,0,0,0,1,2,0,0,0,0,0,0,0,0,747,0,229,0,2810,0,0,0,19,0,0,0,0,0,0,0,0,0,0,0,0,2,0,0,8,0,0,0,0,0,0,0,0,0,0,0,3,8,0,117,49,12,0,0,514,0,11,0,0,0,0,0,0,0,0,0,0,109,1,51,0,1,0,0,0,21,111,0,0,0,10,0,0,0,0,0,0,0,0,51,0,0,0,0,26,2,8,0,0,12,17,0,37,0,35,3,9,0,4,0,0,6,20,0,0,49,0,0,0,0,9,0,0,0,0,0,0,6,10,0,14,0,0,0,0,0,0,0,92,0,6,0,0,0,136,0,7,0,121,0,0,0,0,0,0,0,2,70,0,0,116,0,0,0,25,5,2,2,41,0,0,18,0,4,0,3,0,6,0,3,0,0,0,0,0,7,123,0,26,280,0,18,37,0,0,2,0,0,0,0,121,10,0,0,0,0,0,0,0,0,7,0,0,0,0,0,0,11,44,5,0,10,0,0,0,0,3,0,1,0,149,0,493,0,0,0,0,0,7,7,0,0,0,0,0,23,59,0,0,0,138,0,0,0,0,0,27,0,3,0,0,6,0,0,3,0,19,0,0,0,144,0,0,0,4,0,0,0,0,0,0,0,0,0,0,0,0,0,53,0,0,0,0,0,0,0,0,0,0,0,0,43,23,78,0,0,544,0,0,0,0,9,0,0,77,0,0,0,47,0,7,7,0,53,0,0,0,0,0,0,0,299,12,22,0,0,0,0,0,0,0,0,0,0,0,12,0,0,0,8,0,21,0,20,0,0,8,0,0,0,0,8,0,0,0,0,70,0,0,0,0,0,0,0,81,0,0,0,0,0,0,0,0,0,15,0,0,159,0,9,0,0,0,86,0,0,0,0,1,11,10,13,0,0,0,0,0,0,0,0,61,12,0,0,0,565,0,5,0,112,0,0,1,0,38,0,0,0,0,0,0,3,2,0,0,0,0,0,0,61,599,40,0,0,0,0,0,0,8,0,0,3,0,0,0,8,3,2,0,377,3
"E7-2_Root",0,23,0,0,34,0,0,0,0,0,243,0,4,23,9,0,92,0,0,0,0,0,1149,3,19,12,313,29,14,0,29,1968,11,25,62,0,33,0,0,95,393,0,0,17,11,0,0,192,0,0,3,0,0,90,0,3,0,0,60,0,0,47,0,0,16,0,0,0,3,0,0,0,5,0,0,0,0,0,0,0,0,0,0,0,0,0,0,5,0,760,0,250,0,3603,0,0,0,7,0,0,0,0,0,0,0,0,0,0,0,0,0,0,0,19,0,0,0,0,0,0,0,0,0,1,0,4,0,0,99,41,13,0,0,480,0,10,0,0,0,0,0,0,0,0,0,0,111,1,34,0,0,0,0,2,173,131,0,0,0,0,0,0,0,0,0,0,0,0,44,0,0,0,0,24,1,0,0,0,12,15,0,27,0,20,5,9,0,6,0,0,7,8,5,0,55,0,0,0,0,13,0,0,0,0,0,0,10,0,0,31,0,0,0,0,0,0,0,92,0,8,0,0,0,185,0,9,0,127,0,0,0,0,0,0,0,7,60,0,0,130,0,0,0,21,1,0,3,34,0,0,34,0,0,0,8,0,2,0,0,0,5,0,0,0,5,77,0,34,338,0,32,52,0,0,0,8,0,0,0,74,0,0,0,0,0,0,0,0,0,3,0,0,0,2,0,0,11,43,5,6,5,0,0,0,0,0,0,0,0,161,0,701,0,0,0,0,0,3,5,0,0,0,0,0,27,71,0,0,0,156,0,0,0,0,0,25,0,0,0,0,0,0,0,5,0,20,0,0,0,104,0,0,0,0,0,0,0,0,0,0,0,0,0,0,0,0,0,56,0,0,0,0,0,0,0,0,0,0,0,0,31,53,70,0,0,537,0,0,0,0,6,0,0,33,0,0,0,27,0,7,5,0,59,0,2,0,0,0,0,0,261,6,22,0,0,0,0,0,0,0,0,0,0,0,11,0,0,0,4,0,9,0,9,0,0,0,0,0,0,0,7,1,0,0,0,98,0,0,0,0,0,2,17,78,0,1,0,0,0,0,0,0,0,20,0,0,340,0,4,0,0,0,86,0,0,0,0,0,15,3,9,0,0,1,0,5,0,0,0,80,10,0,0,0,478,0,5,0,101,0,0,0,0,35,0,0,0,0,0,0,8,2,0,0,0,0,0,0,61,505,36,0,0,0,0,0,0,10,0,0,3,0,0,0,4,6,7,0,335,5
"E7-N_Soil",0,44,29,14,7,0,0,20,0,3,148,0,6,3,0,0,141,40,1,0,0,0,233,2,2,58,170,7,0,0,34,2189,0,31,8,0,10,26,0,53,41,0,0,18,1,0,0,0,0,0,0,0,0,20,0,20,0,4,179,0,0,5,6,0,3,0,0,0,19,0,4,0,9,0,0,1,22,0,0,5,3,0,0,0,20,0,0,0,0,378,0,257,0,819,6,0,0,7,0,0,0,0,0,0,0,0,0,0,0,0,0,0,0,18,0,0,0,3,0,0,0,0,0,0,0,2,5,0,319,20,234,0,0,1532,0,4,1,0,0,0,0,0,0,0,0,0,46,1,33,0,0,7,0,0,0,282,0,0,0,210,0,4,0,0,1,0,0,0,8,0,0,0,0,17,0,0,0,0,0,0,0,6,0,169,6,21,0,23,1,17,50,0,2,0,579,0,0,0,1,14,0,0,0,0,0,0,0,0,0,0,0,0,0,0,0,0,0,51,0,69,0,0,0,215,0,0,0,61,0,0,0,0,0,0,0,0,123,0,1,7,4,4,0,23,18,63,26,12,4,0,19,0,0,0,45,20,8,0,2,0,0,0,0,0,3,8,6,16,22,4,24,6,0,0,1,0,0,0,0,11,7,3,0,0,9,1,0,0,0,0,0,0,0,8,0,0,11,6,14,0,0,0,0,0,0,17,4,0,0,45,0,3179,0,0,0,0,0,0,0,1,0,0,2,0,0,56,0,2,0,4,0,0,0,0,8,30,0,0,0,0,0,0,0,3,0,0,0,0,6,60,0,0,5,0,0,0,0,0,0,0,0,0,6,10,0,0,5,76,0,0,1,0,0,8,0,0,0,0,0,0,57,2,51,0,0,67,0,0,0,0,110,0,20,121,0,0,0,9,0,22,0,0,204,0,6,0,0,18,1,0,163,8,10,0,0,0,0,0,0,0,1,6,0,0,13,8,0,0,6,0,8,0,18,0,0,0,0,0,0,4,0,0,0,0,0,266,0,7,0,0,0,0,0,68,0,0,0,4,0,0,0,0,0,6,0,0,36,0,11,0,2,1,455,0,5,29,2,0,64,5,0,10,0,0,0,0,0,0,0,0,0,0,0,0,2,0,0,0,40,0,3,0,0,33,0,0,0,0,0,0,0,8,0,0,0,0,10,0,355,206,62,0,0,19,0,0,0,8,0,1,0,0,0,0,6,0,2,0,97,5
"E7-S_Soil",0,59,4,8,11,0,0,4,0,0,483,10,22,20,0,0,230,23,9,0,5,0,289,8,0,36,149,16,0,0,165,1227,0,22,0,0,1,32,5,32,68,0,5,10,0,0,0,0,0,0,0,0,0,2,0,81,6,2,138,0,0,6,0,0,0,0,0,2,34,0,31,0,15,0,0,0,23,0,0,31,13,0,0,0,24,0,0,2,0,484,0,353,0,636,16,0,3,9,0,0,0,0,0,0,0,0,0,0,0,0,0,0,0,40,0,0,0,5,0,0,0,0,0,0,0,4,10,2,298,8,193,0,0,483,1,2,13,0,0,2,0,0,0,0,0,0,40,4,29,0,0,0,3,0,0,313,0,0,0,275,0,0,0,0,0,0,0,0,4,2,0,0,0,20,0,0,0,4,19,1,0,0,0,166,4,14,0,13,0,12,83,0,15,0,584,1,0,2,4,32,0,5,10,0,0,0,0,0,0,0,0,0,1,0,0,0,0,61,0,141,2,0,0,157,0,0,0,96,0,0,0,0,0,2,0,7,305,0,4,11,0,0,4,13,23,46,16,19,9,0,21,0,0,1,341,33,13,0,2,0,0,0,0,0,14,13,5,0,68,16,46,35,0,0,0,3,0,0,0,11,8,0,2,0,5,0,2,0,0,0,0,0,0,96,0,0,20,15,28,0,0,0,0,0,0,18,19,0,0,57,0,2554,0,1,0,0,0,0,10,0,0,0,3,0,12,48,0,8,0,26,0,2,2,1,1,18,0,0,0,0,1,0,0,10,0,0,0,0,4,49,0,0,4,6,0,0,0,0,0,0,0,3,38,19,0,0,2,131,2,0,8,9,0,12,0,0,0,0,0,0,247,0,160,0,0,56,0,0,0,2,96,0,27,70,0,0,0,32,0,41,8,0,525,0,8,0,0,16,0,0,129,2,19,0,0,0,0,0,0,2,5,13,0,0,27,13,0,0,16,0,1,0,26,1,0,0,0,0,0,2,0,0,0,1,0,168,0,5,0,0,0,0,5,79,0,0,0,4,1,0,0,0,0,9,0,0,238,0,119,0,1,5,220,0,9,53,9,3,121,0,1,31,0,0,0,0,0,0,0,0,0,0,0,0,0,0,0,3,32,0,0,1,4,25,0,0,0,0,0,0,0,17,0,0,0,0,43,4,311,127,185,0,0,58,0,0,0,8,7,0,2,0,0,0,0,12,0,0,16,22
"E8-1_Root",0,44,0,2,81,0,0,2,0,0,465,0,0,8,26,0,2,0,0,0,0,0,1087,24,26,17,262,40,0,0,61,2948,0,0,4,0,0,15,3,484,278,0,0,9,6,0,0,158,0,0,0,0,20,0,0,11,0,2,174,0,0,88,5,4,40,0,0,0,11,0,8,0,13,0,2,2,4,0,0,5,8,0,0,0,6,0,0,3,0,1574,0,264,13,1628,29,0,10,10,0,0,7,2,0,1,0,0,0,0,0,0,0,0,0,24,0,0,0,0,0,0,0,2,0,0,4,3,0,0,105,0,3,0,0,128,0,13,4,0,0,0,41,0,0,0,0,0,115,0,38,5,0,0,0,0,11,318,0,0,0,62,8,0,0,0,0,0,0,0,44,0,0,0,0,31,0,7,0,0,14,71,0,0,0,54,12,11,0,18,0,0,8,5,0,0,8,0,0,0,21,2,0,0,0,0,0,0,0,20,0,0,0,0,2,0,0,0,0,111,0,9,0,0,0,115,0,0,0,175,0,0,0,0,2,0,0,16,106,0,0,94,0,0,0,56,6,0,0,72,0,0,189,0,5,0,0,4,1,0,0,0,0,7,0,0,0,2,0,0,14,0,62,52,0,0,0,8,0,0,0,28,8,0,0,2,3,0,0,0,0,3,0,0,0,1,0,0,7,11,63,0,0,0,92,0,0,56,24,0,0,132,0,1136,0,0,0,2,0,0,17,0,0,0,0,0,2,20,0,0,0,12,4,0,0,0,0,15,0,4,0,0,0,0,0,0,0,3,0,0,0,110,6,0,8,0,8,0,0,0,0,0,0,0,12,0,0,0,0,85,0,0,0,0,0,0,0,0,0,0,0,0,35,36,151,0,0,305,0,0,0,0,24,0,0,46,19,0,0,39,4,19,1,0,192,0,16,0,0,0,0,0,437,2,34,0,0,0,0,0,0,0,0,0,0,0,125,0,0,0,0,0,6,0,13,0,0,6,0,0,0,4,0,0,0,0,2,92,0,9,5,15,0,0,1,90,0,1,0,0,0,0,0,0,0,4,0,0,92,0,64,0,0,1,211,0,0,3,0,0,22,0,4,0,0,0,2,0,0,6,0,8,25,2,0,0,15,0,0,0,169,0,0,0,3,33,0,0,0,4,0,6,19,9,0,0,0,0,0,0,150,402,100,0,0,9,0,0,0,3,0,0,6,0,0,0,0,0,9,0,63,2
"E8-2_Root",0,64,0,4,92,1,0,5,0,0,628,0,5,11,26,0,0,0,0,0,0,0,1224,13,35,24,286,33,0,0,76,2776,0,0,4,0,0,36,4,488,310,0,0,10,17,0,0,120,0,0,0,0,39,0,0,13,0,3,155,0,0,73,6,0,27,0,0,0,13,0,7,0,13,0,6,6,0,0,0,2,3,0,1,0,25,0,0,8,0,1525,0,246,20,1934,26,0,0,7,0,0,0,0,0,2,0,0,0,0,0,0,0,0,0,28,0,0,0,1,0,0,0,5,0,0,2,4,6,0,141,0,7,0,0,143,0,13,7,0,0,0,36,0,0,0,0,0,124,0,39,0,0,0,0,0,19,297,0,0,1,64,9,0,0,0,0,0,0,0,40,0,0,0,0,87,0,4,0,0,23,65,0,7,0,86,10,5,0,3,0,0,16,17,0,0,6,0,0,0,12,17,0,0,0,0,0,0,0,26,0,0,0,0,0,0,0,0,0,96,0,15,0,0,0,142,0,0,0,183,0,0,0,0,2,0,0,12,144,0,0,86,0,0,0,35,5,4,0,70,0,0,171,0,0,0,1,5,4,1,0,0,0,14,0,0,0,0,0,0,6,0,62,41,0,0,0,7,0,0,0,38,6,0,0,10,0,0,0,0,0,5,0,0,0,0,0,0,6,9,84,0,0,0,117,0,0,41,15,0,0,166,0,1102,0,0,0,0,0,0,26,0,0,0,0,0,3,15,0,0,0,16,8,0,0,0,9,5,0,4,0,0,0,0,0,3,0,0,6,0,0,111,3,0,0,0,8,0,0,0,0,0,0,0,0,0,0,0,0,98,0,0,0,0,0,3,0,0,0,5,0,0,57,30,149,0,0,288,0,0,0,0,26,0,0,39,14,0,0,36,3,13,0,0,140,0,15,0,0,0,0,0,349,0,22,0,0,0,0,0,0,0,0,1,0,0,108,0,0,0,5,0,7,1,12,0,0,7,0,0,0,1,0,0,0,0,1,76,0,3,0,20,0,0,0,75,0,3,0,0,0,0,0,0,0,6,0,0,96,0,88,0,0,0,199,0,0,6,0,0,19,0,3,0,0,0,7,0,0,0,0,0,47,0,0,0,13,0,0,0,130,0,0,3,0,28,0,0,0,0,0,5,31,1,0,6,0,0,0,0,152,388,103,0,0,5,0,0,0,5,0,0,0,0,0,0,0,0,5,0,73,0
"E8-N_Soil",0,57,4,5,14,8,0,12,0,3,112,0,13,28,0,0,13,31,0,0,0,3,570,11,2,16,135,13,0,0,22,1852,0,8,0,0,0,21,0,28,69,0,0,28,0,0,0,3,0,3,0,0,9,0,0,63,2,13,157,0,0,18,21,7,4,0,0,0,82,0,54,0,25,1,0,6,31,0,0,19,9,0,0,6,55,0,0,11,1,799,0,396,0,858,26,0,7,27,0,0,0,0,0,0,0,0,0,0,0,0,0,0,0,67,0,0,0,27,4,0,0,0,0,0,2,0,3,0,417,0,287,0,0,185,0,6,1,0,0,0,0,0,0,0,0,0,85,10,76,0,0,0,0,0,0,251,0,0,0,119,2,0,0,0,0,0,0,0,0,0,0,0,0,20,0,0,0,0,7,0,0,11,0,103,13,47,0,16,0,50,137,0,7,0,36,3,0,0,8,40,0,31,0,3,0,0,0,16,2,0,0,0,6,0,3,0,0,102,0,224,0,0,0,120,0,0,0,163,0,3,0,0,2,0,0,16,293,0,0,22,0,0,0,4,32,47,0,140,21,0,52,0,0,0,31,38,1,0,1,0,0,0,0,0,0,7,0,0,13,7,17,4,0,0,0,6,0,0,0,51,15,7,0,0,7,0,0,0,0,0,0,0,0,55,0,0,15,12,9,0,19,0,4,0,0,26,0,0,0,61,0,1387,0,0,0,1,7,0,0,0,0,0,0,0,0,23,0,3,5,12,5,3,3,0,8,33,0,0,0,0,2,1,0,9,0,2,0,0,5,126,5,0,0,2,0,0,0,0,0,0,0,9,18,7,0,0,4,70,0,8,10,14,0,5,0,0,0,0,0,0,137,9,93,0,0,147,0,0,0,0,132,0,17,136,0,0,0,33,7,42,3,0,404,0,9,0,0,0,1,0,270,13,35,0,0,0,0,0,0,1,0,22,0,1,141,32,0,0,5,0,7,2,14,0,0,5,0,0,0,2,0,0,0,0,0,99,0,4,0,7,0,0,1,111,0,0,0,6,0,0,0,0,0,12,0,0,11,0,240,0,3,8,358,0,10,400,1,0,163,0,0,0,0,0,0,0,0,0,0,15,0,0,0,0,3,0,0,0,77,0,0,5,0,23,0,0,0,0,0,1,21,29,0,0,0,0,22,0,463,358,206,3,0,2,0,0,0,17,0,0,5,0,0,1,9,15,7,0,25,1
"E8-S_Soil",0,47,0,5,0,0,0,10,1,0,389,0,0,5,4,0,15,0,0,0,0,0,361,32,5,0,303,1,7,0,606,3927,0,13,0,0,26,15,0,2,89,0,0,0,2,0,0,0,0,0,0,0,0,0,0,0,0,14,288,0,0,11,4,0,3,0,0,0,11,0,14,0,4,0,2,4,10,0,0,4,5,0,0,0,0,0,0,0,0,458,0,312,0,1377,0,0,0,12,0,0,0,0,0,0,0,0,0,0,0,0,0,0,0,52,0,0,0,1,0,0,0,10,0,0,0,0,12,0,238,0,32,0,0,729,0,0,2,0,0,0,0,0,0,0,0,0,56,0,3,0,0,0,0,0,0,266,0,0,0,93,0,0,0,0,0,0,0,0,0,0,0,0,0,31,0,0,0,0,6,0,0,20,0,128,0,12,0,10,0,0,18,0,0,0,170,0,0,0,7,8,0,0,0,0,0,0,0,0,0,0,0,0,0,0,0,0,0,38,0,21,0,0,0,87,0,0,0,42,0,0,0,0,0,0,0,5,105,0,0,32,0,0,0,9,0,24,2,36,0,0,25,0,0,0,0,12,5,0,0,0,0,0,0,0,0,6,0,0,2,0,102,26,0,0,0,2,0,0,0,15,9,0,0,0,6,0,0,0,0,0,0,0,0,0,0,0,0,0,24,0,6,0,0,0,0,19,0,0,0,37,0,2189,0,0,0,0,5,0,0,0,0,0,0,0,0,9,0,0,0,1,0,0,0,0,8,101,0,0,0,0,0,0,0,8,0,1,0,0,1,85,0,0,9,0,0,0,0,0,0,0,0,0,17,24,0,0,0,113,0,0,0,3,0,6,0,0,0,0,0,0,154,0,64,0,0,65,0,0,0,0,84,0,0,76,0,0,0,14,0,30,0,0,158,0,65,0,0,3,0,0,428,5,28,0,0,0,0,0,0,1,0,1,0,0,2,9,0,0,1,0,0,0,2,0,0,4,0,0,0,0,0,0,0,0,0,157,0,0,0,1,0,0,0,19,0,0,0,4,0,0,0,0,0,3,0,0,11,0,9,0,4,0,307,0,0,3,0,0,43,0,0,0,0,0,0,0,0,0,0,21,0,0,0,0,0,0,0,0,75,0,0,0,0,15,0,0,0,0,0,0,0,30,0,0,0,0,9,0,195,331,495,0,0,10,0,0,0,3,0,0,3,0,0,0,5,0,8,0,3,0
"E9-1_Root",0,43,0,0,70,1,0,0,0,0,179,2,1,2,0,0,0,0,0,0,0,0,807,2,6,22,150,11,0,0,133,5163,0,4,0,0,0,25,0,8,516,0,0,5,15,0,0,3,0,0,0,0,0,13,0,46,0,3,188,0,0,50,17,0,3,0,0,0,0,0,12,1,0,0,4,0,0,0,0,0,20,0,0,2,0,0,0,3,0,1290,0,207,4,604,0,0,0,0,0,0,0,0,0,2,0,2,0,0,0,0,0,0,0,11,0,0,0,2,0,0,0,2,0,0,1,0,5,0,127,18,0,0,0,87,0,6,0,0,0,0,0,0,0,0,0,0,83,0,61,0,0,0,4,0,0,270,0,0,3,6,0,0,0,5,0,0,0,0,4,0,1,0,0,14,7,0,0,0,0,0,0,0,0,70,0,8,0,0,0,0,2,0,35,0,7,0,0,0,21,15,1,0,0,0,0,0,0,2,0,0,0,0,0,2,0,0,0,154,0,1,0,0,0,73,0,0,0,154,0,0,0,0,0,0,0,5,76,0,0,55,0,0,0,8,4,0,4,19,0,0,104,0,3,0,0,0,5,0,0,0,0,0,0,0,0,23,0,0,98,0,13,8,0,0,0,0,0,0,0,0,16,0,0,0,4,0,0,0,0,0,0,0,0,0,0,0,0,0,19,0,0,0,0,0,0,22,0,0,0,22,0,1118,0,0,0,0,4,1,0,0,0,0,0,0,7,0,0,0,0,0,0,0,0,0,6,12,0,0,0,0,0,0,0,3,0,7,0,0,0,134,0,0,1,0,0,0,0,0,0,0,0,0,5,4,0,0,9,142,2,0,0,0,0,0,0,0,0,0,0,0,16,0,61,0,0,131,0,0,0,0,16,0,0,18,0,0,0,16,0,40,17,0,106,0,16,0,0,0,0,0,160,0,38,0,0,0,0,0,0,0,0,0,0,0,64,0,0,0,0,0,2,0,0,0,0,7,0,0,1,0,0,0,0,0,0,75,0,0,0,0,4,0,2,15,0,0,0,0,0,0,0,0,0,0,0,0,1,0,55,0,0,0,97,0,0,0,0,0,7,0,0,0,0,0,0,0,0,0,0,9,5,0,0,0,1988,0,0,0,150,0,0,0,0,128,0,0,0,0,0,0,0,3,0,0,0,0,0,0,93,318,94,0,0,0,0,0,0,5,0,0,0,0,0,0,0,0,17,0,33,3
"E9-2_Root",0,39,0,1,55,0,0,0,0,0,205,1,0,5,4,0,4,0,0,0,0,0,763,3,26,24,190,9,0,0,133,5306,0,0,0,0,1,22,0,9,578,0,0,1,9,1,0,0,0,0,0,0,0,0,0,31,0,3,220,0,0,45,10,0,4,0,0,0,5,0,7,0,0,0,0,0,0,0,0,4,23,0,0,2,0,0,0,3,0,1127,0,243,0,583,0,0,0,5,0,0,0,0,0,0,0,3,0,0,0,0,0,0,0,6,0,0,0,0,0,0,0,3,0,0,2,4,0,0,103,22,0,0,0,108,0,1,0,0,0,0,0,0,0,0,0,0,46,0,75,0,0,0,0,0,0,335,0,0,0,6,0,0,0,2,0,0,0,0,5,0,0,0,0,15,4,0,0,0,0,0,0,0,0,85,0,13,0,2,0,0,9,8,29,2,18,0,0,0,15,15,0,0,0,0,0,0,0,9,0,0,0,0,0,0,0,0,0,111,0,0,0,0,0,81,0,0,0,97,0,0,0,0,0,0,0,10,77,0,0,41,0,0,0,42,2,2,3,28,0,0,92,0,0,0,0,2,5,0,0,0,0,0,0,0,0,15,0,0,51,0,10,3,0,0,0,0,0,0,0,0,11,0,0,0,3,0,0,0,0,0,0,0,0,0,0,0,0,0,15,0,0,0,1,0,0,18,0,0,0,43,0,1235,0,0,0,0,6,0,0,0,0,0,0,0,11,0,0,0,0,4,0,0,0,0,14,13,0,0,0,0,0,0,0,3,0,2,0,0,1,149,1,0,7,0,0,0,0,0,0,0,0,5,4,8,0,0,5,114,0,0,0,0,0,0,0,0,0,0,0,0,19,0,60,0,0,178,0,0,0,0,15,0,0,17,0,0,0,8,0,34,12,0,65,0,6,0,0,0,0,0,139,4,58,0,0,0,0,0,0,0,0,0,0,0,74,0,0,0,2,0,2,0,0,0,0,4,0,0,0,0,0,0,0,0,0,62,0,2,0,0,4,0,1,9,0,0,0,0,0,0,1,0,0,0,0,1,7,0,67,0,0,0,74,0,0,0,0,0,3,0,0,0,0,0,0,0,0,0,0,0,0,5,0,0,1903,0,0,0,167,0,0,0,0,136,0,0,0,0,0,0,0,3,0,0,0,0,0,0,59,305,70,0,0,0,0,0,0,12,0,0,0,0,0,0,2,0,5,0,19,0
"E9-N_Soil",0,45,3,2,17,19,0,0,0,0,229,0,20,8,0,0,139,20,0,0,2,0,354,6,8,65,136,18,0,0,44,1743,0,7,4,0,5,68,0,16,40,0,0,16,0,0,0,5,0,0,0,0,2,1,0,24,0,0,164,0,0,1,8,3,4,0,0,0,57,0,20,0,12,0,0,0,21,0,0,19,9,0,0,0,1,0,0,4,0,661,0,289,0,1610,12,0,0,7,0,0,0,0,0,0,0,0,0,0,0,0,0,0,0,54,0,0,0,4,0,0,0,3,0,0,0,0,7,0,226,1,53,0,0,407,0,1,2,0,0,0,0,0,0,0,0,0,120,0,21,0,0,0,1,0,0,466,0,0,0,462,0,0,0,0,0,0,0,0,0,0,0,0,0,22,0,0,0,0,2,0,0,14,0,94,4,32,0,17,0,16,53,0,10,0,400,3,0,0,7,10,0,0,0,2,0,0,0,15,0,0,0,0,7,0,0,0,0,62,7,77,0,0,0,252,0,5,10,40,0,0,0,0,0,0,0,4,229,0,0,15,0,0,0,7,34,35,41,89,10,0,58,0,0,0,7,27,2,0,0,0,0,0,9,0,0,29,9,0,8,0,17,9,0,0,0,0,0,0,0,0,12,0,0,0,2,0,0,0,0,0,0,0,0,15,0,0,0,3,18,0,0,0,0,0,0,33,0,0,0,55,0,2483,0,0,0,0,0,0,0,0,0,0,5,0,2,18,0,0,0,10,0,0,0,0,0,29,0,0,0,0,5,0,0,0,0,1,0,0,8,90,0,0,0,0,0,0,0,0,0,0,0,4,20,6,0,0,0,86,0,0,2,2,0,4,0,0,0,0,0,0,55,0,87,0,0,121,0,0,0,0,99,0,0,121,0,0,0,25,1,39,3,0,327,0,36,0,0,0,0,0,413,8,3,0,0,0,0,0,0,0,0,4,0,0,38,0,0,0,2,0,2,0,5,0,0,0,0,0,0,0,0,0,0,0,0,115,0,2,0,0,1,0,0,79,0,0,0,2,0,0,0,0,0,0,0,0,24,0,50,0,0,2,391,0,5,27,0,0,73,0,0,0,0,0,0,0,0,4,0,16,0,0,0,0,2,0,0,0,99,0,0,3,0,22,0,0,0,0,0,0,14,10,0,0,0,0,5,0,332,334,132,0,0,17,0,0,0,16,0,0,0,0,0,0,0,0,0,0,4,7
"E9-S_Soil",0,37,14,11,12,18,2,5,0,4,149,9,8,4,0,0,145,5,0,0,0,0,371,9,3,83,144,13,0,0,76,2239,0,4,0,0,3,130,0,0,83,0,0,20,0,0,0,0,0,7,0,0,20,3,0,42,0,7,155,0,3,7,7,7,1,0,0,0,76,0,11,0,10,0,0,2,7,0,0,12,0,0,0,0,72,0,0,0,0,716,0,399,9,1149,8,0,0,15,0,0,0,0,0,0,0,0,0,0,0,0,0,0,0,42,0,0,0,5,0,0,0,4,0,0,0,0,0,0,256,1,64,0,0,390,0,5,2,0,0,0,0,0,0,0,0,0,50,0,22,0,0,0,0,0,9,537,0,0,0,383,0,0,0,0,0,0,0,0,65,0,0,0,0,10,0,0,0,0,4,0,0,4,1,160,2,19,0,5,0,19,62,0,67,0,157,1,0,0,0,9,0,6,0,7,0,0,0,0,0,0,0,0,8,0,0,0,0,43,4,98,13,0,0,273,0,5,3,68,0,0,0,0,0,0,0,13,220,0,0,19,0,0,0,10,19,22,35,59,10,0,69,0,0,0,17,34,7,2,3,0,0,0,0,0,113,30,0,0,15,0,25,8,0,0,0,6,0,0,0,0,7,14,0,2,0,0,0,0,0,0,0,0,0,21,0,0,15,0,35,0,0,0,0,0,0,23,0,0,0,62,0,2792,0,0,0,0,0,0,0,0,0,0,5,0,7,7,0,0,0,1,0,0,0,0,2,23,0,0,0,0,1,4,0,1,0,0,0,0,5,90,0,0,7,0,0,0,0,0,0,0,0,7,19,7,0,0,0,102,0,0,0,7,0,5,0,0,0,0,0,0,71,7,100,0,0,72,0,0,14,0,83,0,0,70,0,0,0,42,0,38,12,0,366,0,18,0,0,0,0,0,268,3,10,0,0,0,0,0,0,0,0,11,0,0,40,9,0,0,2,0,4,0,38,2,0,7,0,0,0,2,0,0,0,0,0,99,0,0,0,0,0,0,0,94,0,0,0,1,0,1,0,0,0,11,0,0,28,0,52,1,0,1,341,0,3,25,0,0,77,0,2,4,0,0,0,0,0,0,0,18,0,0,5,0,7,0,0,0,66,0,0,0,0,30,0,0,0,0,0,0,16,21,0,0,0,0,10,0,309,256,280,0,0,6,0,0,0,15,0,0,0,0,0,0,0,2,1,0,4,6
"P1-1_Root",0,24,0,0,36,0,0,0,0,0,198,0,0,0,7,0,6,0,0,0,0,0,777,18,109,23,635,113,9,0,88,5060,0,19,2,0,2,8,0,131,1988,0,0,0,18,0,0,9,0,0,0,0,0,23,0,2,0,0,98,0,0,35,0,0,5,0,0,0,0,0,0,0,0,0,0,0,5,0,0,0,0,0,0,0,0,0,0,0,0,624,0,210,0,2001,0,0,0,0,0,0,0,0,0,3,0,0,0,0,0,0,0,0,0,4,0,0,0,0,0,0,0,3,0,0,0,2,0,0,57,0,0,0,0,239,0,12,0,0,0,0,0,0,0,0,0,0,33,0,22,0,0,0,0,0,0,201,0,0,0,7,0,0,0,0,0,0,0,0,1,0,0,0,0,32,18,5,0,0,0,0,0,12,0,125,3,6,0,4,0,0,0,2,0,0,22,0,0,0,0,18,0,0,0,0,0,0,0,5,0,0,0,0,0,0,0,0,0,24,0,0,0,0,0,161,0,7,0,92,0,0,0,0,0,0,0,0,39,0,0,99,0,0,0,2,0,0,7,21,0,0,31,0,0,0,0,0,14,0,0,0,0,2,0,0,0,79,0,9,8,0,10,32,0,0,0,0,0,0,0,15,16,0,0,0,2,0,0,0,0,0,0,0,0,0,0,0,0,2,6,0,0,0,3,0,0,16,0,0,0,105,0,1262,0,0,0,0,0,0,0,0,0,0,0,0,208,4,0,0,0,6,0,0,0,0,0,16,0,0,0,0,0,0,0,5,0,0,0,0,3,47,0,0,0,0,0,0,0,0,0,0,0,0,1,0,0,0,0,43,0,0,0,0,0,0,0,0,0,0,0,0,19,0,175,0,0,360,0,0,0,0,5,0,0,60,0,0,0,12,0,7,3,0,50,0,40,0,0,0,0,0,338,0,22,0,0,0,0,0,0,0,0,0,0,0,0,0,0,0,0,0,5,0,8,0,0,5,0,0,0,0,0,0,0,0,0,29,0,0,0,0,0,0,4,28,0,0,0,0,0,0,0,0,0,0,0,0,34,0,2,0,0,0,38,0,0,0,0,0,0,0,0,0,0,0,0,0,0,0,0,18,18,6,0,0,2034,0,0,0,108,0,0,0,0,61,0,0,0,0,0,0,3,0,0,0,0,0,0,0,19,243,23,0,0,0,0,0,0,7,0,0,0,0,0,0,0,0,0,0,0,0
"P1-2_Root",0,24,0,0,49,0,0,0,0,0,229,0,3,0,8,0,2,0,0,0,0,0,850,14,123,30,895,202,2,0,98,3951,0,20,3,0,2,9,0,63,2028,0,0,0,29,0,0,8,0,0,0,0,0,38,0,0,0,4,84,0,0,37,0,0,4,0,0,0,0,0,0,0,0,0,0,0,0,0,0,1,7,0,0,0,0,0,0,0,0,669,0,254,0,2370,0,0,0,3,0,0,0,0,0,0,0,0,0,0,0,0,0,0,0,18,0,0,0,0,0,0,0,0,0,0,1,0,0,0,58,0,0,0,0,288,0,10,0,0,0,0,0,0,0,2,0,0,58,0,16,0,0,0,0,0,0,188,0,0,0,6,2,0,0,0,0,0,0,0,0,0,0,0,0,40,20,5,0,0,0,0,0,16,0,126,0,3,0,0,0,0,3,2,0,0,18,0,0,0,1,9,0,0,0,0,0,0,0,0,0,0,0,0,0,0,0,0,0,36,0,0,0,0,0,206,0,10,0,44,0,0,0,0,0,0,0,6,43,0,0,81,0,0,0,2,0,2,9,30,0,0,37,0,0,0,0,0,5,0,0,0,0,0,0,0,0,141,0,11,16,0,24,46,0,0,0,0,0,0,0,45,12,0,0,0,0,0,0,0,0,0,0,0,0,0,0,0,0,1,12,0,0,0,0,0,0,0,0,0,0,79,0,1533,0,0,0,0,0,6,0,0,0,0,0,0,354,0,0,0,0,5,0,0,0,0,2,21,0,0,0,0,0,0,0,9,0,1,0,0,0,23,0,0,0,0,0,0,0,0,0,0,0,0,0,0,0,0,0,56,0,0,0,0,0,0,0,0,0,0,0,0,43,0,219,0,0,338,0,0,0,0,12,0,0,66,0,0,0,23,0,11,5,0,77,0,49,0,0,0,0,0,460,6,25,0,0,0,0,0,0,0,0,0,0,0,3,0,0,0,0,0,0,0,8,0,0,4,0,0,0,0,0,0,0,0,0,19,0,2,0,0,0,0,0,16,0,0,0,0,0,0,0,0,0,0,0,0,37,0,6,0,0,0,56,0,0,0,0,0,0,0,0,0,0,0,0,0,0,0,0,14,17,3,0,0,1222,0,0,0,139,0,0,0,0,30,0,0,0,0,0,0,0,12,0,4,0,0,0,0,20,311,29,0,0,0,0,0,0,11,0,0,0,0,14,0,0,0,0,0,0,0
"P1-N_Soil",9,7,0,0,0,0,0,0,0,0,185,0,0,1,0,0,101,0,9,5,0,3,32,0,0,106,13,1,0,0,295,244,0,536,4,0,24,0,8,3,61,44,0,24,0,0,0,83,0,0,0,0,0,188,0,0,0,1,2,3,0,3,0,0,0,0,0,0,0,0,8,0,0,0,0,0,0,2,0,2,0,0,0,0,14,0,0,0,0,198,3,10,0,3931,0,0,6,0,0,0,184,0,0,3,2,0,0,0,0,0,0,0,0,0,0,0,0,1,0,0,0,0,0,0,5,0,4,0,20,0,0,0,0,0,0,23,19,0,0,0,0,0,0,0,0,1,27,4,0,0,0,0,11,0,0,132,0,0,0,190,0,0,0,0,0,0,7,0,6,0,0,0,0,116,0,3,0,0,5,0,8,0,0,267,1,0,0,0,4,0,389,0,0,0,155,0,3,99,59,9,0,11,73,1,0,0,0,0,0,0,0,0,0,0,4,0,3,15,0,173,3,0,8,34,0,0,0,12,0,0,0,0,1,0,0,13,15,2,0,6,0,0,0,0,31,0,0,0,0,0,8,0,0,1,6,0,0,0,0,0,0,0,0,0,293,68,0,0,0,0,62,13,0,0,0,2,0,0,0,8,4,5,0,0,0,0,4,0,0,0,0,0,0,4,7,0,144,2,18,0,0,0,274,0,12,0,0,0,0,539,0,2791,0,0,0,0,0,0,9,0,0,1,0,0,157,124,0,0,10,16,0,1,0,0,0,0,0,16,2,0,8,0,0,3,0,0,0,1,25,15,0,0,37,0,3,0,0,6,3,0,62,0,0,4,0,2,0,263,0,6,13,0,0,0,0,0,84,0,0,0,61,0,1362,0,10,55,282,2,0,0,0,0,108,69,0,0,0,0,0,0,0,1,23,0,6,0,0,18,0,0,0,0,1,0,11,0,0,0,0,0,0,4,0,0,0,3,2,0,0,0,0,0,42,0,0,0,11,47,0,0,0,0,5,0,0,55,3,719,0,0,80,0,8,139,0,0,0,9,7,0,0,0,0,4,0,0,4470,5,0,0,0,0,0,0,0,72,0,0,37,0,349,66,0,0,0,0,0,0,0,0,0,0,0,0,0,0,0,0,0,0,0,0,0,12,0,0,20,0,0,0,0,0,0,0,0,0,11,0,6,4,4,0,0,0,0,0,0,0,0,0,3,0,0,0,0,15,0,2,0,0
"P1-S_Soil",0,31,0,0,125,0,0,0,0,0,569,0,6,1,0,0,19,2,0,0,0,3,298,4,18,124,255,62,0,0,109,2152,0,3,0,0,0,221,0,278,59,0,0,0,1,0,0,14,0,0,0,0,47,43,0,59,30,7,90,0,0,54,0,0,8,0,0,0,7,0,0,0,16,0,0,0,3,0,0,7,6,0,0,0,71,0,0,0,0,415,0,652,33,3891,0,0,0,29,0,0,10,0,0,0,0,0,0,0,0,0,0,0,0,34,0,0,0,0,0,0,0,6,0,0,0,3,6,0,296,0,32,0,0,42,0,0,21,0,0,0,0,0,0,0,0,2,110,0,39,0,0,0,0,0,0,408,0,0,0,52,14,0,0,0,1,0,0,0,13,0,0,0,0,51,1,0,0,0,4,0,0,7,0,356,9,18,0,27,0,0,33,0,6,0,121,2,0,0,0,18,0,0,0,0,0,0,0,41,0,0,0,0,0,0,0,0,0,24,0,162,15,0,0,305,0,118,0,53,0,0,0,0,0,0,0,8,127,0,0,39,0,0,0,0,5,10,0,85,0,0,277,0,0,0,2,9,4,0,0,0,0,2,10,0,0,0,0,0,0,9,109,31,0,0,0,0,0,0,0,31,12,8,0,26,15,9,0,0,0,0,0,0,0,0,0,2,4,0,46,13,0,0,38,0,0,29,0,0,0,416,0,2112,0,0,0,15,0,0,0,0,0,0,0,0,0,73,0,0,0,8,0,0,0,0,6,28,0,0,0,0,0,0,0,8,0,0,0,0,0,91,0,0,0,11,0,5,0,0,0,0,0,0,1,7,0,0,0,141,0,0,0,0,0,9,0,0,0,0,0,0,65,0,129,0,0,152,0,0,0,0,7,0,15,20,19,0,0,100,0,10,93,0,33,0,42,3,0,0,0,0,247,11,0,0,0,0,0,0,0,0,0,0,0,1,5,0,0,0,0,0,2,0,39,0,0,0,0,0,0,0,0,0,0,0,0,64,0,14,0,0,0,0,0,170,0,0,0,10,0,0,0,0,0,7,0,0,0,0,156,0,0,0,103,0,0,9,0,0,32,8,10,0,0,0,0,0,0,6,5,21,0,0,0,0,0,0,0,0,85,6,2,0,0,32,0,0,0,0,0,0,33,6,0,5,0,0,0,0,501,256,190,0,0,23,0,0,0,0,0,0,0,0,0,0,0,0,2,0,0,19
"P2-1_Root",0,40,0,0,37,0,0,15,0,0,434,0,0,5,0,0,3,0,0,0,0,0,947,48,52,31,531,23,6,0,173,4349,0,10,0,0,0,29,1,135,1063,0,0,23,24,0,0,4,0,0,0,0,3,3,0,6,5,0,131,0,0,91,0,0,6,0,0,0,1,0,4,0,0,0,0,0,2,0,0,0,14,0,0,0,20,0,0,1,0,895,0,387,0,1504,0,0,0,4,0,0,0,0,0,0,0,0,0,0,0,0,1,0,0,5,0,0,0,0,0,0,0,3,0,0,0,3,17,0,80,0,10,0,0,585,0,13,0,0,0,0,1,0,1,0,0,0,48,0,35,0,0,0,0,0,63,337,0,0,0,27,9,0,0,0,0,0,0,0,7,0,0,0,0,28,9,0,0,0,0,0,0,0,0,342,0,8,0,8,0,0,6,4,0,0,76,0,0,0,5,13,0,0,0,0,0,0,0,0,0,0,0,0,0,0,0,0,0,63,0,15,0,0,0,204,0,0,0,90,0,0,0,0,0,0,0,3,64,0,0,67,0,0,0,15,1,0,1,94,0,0,82,0,0,0,0,0,0,0,0,0,0,38,0,0,0,21,0,0,14,0,29,67,0,0,0,2,1,0,0,22,13,0,0,0,0,0,0,0,0,0,0,0,0,0,0,5,0,0,2,0,0,0,16,0,2,16,38,0,0,60,0,1332,0,0,0,0,2,11,0,0,0,0,0,0,43,8,0,0,0,6,0,1,0,0,12,16,0,0,0,0,0,0,0,2,0,5,1,0,0,70,0,0,25,0,0,0,0,0,0,0,0,0,0,0,0,3,2,79,0,0,0,0,0,0,0,0,0,0,0,0,58,0,164,0,0,210,0,0,0,0,13,0,6,59,0,0,0,22,0,0,10,0,47,0,23,0,0,20,0,0,320,0,17,0,0,0,0,0,0,0,0,0,0,0,4,0,1,0,0,0,7,0,3,0,0,6,0,0,0,0,0,0,0,0,0,90,0,3,0,0,0,0,0,36,0,0,0,0,0,0,0,0,0,4,0,0,38,0,24,0,0,0,101,0,0,0,0,0,4,0,3,0,0,0,0,0,0,0,0,0,9,8,0,0,550,0,0,0,136,0,0,0,0,26,0,0,0,4,0,0,6,2,0,0,0,0,0,0,52,524,146,0,0,1,0,0,0,7,0,0,0,0,0,0,3,0,0,0,17,0
"P2-2_Root",0,66,0,0,41,0,0,1,0,0,317,0,0,6,6,5,3,0,0,0,0,0,840,50,70,31,523,30,5,0,138,4408,0,17,0,0,1,17,0,395,1022,0,0,18,82,0,0,20,0,0,0,0,7,36,0,6,5,7,111,0,0,83,0,0,10,0,0,0,0,0,0,0,0,0,0,0,0,0,0,0,13,0,0,0,2,0,0,0,0,877,0,331,0,1613,0,0,0,1,0,0,0,1,0,0,0,0,0,0,0,0,0,0,0,6,0,0,0,0,0,0,0,8,0,0,0,0,10,0,87,0,5,0,0,616,0,7,5,0,0,0,14,0,0,0,0,0,47,0,40,0,0,0,0,0,49,312,0,0,1,19,14,0,0,0,0,0,0,0,5,0,0,0,0,25,5,0,0,0,0,0,0,0,0,297,4,16,0,4,0,0,6,14,0,0,28,0,0,0,6,13,0,0,0,0,0,0,0,14,0,0,0,0,0,0,0,0,0,83,0,4,0,0,0,208,0,0,0,71,0,0,0,0,0,0,0,0,56,0,0,72,0,4,0,3,0,0,7,98,0,0,81,0,0,0,0,5,0,0,0,0,0,42,0,0,0,23,0,1,4,0,39,56,0,0,0,6,0,0,0,29,25,0,0,0,0,0,1,0,0,0,0,0,0,0,0,9,3,0,4,0,0,0,107,0,0,31,38,0,0,66,0,1299,0,0,0,0,0,9,0,0,0,0,0,0,36,23,0,0,0,0,0,0,0,0,5,16,0,0,0,0,0,0,0,6,0,7,0,0,0,72,0,0,17,0,0,2,0,0,0,0,0,0,11,0,0,0,0,83,0,0,0,0,0,0,0,0,0,0,0,0,40,0,149,0,0,200,0,0,0,0,17,0,8,44,0,0,0,31,0,0,1,0,53,0,23,0,0,15,0,0,338,4,26,0,0,0,0,0,0,0,0,0,0,0,1,0,0,0,0,0,5,0,1,0,0,3,0,0,0,0,0,0,0,0,0,98,0,4,0,0,0,0,4,34,0,0,0,0,0,0,0,0,0,6,0,0,29,0,17,0,0,0,88,0,0,0,0,0,0,0,2,0,0,0,0,0,0,0,0,0,3,7,0,0,528,0,0,0,144,0,0,0,0,39,0,0,0,4,0,1,8,0,0,0,0,0,0,0,69,468,108,0,0,5,0,0,0,6,0,0,0,0,0,0,3,0,0,0,18,0
"P2-N_Soil",0,89,2,3,75,0,0,16,0,7,502,0,13,3,14,0,29,0,0,0,0,2,469,12,9,62,285,37,0,0,158,1574,0,13,0,0,3,94,0,251,108,0,0,30,7,0,0,129,0,0,0,0,16,0,0,37,22,0,86,0,0,44,0,0,32,3,0,0,15,0,13,0,22,0,0,0,18,0,0,19,28,0,0,0,20,0,0,0,0,632,0,443,10,1076,7,0,0,34,0,0,3,0,0,4,0,0,0,0,0,0,0,0,0,38,0,0,0,5,0,0,0,10,0,0,0,2,12,0,212,9,36,0,0,334,0,8,28,0,0,0,22,0,0,0,0,0,145,0,28,0,0,0,0,0,0,425,0,0,0,153,10,0,0,0,17,0,0,0,8,0,0,0,0,37,5,0,0,3,5,3,0,0,0,282,137,16,0,15,0,5,42,2,14,0,163,0,0,7,10,8,5,3,0,2,0,6,0,16,0,0,0,0,0,0,0,0,0,32,0,98,0,0,0,327,0,0,0,156,0,0,0,0,0,0,0,8,166,0,0,83,0,0,0,1,7,26,17,130,8,0,155,0,3,0,6,17,0,0,0,0,0,3,0,0,0,24,0,0,6,5,42,46,0,0,0,10,0,0,0,8,9,0,0,17,13,3,0,0,0,0,0,0,0,0,0,7,16,0,63,3,0,0,21,0,0,39,14,0,0,428,0,2054,0,1,0,0,4,7,0,0,0,0,0,0,0,64,0,0,0,27,0,0,0,0,9,55,0,0,0,0,6,0,0,13,0,0,0,0,0,70,0,0,0,6,0,5,0,0,0,0,0,0,11,10,0,1,2,150,8,0,1,3,0,11,0,0,0,2,0,0,131,0,149,0,0,341,0,0,0,0,32,0,22,64,10,0,0,68,0,10,14,0,299,0,8,0,0,2,0,4,324,22,5,0,0,0,0,0,0,0,2,0,0,0,15,8,0,0,2,0,36,0,15,2,0,10,3,0,0,0,0,0,0,79,0,108,0,2,3,0,0,5,13,171,0,0,0,6,0,0,0,0,0,12,0,0,8,0,118,0,0,0,184,0,0,6,0,0,38,0,6,14,0,0,0,3,0,2,0,5,28,0,0,0,7,0,0,0,92,0,0,0,0,21,0,0,0,2,3,0,29,6,0,4,0,0,4,0,389,367,212,0,0,19,0,2,0,6,0,0,0,0,0,0,1,31,0,0,34,18
"P2-S_Soil",0,42,14,0,26,11,5,18,0,0,92,0,12,3,0,0,144,7,0,0,0,0,369,16,14,118,386,7,0,0,53,1766,0,8,0,0,0,46,0,54,127,0,0,49,0,0,0,0,0,0,0,0,9,6,0,31,0,0,117,0,0,7,0,4,0,0,0,0,86,0,17,0,13,0,0,0,18,0,0,26,11,0,0,0,54,0,0,0,0,651,0,437,0,1554,8,0,0,3,0,0,0,0,0,0,0,0,0,0,0,0,0,0,0,35,0,0,0,4,0,0,0,0,0,0,0,0,7,0,182,0,140,0,0,547,0,9,0,0,0,0,0,0,0,0,0,0,20,0,18,0,0,0,0,0,0,332,0,0,0,500,0,0,0,0,0,0,0,0,4,0,0,0,0,23,0,0,0,0,1,0,0,14,0,197,0,16,0,11,0,12,35,0,9,0,460,1,0,0,0,10,0,0,0,0,0,0,0,0,0,0,0,0,7,0,2,0,0,56,0,129,5,0,0,177,0,0,3,57,0,0,0,0,0,0,0,5,186,0,0,29,0,0,0,3,36,28,13,36,2,0,43,0,3,0,16,23,3,0,0,0,8,0,0,0,0,51,10,2,29,4,22,21,0,0,0,4,0,0,0,0,7,4,0,1,0,0,4,0,0,0,0,0,0,13,0,0,14,0,13,0,0,0,0,0,0,17,7,0,0,72,0,2451,0,0,0,0,1,0,8,0,0,0,2,0,15,4,0,0,0,3,0,0,0,0,0,18,0,0,0,0,0,0,0,4,0,0,0,0,0,42,0,0,12,0,0,1,0,0,0,0,0,3,19,5,0,0,3,109,0,0,5,4,0,4,0,0,0,0,0,0,109,0,173,0,0,105,0,0,18,0,80,0,22,83,0,0,0,23,0,28,19,0,449,0,33,0,0,7,1,0,209,0,26,0,0,0,0,0,0,0,1,2,0,0,20,5,2,0,1,0,0,0,11,0,0,0,0,0,0,0,0,0,0,0,0,87,0,0,0,0,0,0,0,88,0,0,0,6,0,0,0,0,0,0,0,0,199,0,67,0,0,0,376,0,3,34,0,0,72,0,0,8,0,0,0,0,0,0,0,0,0,0,0,0,136,0,0,0,61,0,0,0,0,23,0,0,0,0,0,2,0,2,0,0,0,0,3,0,284,197,341,0,0,10,0,0,0,25,0,0,0,0,0,0,3,0,0,0,6,5
"P3-1_Root",0,28,0,1,36,0,0,14,0,0,287,0,0,0,0,0,5,0,0,0,0,0,755,26,9,87,295,15,0,0,33,5622,0,219,0,0,0,13,33,96,1137,0,0,19,1,0,0,33,0,0,0,0,0,300,0,4,4,0,137,0,0,7,0,0,3,0,0,0,0,0,0,0,0,0,2,0,0,0,0,5,5,0,0,0,33,0,0,0,0,1070,0,114,0,1351,3,0,2,4,0,0,0,0,0,0,0,0,0,0,0,0,0,0,0,2,0,0,0,0,0,0,0,2,0,0,0,1,0,0,72,3,51,0,0,368,0,19,0,0,0,0,0,0,0,0,0,0,48,0,11,0,0,0,0,0,0,174,0,0,2,137,4,0,0,4,0,0,0,0,17,0,0,0,0,17,0,1,1,0,0,0,0,3,0,60,0,0,0,1,0,0,15,6,0,0,51,0,0,0,0,3,0,0,0,0,0,0,0,0,0,0,0,0,0,0,0,0,0,38,0,4,0,0,0,116,0,3,0,51,0,0,0,0,0,0,0,5,36,0,0,53,0,0,8,15,1,16,7,11,2,0,19,0,0,0,0,0,0,0,0,0,0,0,0,0,27,54,0,0,189,0,40,23,0,0,0,0,0,0,0,260,10,9,15,0,1,1,0,0,0,0,0,0,0,6,0,0,7,25,19,0,0,0,5,0,0,0,28,0,0,75,0,1366,0,0,0,0,1,2,12,0,0,0,5,0,87,20,0,0,4,17,0,0,0,0,2,18,0,0,1,0,1,0,0,3,0,4,0,0,2,18,0,0,0,0,0,0,0,0,0,0,0,0,6,2,0,0,7,137,0,0,0,0,0,0,0,0,19,0,0,0,14,5,1170,0,0,120,0,0,0,0,20,0,6,39,0,0,0,17,0,9,8,0,139,1,9,0,0,0,2,0,90,0,41,0,0,3,0,0,0,0,0,0,0,0,1,0,0,0,0,0,2,0,0,0,0,0,0,0,0,2,0,0,0,0,0,107,0,3,0,10,4,0,0,41,0,0,0,0,0,0,3,0,0,0,0,0,337,0,3,0,0,0,102,0,0,0,0,0,17,0,14,2,0,0,0,1,0,0,0,0,6,0,0,0,338,0,0,0,132,0,0,0,5,97,0,0,0,0,0,1,14,0,0,0,0,0,0,0,57,158,172,0,0,0,0,0,0,4,0,0,0,0,0,0,0,0,0,0,79,0
"P3-N_Soil",0,23,26,2,4,5,0,97,0,0,189,0,0,1,0,0,165,6,11,0,0,0,282,33,4,211,282,0,0,0,11,3114,0,444,0,0,21,33,9,0,232,0,0,0,0,0,0,0,0,2,0,0,0,177,0,5,13,0,130,0,0,0,0,0,0,0,0,0,31,0,4,0,0,0,0,0,0,0,0,0,8,0,0,0,14,0,0,0,0,455,0,216,0,710,17,0,0,5,0,0,0,0,0,0,0,0,0,0,0,0,0,0,2,23,0,0,0,2,2,0,0,0,0,0,0,0,0,0,300,0,34,0,0,373,0,57,0,0,0,0,0,0,0,0,0,0,20,3,4,0,0,0,0,0,0,283,62,0,0,361,0,0,0,0,0,0,0,0,0,5,0,0,0,7,0,5,0,3,12,0,0,6,0,35,0,18,0,25,0,6,36,0,0,0,1082,0,2,0,2,15,0,9,0,0,0,0,0,0,0,0,0,0,3,0,0,0,0,25,0,62,3,0,0,157,0,0,6,20,0,0,0,0,0,0,0,4,110,0,13,19,0,0,7,25,20,25,42,5,0,0,42,3,0,1,19,21,9,0,5,0,0,0,0,0,13,732,0,0,239,0,159,0,0,0,0,0,0,0,0,75,0,4,50,0,4,0,0,0,0,0,0,0,0,5,0,0,57,13,9,0,0,0,0,0,0,9,8,0,0,53,0,2458,0,0,0,0,0,0,0,0,0,0,0,0,27,11,0,0,0,3,3,0,0,0,0,24,0,0,0,0,0,0,0,0,0,1,0,0,0,28,0,0,0,0,0,0,0,0,0,0,0,0,17,7,0,0,0,155,0,0,11,1,0,0,0,0,0,3,0,0,57,0,356,0,0,104,0,0,0,0,87,0,11,60,0,0,0,12,0,10,0,0,165,0,4,0,0,0,0,0,65,0,14,0,0,0,0,0,0,0,8,0,0,0,10,5,0,0,0,0,0,0,20,0,0,0,19,0,0,0,0,0,0,0,0,113,0,23,0,5,0,0,0,124,0,0,0,7,0,0,0,0,0,0,0,0,213,0,10,0,0,0,275,0,0,17,0,0,68,0,33,10,0,0,0,0,0,0,0,0,0,0,0,0,6,0,0,0,69,0,0,0,0,74,0,0,0,0,0,0,0,1,0,0,0,0,0,0,349,181,87,0,0,21,0,0,0,5,0,0,0,0,0,0,6,0,0,0,119,5
"P3-S_Soil",0,36,6,0,6,0,0,9,0,0,362,1,12,16,0,0,60,24,4,0,2,0,270,6,8,51,168,6,1,0,53,1260,0,397,0,0,0,29,0,45,93,0,0,62,0,0,0,4,0,0,0,0,0,0,0,10,1,0,138,0,0,6,1,0,3,0,0,0,7,2,29,0,22,0,0,0,0,0,0,2,3,0,0,0,6,0,0,0,0,414,0,266,0,1583,3,0,7,11,0,0,0,0,0,0,0,0,0,0,0,0,0,0,0,43,0,0,0,0,0,0,0,0,0,0,0,0,7,0,273,0,208,0,0,1028,0,8,13,0,0,0,0,0,0,0,0,0,41,0,18,0,0,0,0,0,0,200,0,0,2,117,0,0,0,0,0,0,3,15,25,0,0,0,0,49,0,0,0,4,8,2,0,12,0,244,0,16,0,19,0,0,68,0,0,0,452,0,0,0,0,16,0,0,0,0,0,0,0,11,0,0,0,0,0,0,0,0,0,35,0,77,1,0,0,253,0,0,0,76,2,0,0,0,0,0,0,5,278,0,3,17,0,0,0,12,13,62,15,39,22,0,63,0,5,0,71,34,7,0,5,0,0,0,0,0,50,261,4,0,3,8,25,40,0,0,0,3,0,0,0,27,3,0,0,0,13,0,0,0,0,0,2,0,0,35,0,0,14,0,5,0,0,0,0,0,0,21,17,0,0,117,0,2932,0,0,0,0,0,0,0,2,0,0,0,0,14,54,20,0,0,16,0,6,0,0,4,4,0,0,0,0,0,0,0,7,0,0,0,0,2,49,0,0,0,4,0,0,0,0,0,0,0,5,18,17,0,0,8,273,0,0,10,4,0,9,0,0,0,0,0,0,115,0,89,0,0,118,0,0,0,0,123,0,35,114,0,0,0,84,0,27,0,0,201,0,40,0,0,9,0,0,134,7,5,0,0,0,0,0,0,1,1,11,0,0,36,11,9,0,16,0,6,4,6,0,0,4,0,0,0,4,0,0,0,0,0,198,0,11,0,3,0,0,3,44,0,0,0,6,0,0,0,0,0,46,0,0,412,7,46,0,0,0,529,0,0,43,14,0,67,0,0,11,0,0,0,0,0,0,0,4,0,0,7,2,0,0,0,0,99,0,0,0,0,29,0,0,0,0,0,0,10,9,0,0,0,0,17,0,269,252,25,0,0,33,0,0,0,0,8,0,7,0,0,0,0,9,0,0,21,7
"P4-1_Root",0,36,0,0,42,0,0,13,0,0,399,0,0,0,5,0,17,0,0,0,0,0,1388,136,78,0,518,15,0,0,42,3784,0,2,20,0,7,9,0,11,789,0,0,37,1,0,0,6,0,0,0,0,0,106,0,8,0,9,144,0,0,26,0,0,10,0,0,0,4,0,0,0,0,0,0,0,0,0,0,13,7,0,1,0,0,0,17,0,0,495,0,281,0,1242,0,0,0,7,0,0,0,0,0,0,0,2,0,0,0,0,0,0,0,4,0,0,0,0,0,0,0,2,0,0,0,2,10,0,195,8,15,0,0,597,0,8,0,0,0,0,0,0,0,0,0,0,56,0,37,0,0,0,0,0,0,163,0,0,1,7,0,3,0,0,0,0,0,0,6,0,1,0,0,23,20,0,0,0,9,0,0,3,0,30,0,21,0,2,0,0,0,5,0,0,13,0,0,0,42,13,0,0,0,0,0,0,0,0,0,0,0,0,0,0,0,0,0,127,0,15,0,0,0,165,0,0,0,70,0,0,0,0,0,0,0,4,65,0,0,56,0,0,0,76,4,3,0,48,0,0,56,0,0,0,0,0,3,0,0,0,0,0,0,0,6,0,0,7,89,0,12,27,0,0,0,2,0,0,0,19,11,0,0,0,5,0,0,0,0,0,0,0,0,0,0,0,0,4,1,0,0,0,0,0,0,0,0,0,0,29,0,1242,0,0,0,0,1,7,10,0,0,0,0,0,236,6,0,0,0,0,4,0,0,0,54,23,0,0,0,0,0,0,0,1,0,8,0,0,0,130,0,0,0,0,0,0,0,0,0,0,0,0,5,0,0,0,0,62,0,0,0,0,0,0,0,0,0,0,0,0,24,5,106,0,0,360,0,0,0,0,18,0,0,39,0,0,0,18,0,3,0,0,104,0,8,0,0,0,0,0,152,1,78,0,0,0,0,0,0,0,0,0,0,0,0,0,0,0,0,0,13,0,4,0,0,0,0,0,0,0,0,0,0,0,0,117,0,25,0,0,0,0,0,19,0,2,0,0,0,0,0,0,0,0,0,0,58,0,5,0,0,0,141,0,0,0,0,0,8,0,2,0,0,0,0,0,0,0,0,13,0,1,0,0,1793,0,0,0,181,0,0,0,0,45,0,0,0,0,0,0,4,1,0,0,0,0,0,0,91,340,22,0,0,0,0,0,0,22,0,0,0,0,0,0,0,0,0,0,63,2
"P4-2_Root",0,24,0,0,46,0,0,15,0,0,311,0,0,0,9,0,15,0,0,0,0,0,1383,47,69,5,522,7,0,0,53,3364,0,1,15,0,2,7,0,18,718,0,0,31,18,0,0,8,0,0,0,0,0,103,0,8,0,0,169,0,0,40,0,0,10,0,0,0,5,0,3,0,1,0,1,0,0,0,0,16,10,0,2,0,0,0,36,0,0,503,0,299,0,1438,0,0,0,8,0,0,0,0,0,0,0,0,0,0,0,0,0,0,0,8,0,0,0,0,0,0,0,0,0,0,0,0,5,0,183,20,15,0,0,726,0,6,0,0,0,0,0,0,0,0,0,0,85,0,25,0,0,0,0,0,0,233,0,0,4,0,0,4,0,0,0,0,0,0,11,0,0,0,0,22,28,0,0,0,9,0,0,0,0,17,5,13,0,5,0,0,3,1,0,0,6,0,0,0,46,17,0,0,0,0,0,0,0,3,0,0,0,0,0,0,0,0,0,168,0,6,0,0,0,111,0,0,0,68,0,0,0,0,0,0,0,5,38,0,0,70,0,0,0,96,4,3,0,34,0,0,46,0,0,0,0,0,0,0,0,0,0,0,0,0,16,0,0,6,33,0,32,22,0,0,0,0,0,0,0,38,18,0,0,0,7,0,0,0,0,0,0,0,0,0,0,0,7,5,2,0,0,0,0,0,0,0,0,0,0,30,0,1239,0,0,0,0,0,12,7,0,0,0,0,0,317,7,0,0,0,0,4,0,0,0,48,49,0,0,0,0,0,0,0,0,0,0,0,0,0,111,0,0,0,0,0,0,0,0,0,0,0,0,0,0,0,0,0,42,0,0,0,0,0,0,0,0,0,0,0,0,16,12,99,0,0,332,0,0,0,0,6,0,0,48,0,0,0,31,0,0,0,0,57,0,1,0,0,0,0,0,196,0,106,0,0,0,0,0,0,0,0,0,0,0,2,0,0,0,0,0,8,0,4,0,0,7,0,0,0,0,0,0,0,0,0,147,0,9,0,0,0,0,0,42,0,0,0,0,0,0,0,0,0,0,0,0,69,0,8,0,0,0,143,0,0,0,0,0,14,0,0,0,0,0,0,0,0,0,0,3,0,3,0,0,1918,0,0,0,250,0,0,0,0,67,0,0,0,0,0,3,0,3,2,0,0,0,0,0,126,374,25,0,0,0,0,0,0,23,2,0,0,0,0,0,0,0,2,0,64,0
"P4-N_Soil",0,39,0,5,7,3,0,0,0,1,906,0,2,0,0,0,65,5,0,0,0,0,308,0,0,59,316,8,0,0,7,2816,0,18,8,0,0,93,0,34,57,0,0,0,0,0,0,1,0,4,0,0,0,7,0,20,0,1,121,0,0,9,14,0,0,0,0,0,53,0,0,0,11,0,1,0,18,0,0,17,7,0,1,0,24,0,0,0,0,480,0,335,0,898,0,0,0,9,1,0,0,0,0,5,0,0,0,0,0,0,0,0,0,28,0,0,0,4,0,0,0,0,0,0,0,0,33,0,210,0,129,0,0,360,0,0,36,0,0,0,0,0,0,0,0,8,37,3,22,0,0,0,0,0,0,245,0,0,0,402,0,0,0,0,0,0,0,0,0,0,0,0,0,54,0,0,0,0,0,8,0,16,0,69,51,12,0,43,0,18,19,0,75,0,326,0,0,0,0,14,0,7,0,3,0,0,0,8,0,0,0,0,6,0,0,0,0,46,0,134,7,0,0,163,0,9,0,130,0,0,0,0,0,0,0,5,110,0,0,39,0,0,0,8,32,30,11,16,7,0,73,0,0,0,5,37,354,0,0,0,0,0,0,0,0,8,0,2,10,0,237,12,0,0,0,1,0,0,0,5,4,0,0,0,0,0,2,0,0,0,0,0,0,0,0,2,1,0,42,0,0,0,0,0,0,12,5,0,0,115,0,3636,0,0,0,0,3,0,0,0,0,0,0,0,0,24,0,0,0,26,0,0,0,0,0,22,0,0,0,0,0,0,0,0,0,0,0,0,9,47,2,0,0,0,0,0,0,0,0,0,0,0,28,4,5,0,0,166,0,0,0,0,0,13,0,3,0,0,0,0,244,18,58,0,0,210,0,0,0,0,44,0,20,211,0,0,0,10,5,25,34,0,249,0,6,0,0,0,0,0,140,2,21,0,0,0,0,3,0,0,0,0,0,0,17,6,0,0,0,0,7,0,21,0,0,0,0,0,0,0,0,0,0,0,0,228,0,0,0,0,0,0,0,175,0,0,0,0,8,0,0,0,0,5,0,0,63,5,130,0,0,0,149,0,0,21,0,0,43,0,0,8,0,0,0,0,0,4,0,12,0,0,0,0,0,0,0,0,144,404,1,0,0,125,0,0,0,0,0,9,0,0,0,0,0,0,6,0,357,247,110,0,3,11,0,0,0,6,0,0,0,0,0,0,0,0,0,0,31,9
"P4-S_Soil",0,45,34,7,0,11,7,24,0,0,8,0,3,2,0,0,534,38,0,0,0,0,229,9,0,12,148,0,0,0,7,1728,0,23,0,0,11,9,5,0,181,0,0,0,0,0,0,0,0,0,0,0,0,14,0,9,0,2,132,0,0,5,2,0,0,0,0,0,120,0,14,0,3,0,0,0,16,0,0,12,7,0,0,0,0,0,0,0,0,334,0,269,0,650,6,0,0,6,0,0,0,0,0,0,0,0,0,0,0,0,0,0,0,4,0,0,0,2,0,0,0,0,0,0,4,6,9,0,308,3,473,0,0,1177,0,21,0,0,0,0,0,0,0,0,0,0,46,0,27,0,0,0,0,0,8,378,0,0,0,393,0,0,0,0,0,0,0,0,6,0,0,0,0,4,0,0,0,0,0,0,0,12,0,53,0,36,0,8,0,10,32,0,0,0,1260,0,0,0,0,8,0,0,0,1,0,0,0,0,0,0,0,0,10,0,1,0,0,42,0,47,0,0,0,150,1,0,3,45,0,0,0,0,0,0,0,0,197,0,0,6,0,0,0,80,26,44,73,50,5,0,2,0,0,0,20,23,6,0,6,0,0,0,6,0,0,16,21,3,25,0,21,4,0,0,0,0,0,0,0,13,10,4,0,0,7,0,4,0,0,0,0,0,0,6,0,0,7,1,19,0,0,0,0,0,0,0,0,0,0,33,0,2036,0,0,0,2,0,0,0,0,0,0,17,0,10,0,0,0,0,0,0,0,0,0,3,39,0,0,0,1,0,0,0,2,0,0,0,0,0,95,0,0,0,0,0,4,0,0,0,0,0,3,22,18,0,0,4,94,0,0,0,19,0,0,0,0,0,0,0,0,16,8,51,0,0,27,0,0,0,0,158,0,6,70,0,0,0,13,0,45,0,0,141,0,24,0,0,0,2,0,135,6,2,0,0,0,5,0,0,0,0,3,0,0,39,0,0,0,0,0,0,0,2,0,0,0,0,0,0,0,0,0,0,0,0,144,0,0,0,0,0,0,0,91,0,0,0,0,0,0,0,0,0,0,0,0,128,0,120,0,5,3,702,0,7,21,0,0,109,0,1,0,0,0,0,0,0,0,0,7,0,0,0,8,155,0,0,0,39,0,0,0,0,30,0,0,0,0,0,0,9,4,0,0,0,0,7,0,414,93,93,0,0,14,0,0,0,12,0,0,0,0,0,0,0,0,2,0,3,1
"P5-1_Root",0,52,0,0,109,0,0,0,0,0,783,0,4,0,21,1,1,0,0,0,0,0,545,15,46,42,477,203,0,3,195,3384,2,8,10,0,16,53,0,376,435,0,0,0,34,0,0,120,0,0,0,0,26,21,0,44,31,0,175,0,0,25,0,0,11,0,0,0,3,0,0,0,6,0,0,0,3,0,0,0,6,0,0,0,16,0,1,2,0,908,0,471,10,3132,0,0,0,8,0,0,3,0,0,4,0,0,0,0,0,0,0,0,0,33,0,0,0,4,0,0,0,19,0,0,2,0,4,0,87,0,0,0,0,8,0,3,10,0,0,0,21,3,0,0,0,0,67,0,13,0,0,0,0,0,0,575,2,0,0,11,2,0,12,0,0,0,0,0,4,0,0,0,0,24,24,2,0,0,15,0,0,3,2,362,0,3,0,13,0,0,2,4,7,0,5,0,0,0,5,0,0,0,0,0,0,0,0,35,0,0,0,0,0,0,0,0,0,31,0,23,0,0,0,292,0,39,0,51,2,0,0,0,0,0,0,13,53,0,0,111,0,0,2,3,3,5,0,24,0,0,196,0,0,0,0,4,12,0,0,0,0,4,0,0,0,68,0,0,0,0,25,102,0,0,0,0,0,0,0,137,8,7,0,2,0,0,0,0,0,21,0,0,0,0,0,0,3,0,86,0,17,0,24,0,0,44,0,0,0,131,0,1277,0,0,0,0,0,0,0,0,0,0,0,0,6,106,0,0,0,0,0,0,0,0,4,36,0,0,0,0,0,0,0,2,0,0,0,0,2,62,0,0,116,0,9,0,0,0,0,0,0,0,6,5,0,0,0,84,0,0,0,0,0,0,0,0,0,0,0,0,25,0,102,0,0,300,0,0,0,0,6,0,0,34,0,0,0,80,0,5,64,0,21,0,48,0,0,0,0,0,307,5,12,0,0,0,0,0,0,0,0,0,0,0,2,0,0,0,0,0,0,0,8,0,0,2,0,0,0,0,0,0,0,0,0,44,0,18,0,0,0,0,0,92,0,0,0,2,0,0,0,0,0,0,0,0,33,0,22,0,0,0,29,0,0,0,0,0,0,1,0,0,0,0,0,24,0,0,0,34,96,0,0,0,62,0,0,0,156,0,0,0,0,26,0,0,0,0,0,0,20,0,0,1,0,0,0,0,59,285,63,0,0,0,0,0,0,0,0,0,0,0,0,0,0,0,0,0,6,0
"P5-2_Root",0,52,1,0,130,0,0,0,0,1,727,1,2,0,20,0,6,0,0,0,0,1,584,12,70,50,512,177,1,2,147,2404,0,11,4,0,18,40,0,329,423,0,0,5,34,0,0,115,0,0,0,4,15,52,0,78,18,2,173,0,0,31,0,0,9,0,0,0,8,0,0,0,2,0,0,0,4,0,0,4,3,0,0,0,12,0,3,2,0,890,0,403,8,3122,1,0,0,8,0,2,2,0,0,3,0,0,0,0,0,0,0,0,0,41,0,0,0,0,0,0,0,9,0,0,1,0,4,0,162,0,4,0,0,8,0,1,20,0,0,0,23,0,0,0,0,0,130,0,8,0,0,0,0,0,0,629,0,0,2,27,4,0,5,0,0,0,0,0,0,0,0,0,0,65,30,6,0,0,14,3,0,9,0,291,1,6,0,18,0,0,8,3,15,0,5,0,0,0,8,4,0,0,0,0,0,0,0,46,0,3,0,0,0,0,0,0,0,43,0,25,6,0,0,290,0,60,0,65,0,0,0,0,0,0,0,11,63,0,0,145,0,0,0,3,1,1,0,40,0,0,259,0,0,0,1,7,5,6,0,0,0,11,0,0,0,51,0,0,2,2,31,55,0,0,0,4,0,0,0,127,8,7,0,3,8,0,0,0,0,15,2,0,0,0,0,4,0,1,83,3,13,0,25,0,0,61,0,0,0,158,2,1213,0,0,0,5,2,3,0,0,0,0,0,0,13,81,0,0,0,4,0,0,0,0,0,44,0,0,0,0,0,0,0,6,0,0,4,0,3,37,0,2,93,0,14,2,0,0,0,0,0,0,4,8,0,0,1,71,0,0,0,0,0,0,0,0,0,0,0,0,25,0,134,0,0,360,0,0,0,0,6,0,0,63,0,0,0,80,2,20,82,0,28,0,34,0,0,1,0,0,526,13,13,0,0,0,0,0,0,0,0,0,0,0,5,1,0,0,0,0,0,0,9,0,0,3,0,0,0,0,0,0,0,0,0,59,0,9,0,0,0,0,0,105,0,0,0,1,0,0,0,0,0,0,0,0,19,0,26,0,1,0,37,0,0,0,0,0,3,5,1,0,0,0,0,7,0,2,0,22,104,0,0,0,28,0,0,0,179,0,0,0,0,28,0,0,0,0,0,0,20,0,0,6,0,0,0,0,110,348,116,0,0,0,0,0,0,4,0,0,0,0,0,0,1,0,0,0,9,3
"P5-N_Soil",0,27,8,0,29,0,0,5,0,0,368,0,6,0,0,0,29,4,0,0,0,0,245,34,0,98,636,40,2,0,193,4009,0,37,20,0,94,53,0,9,202,0,0,0,0,0,0,0,0,0,0,0,9,13,0,34,5,6,152,0,0,16,0,0,0,0,0,0,7,0,2,0,1,0,0,0,18,0,0,0,9,0,0,0,22,0,0,0,0,300,0,602,0,2732,0,0,0,27,0,1,0,0,0,0,0,0,0,0,0,0,0,0,0,51,0,0,0,0,0,0,0,13,0,0,0,0,0,0,181,0,4,0,0,115,0,32,23,0,0,0,0,0,0,0,0,0,69,0,6,0,0,0,0,0,0,377,0,0,0,181,0,0,0,0,0,0,0,0,6,0,0,0,0,34,6,0,0,0,0,0,0,11,0,502,0,18,0,22,0,0,27,0,0,0,187,0,0,0,0,7,0,6,0,0,0,0,0,15,0,0,0,0,0,0,0,0,0,17,0,99,0,0,0,352,0,15,0,31,0,0,0,16,0,0,0,0,77,0,0,37,0,0,0,1,4,16,5,33,0,0,100,0,2,0,0,13,6,0,0,0,0,0,0,0,0,436,0,0,0,0,32,15,0,0,0,6,0,0,0,52,5,16,0,5,4,0,0,0,0,0,0,12,0,0,0,0,0,0,45,0,0,0,0,0,0,24,0,0,0,211,4,2486,0,0,0,0,0,0,0,0,0,0,0,0,14,34,0,0,0,3,0,0,0,0,1,57,0,0,0,0,0,0,0,9,0,0,0,0,0,35,0,0,0,1,0,0,0,0,0,0,0,0,18,7,0,0,0,119,0,0,0,0,0,0,0,0,0,0,0,0,69,4,172,0,0,140,0,0,0,0,31,0,20,47,0,0,0,17,0,35,29,0,112,0,54,0,0,4,0,0,336,12,2,0,0,0,0,0,0,0,0,0,0,0,0,0,0,0,0,0,0,0,9,0,0,0,5,0,0,0,0,0,0,0,0,73,0,3,0,0,0,0,0,121,0,0,0,2,0,0,0,0,0,0,0,0,10,0,21,0,0,0,70,0,0,0,0,0,6,0,0,0,0,0,0,2,0,0,0,29,0,0,0,2,0,0,0,0,76,2,0,0,0,22,0,0,0,0,0,0,20,2,0,6,0,0,3,0,368,250,94,0,0,5,0,0,0,0,0,0,0,0,0,0,3,0,0,0,0,0
"P5-S_Soil",0,34,0,0,3,0,0,0,0,0,302,0,0,0,0,0,63,0,0,0,0,0,253,55,38,0,581,17,6,0,1271,5783,0,8,0,0,41,8,0,0,161,0,0,0,15,0,0,0,0,0,0,0,0,0,0,3,0,1,340,0,0,11,3,0,5,0,0,0,0,0,1,0,0,0,1,2,45,0,0,0,0,0,0,0,0,0,0,0,0,131,0,444,0,1106,0,0,0,37,0,0,0,0,0,0,0,0,0,0,0,0,0,0,0,33,0,0,0,0,0,0,0,12,0,0,0,0,0,0,130,0,2,0,0,68,0,0,0,0,0,0,0,0,0,0,0,0,140,0,5,0,0,0,0,0,0,472,0,0,0,50,0,0,0,0,0,0,0,0,0,0,0,0,0,16,9,0,0,0,0,0,0,27,0,461,0,9,0,20,0,0,0,0,0,0,17,0,0,0,2,25,0,0,0,0,0,0,0,0,0,0,0,0,0,0,0,0,0,23,0,0,0,0,0,165,0,2,0,18,0,0,0,0,0,0,0,0,116,0,0,15,0,0,0,0,0,2,0,49,0,0,31,0,0,0,0,0,8,0,0,0,0,0,0,0,0,8,0,0,0,0,22,2,0,0,0,7,0,0,0,11,8,0,0,0,1,0,1,0,0,0,0,0,0,0,0,0,0,0,23,0,0,0,0,0,0,0,0,0,0,57,1,3326,0,0,0,0,2,3,0,0,0,0,0,0,2,0,0,0,0,3,0,0,0,0,10,166,0,0,0,0,4,0,0,0,0,0,0,0,8,47,0,0,6,0,0,0,0,0,0,0,0,0,22,9,0,0,0,76,0,0,0,0,0,0,0,0,0,0,0,0,46,0,112,0,0,65,0,0,0,0,63,0,0,12,0,0,0,5,0,2,0,0,215,0,34,0,0,0,0,0,519,6,27,0,0,0,0,0,0,0,0,0,0,0,0,0,0,0,0,0,0,0,1,0,0,2,0,0,0,0,0,0,0,0,0,60,0,0,0,0,0,0,0,1,0,0,0,3,0,0,0,0,0,0,0,0,7,0,0,0,0,0,79,0,0,0,0,0,1,0,1,0,0,0,0,6,0,1,0,29,0,0,0,0,0,0,0,0,61,0,0,0,0,11,0,0,0,0,0,0,0,3,0,0,0,0,0,0,200,426,306,0,0,0,0,0,0,4,0,0,0,0,0,0,0,0,0,0,0,0
"P6-1_Root",0,14,0,0,52,4,0,5,0,0,223,0,0,2,0,0,48,0,0,0,0,0,686,22,39,8,335,1,5,0,22,3067,0,0,36,0,4,16,0,258,3016,0,0,4,2,0,0,8,0,0,3,0,6,33,0,5,0,0,68,0,0,26,0,0,17,0,0,0,2,0,0,0,0,0,1,0,0,0,0,9,13,0,0,0,8,0,0,0,0,503,0,239,14,1088,0,0,0,5,0,0,0,0,0,0,0,0,0,0,0,0,0,0,0,8,0,0,0,0,0,0,0,0,0,0,4,4,0,0,79,199,31,0,0,560,0,36,0,0,0,0,0,0,0,0,0,0,24,0,42,0,0,0,0,0,0,155,0,0,3,20,1,2,0,0,0,0,0,0,44,0,0,0,0,10,0,0,0,0,0,14,0,2,0,78,0,20,0,3,0,0,2,0,0,0,40,0,0,0,10,13,0,0,0,10,0,0,0,0,0,0,0,0,0,0,0,0,0,62,0,0,2,0,0,112,0,0,0,39,0,0,0,0,0,0,0,4,70,0,0,121,0,0,0,75,12,4,9,5,0,0,53,0,0,0,0,0,1,0,0,0,0,0,0,0,0,41,20,13,151,2,142,12,0,0,0,0,0,0,0,53,2,0,0,0,3,0,0,0,0,0,0,0,0,0,0,0,3,4,13,0,0,0,0,0,0,12,0,0,0,71,0,999,0,0,0,0,0,13,10,0,0,0,0,0,281,0,0,0,0,0,0,0,0,0,6,24,0,0,0,0,0,0,0,4,0,0,0,0,2,100,4,0,0,2,3,0,0,0,0,0,0,0,0,0,0,0,0,81,0,0,0,0,0,0,0,0,0,0,0,0,16,139,99,0,0,223,0,0,2,0,21,0,3,29,2,0,0,34,0,3,0,0,122,6,3,1,0,0,0,0,128,1,29,0,0,0,0,0,0,0,0,0,0,0,17,0,0,0,0,0,7,0,12,0,0,0,0,0,0,0,0,0,0,0,0,71,0,0,0,0,0,0,0,35,0,0,0,0,0,0,0,0,0,0,0,0,28,0,11,0,0,0,75,0,0,0,0,0,21,1,4,0,0,0,0,0,0,0,0,0,0,0,0,0,2402,0,0,0,117,0,0,0,0,28,0,0,0,0,0,0,0,0,0,0,0,0,0,0,73,241,55,0,0,0,0,0,0,18,0,0,0,0,2,0,0,0,0,0,173,2
"P6-2_Root",0,19,0,0,33,9,0,6,0,0,221,0,0,0,0,0,88,1,0,0,0,0,763,26,33,13,311,4,0,0,30,2860,0,2,18,0,0,11,0,295,2434,0,0,0,6,0,0,2,0,0,1,0,5,41,0,2,0,4,48,0,0,35,0,0,19,0,0,0,0,0,0,0,0,0,0,0,0,0,0,5,4,0,0,0,2,0,0,0,0,534,0,237,5,1483,1,0,0,3,0,0,2,0,0,0,0,0,0,0,0,0,15,0,0,10,0,0,0,0,0,0,0,0,0,0,0,0,10,0,91,149,28,0,0,671,0,62,0,0,0,0,0,0,0,0,0,0,44,0,48,0,0,0,0,0,0,195,0,0,3,25,0,1,0,0,1,0,0,0,64,0,0,0,0,22,0,0,0,0,3,7,0,2,0,87,0,20,0,5,0,0,9,0,0,0,33,0,0,0,12,13,0,0,0,0,0,0,0,4,0,0,0,0,0,0,0,0,0,90,0,0,0,0,0,111,0,0,0,41,0,0,0,0,0,0,0,0,63,0,0,82,0,0,0,59,6,4,0,3,0,0,32,0,0,0,0,0,4,0,0,0,0,0,0,0,0,36,8,24,79,0,192,17,0,0,0,0,0,0,0,93,9,0,0,3,0,0,0,0,0,0,0,0,0,0,0,0,0,4,18,0,0,0,0,0,0,11,0,0,0,85,0,1024,0,0,0,0,2,7,7,0,0,0,0,0,291,0,0,0,0,0,0,0,0,0,4,34,0,1,0,0,0,0,0,5,0,0,0,0,1,74,0,0,7,0,0,0,0,0,0,0,0,0,0,0,0,0,0,63,0,0,0,0,0,0,0,0,0,0,0,0,22,18,123,0,0,207,0,0,0,0,9,0,7,41,0,0,0,21,0,0,5,0,110,0,3,0,0,0,0,0,229,3,31,0,0,0,0,0,0,0,0,0,0,0,10,0,0,0,0,0,6,0,10,0,0,0,0,0,0,0,0,0,0,0,0,75,0,0,0,0,0,0,0,19,0,0,0,0,0,0,0,0,0,0,0,0,24,0,14,0,0,0,83,0,0,0,0,0,41,2,6,0,0,0,0,0,0,0,0,12,0,0,0,0,2368,0,0,0,90,0,0,0,0,32,0,0,0,0,0,0,0,0,0,0,0,0,0,0,108,255,106,0,0,2,0,0,0,12,0,0,0,0,0,0,0,0,0,0,126,0
"P6-N_Soil",0,27,20,1,25,44,38,26,0,0,56,0,8,0,0,0,767,19,10,0,0,2,131,16,0,124,92,5,0,0,27,1162,0,44,0,0,65,33,0,22,139,0,0,27,0,0,0,0,0,9,0,0,11,24,3,47,3,8,105,0,0,20,0,0,0,0,0,0,183,0,7,0,0,0,0,0,33,0,0,15,4,6,0,0,45,0,0,0,0,235,0,300,5,416,42,0,0,0,0,0,0,0,0,0,0,0,0,0,0,0,0,0,0,24,0,0,0,17,0,0,0,0,0,0,0,0,0,0,206,0,553,0,0,994,0,9,0,0,0,0,0,0,0,0,0,0,5,8,28,0,0,0,0,0,0,592,0,0,0,354,1,0,0,0,0,0,0,0,8,0,2,0,0,4,0,0,0,0,0,0,0,0,0,111,0,39,0,3,0,4,48,0,8,0,1639,3,5,0,3,30,0,34,0,0,0,0,0,0,8,0,0,0,20,0,3,0,0,38,3,209,6,5,0,118,0,0,7,51,0,0,0,0,0,0,0,2,204,0,4,15,0,0,0,37,68,108,76,10,0,0,25,0,0,0,43,19,0,0,0,0,0,0,0,0,6,147,9,4,14,0,22,1,0,0,0,0,0,0,0,9,0,0,0,8,0,0,0,0,0,0,0,0,0,5,0,0,8,0,21,0,0,0,0,0,0,19,2,0,1,50,0,2299,0,0,0,0,0,0,0,0,0,0,2,1,13,3,0,0,6,15,0,2,0,0,2,15,0,0,0,0,3,2,0,3,0,0,0,0,2,39,0,0,9,0,0,0,0,0,0,0,0,4,0,4,0,0,5,83,5,0,6,0,0,0,0,0,0,0,0,0,13,0,79,0,8,9,0,0,21,0,85,0,33,19,5,0,0,5,0,43,19,0,181,0,10,0,0,0,0,0,52,0,5,0,0,0,0,0,0,0,0,4,0,0,52,13,0,0,0,0,2,0,6,0,0,0,0,14,0,0,0,0,0,0,0,186,0,6,0,0,0,0,0,160,0,0,0,0,0,0,0,0,0,0,0,0,42,0,52,0,6,0,257,0,1,161,0,0,352,5,5,9,0,0,0,0,0,0,0,0,0,0,0,7,80,0,0,0,29,0,0,0,0,9,0,0,0,0,0,0,0,0,0,0,0,0,7,0,360,18,259,0,0,10,0,0,0,19,0,0,8,0,0,0,0,0,5,0,16,19
"P6-S_Soil",0,49,0,0,7,1,0,0,0,0,177,0,19,0,0,0,38,7,0,0,0,0,242,5,3,56,289,29,0,0,85,2114,0,0,0,0,2,76,0,16,52,0,0,17,0,0,0,0,0,0,0,0,0,9,0,19,1,0,137,0,0,2,7,0,3,0,0,0,43,0,8,0,0,0,2,0,12,0,0,8,15,0,0,0,22,0,0,0,0,567,0,342,3,3423,0,0,0,11,0,0,0,0,0,0,0,0,0,0,0,0,0,0,0,52,0,0,0,8,0,0,0,14,0,0,0,0,8,0,203,0,48,0,0,184,0,23,4,0,0,0,0,0,0,0,0,0,87,0,0,0,0,0,0,0,0,408,0,0,5,108,0,0,0,0,0,0,0,0,0,0,0,0,0,26,0,0,0,0,0,14,0,56,0,357,13,13,0,11,0,15,59,0,48,0,96,0,0,0,0,8,0,9,0,0,0,0,0,0,0,0,0,0,0,0,0,0,0,19,0,88,47,0,0,572,0,0,0,41,0,0,0,0,0,0,0,0,225,0,0,13,10,0,0,3,38,30,0,29,1,0,152,0,0,0,2,5,0,0,0,0,0,0,0,0,0,14,0,0,9,0,42,14,0,0,0,10,0,0,0,0,11,36,0,0,0,0,0,0,0,0,0,0,0,3,0,0,11,8,31,0,0,0,0,0,0,24,28,0,0,133,0,2344,0,0,0,5,0,0,0,0,0,0,0,0,0,73,0,0,0,7,0,0,0,0,0,10,0,0,0,0,0,0,0,2,0,0,0,0,0,27,0,0,8,15,0,0,0,0,0,0,0,0,0,2,0,0,0,525,0,0,0,0,0,6,0,0,0,0,0,0,84,53,46,0,0,194,0,0,0,0,49,0,0,67,0,0,0,10,0,28,36,0,285,0,9,0,0,0,0,0,225,8,6,0,0,0,0,0,0,0,0,1,0,0,4,7,0,0,0,0,0,0,1,0,5,0,0,0,0,0,0,0,0,6,0,102,0,0,0,0,0,0,0,145,0,0,0,0,0,0,0,0,0,0,58,0,53,0,145,0,0,0,118,0,0,37,0,0,70,0,0,0,0,0,0,0,0,0,0,14,3,0,0,0,6,0,0,0,214,0,0,0,0,19,0,0,0,0,0,0,66,0,0,0,0,0,3,0,158,82,311,0,2,12,0,0,0,5,0,0,0,0,0,0,0,0,0,0,29,4
"P7-1_Root",0,68,0,0,62,0,0,11,0,0,355,0,0,3,0,0,0,2,0,0,0,0,749,15,36,33,335,39,5,0,121,5105,0,27,0,0,0,2,0,28,529,0,0,4,13,0,0,38,0,0,0,0,1,9,0,8,0,1,297,0,0,90,2,0,7,0,0,0,2,0,5,1,0,0,0,0,3,0,0,0,8,0,0,0,0,3,0,7,0,528,0,175,0,901,1,0,0,2,0,0,0,0,0,0,0,0,0,0,0,2,0,0,0,9,0,0,0,0,0,0,0,5,0,0,4,1,5,0,169,0,44,0,0,331,0,0,0,0,0,0,0,0,1,0,0,0,106,0,66,0,0,0,0,0,0,190,0,0,2,7,0,0,0,0,0,0,0,0,28,0,1,0,0,13,3,0,0,0,0,10,0,0,0,110,0,3,0,5,0,0,4,4,0,0,20,0,0,0,2,8,1,0,0,0,0,0,0,0,0,0,0,0,0,0,0,0,0,259,0,0,0,0,0,79,0,0,0,70,0,0,0,0,0,0,0,2,45,0,0,68,0,0,0,18,0,3,0,19,0,0,49,0,2,0,0,0,2,0,0,0,0,0,0,0,0,13,0,1,44,4,16,29,0,0,0,0,0,0,0,12,39,0,0,0,0,0,0,0,0,0,0,0,0,0,0,0,0,1,0,0,5,0,0,0,0,24,0,0,0,109,0,2190,0,0,0,0,6,2,0,0,0,0,0,0,42,0,0,0,0,0,0,0,0,0,9,30,0,0,0,0,0,0,0,6,0,6,0,0,0,82,2,0,34,0,0,0,0,0,0,0,0,0,12,2,0,0,0,83,0,0,0,0,0,0,0,0,0,0,0,0,22,1,111,0,0,174,0,0,0,0,28,0,0,55,0,0,0,4,0,11,0,0,36,0,42,0,0,0,0,0,388,1,52,0,0,0,0,0,0,0,0,0,0,0,20,0,0,0,0,0,3,0,2,0,0,6,0,0,0,0,0,0,0,0,0,83,0,1,0,3,0,0,0,9,0,0,0,0,0,0,0,0,0,0,0,0,20,0,0,0,0,0,93,0,0,0,0,0,2,0,3,0,0,0,0,3,0,0,0,3,0,3,0,0,93,0,0,0,274,0,0,0,0,63,0,0,0,0,1,0,0,7,0,3,0,0,0,0,90,460,48,0,0,0,0,0,0,8,0,0,0,0,0,0,1,0,0,0,25,0
"P7-2_Root",0,60,0,0,64,0,0,9,0,0,363,0,0,3,4,0,0,0,0,0,0,0,733,21,37,22,348,32,8,0,140,5551,0,39,0,0,0,0,0,57,566,0,0,6,18,0,0,50,0,0,0,0,0,6,0,3,0,1,251,0,0,77,4,0,18,0,0,0,0,0,1,0,0,0,0,0,2,0,0,0,14,0,0,0,0,0,0,0,0,478,0,195,0,866,1,0,0,3,0,0,0,0,0,0,0,0,0,0,0,0,0,0,0,8,0,0,0,0,0,0,0,3,2,0,2,0,2,0,137,0,28,0,0,352,0,0,0,0,0,0,0,0,5,0,0,0,111,0,65,0,0,0,0,0,0,289,0,1,0,11,0,0,0,0,0,0,0,0,24,0,0,0,0,40,6,0,0,0,0,7,0,0,0,96,3,5,0,2,0,0,4,8,0,0,8,0,0,0,4,13,2,0,0,0,0,0,0,0,0,0,0,0,0,0,0,0,0,187,0,0,0,0,0,86,0,0,0,83,0,0,0,0,0,0,0,7,54,0,0,42,0,0,0,25,0,0,0,17,0,0,64,0,3,0,0,0,2,0,0,0,0,0,0,0,0,21,0,0,31,5,12,42,0,1,0,3,0,0,0,12,21,0,0,0,0,0,0,0,0,0,0,0,0,0,0,0,0,1,6,0,0,0,0,0,0,10,0,0,0,110,0,2410,0,0,0,0,3,2,0,0,0,0,0,0,20,3,0,0,0,2,0,0,0,0,3,31,0,0,0,0,0,0,0,7,0,4,0,0,0,69,0,0,34,0,0,0,0,0,0,0,0,0,20,4,0,0,3,59,0,0,0,0,0,0,0,0,0,0,0,0,36,1,108,0,0,187,0,0,0,0,14,0,0,40,0,0,0,2,0,18,0,0,28,0,59,0,0,0,0,0,414,0,62,0,0,0,0,0,0,0,0,0,0,2,9,0,0,0,0,0,4,0,1,0,0,5,0,0,0,0,0,0,0,0,0,78,0,0,0,8,0,0,0,6,0,0,0,0,0,0,0,0,0,0,0,0,21,0,2,0,0,0,116,0,0,0,0,0,2,0,5,0,0,0,0,3,0,0,0,0,0,8,0,0,136,0,0,0,255,0,0,3,0,61,0,0,0,0,0,0,0,3,0,5,0,0,0,0,73,468,40,0,0,0,0,0,0,13,0,0,0,0,0,0,0,0,3,0,9,0
"P7-N_Soil",0,43,0,3,0,0,0,14,0,0,140,0,5,0,0,3,5,7,0,0,0,0,359,24,13,43,252,9,0,0,177,3111,0,47,0,0,2,0,0,0,58,0,0,0,3,0,0,0,0,0,0,0,0,0,0,0,0,4,217,0,0,7,0,0,0,0,0,0,6,0,10,0,4,0,0,0,42,0,0,7,16,0,0,0,0,0,0,2,0,378,0,347,0,637,0,0,0,11,0,0,0,0,0,0,0,0,0,0,0,0,0,0,0,43,0,0,0,0,0,0,0,0,0,0,0,3,0,0,289,0,228,0,0,1038,0,0,1,0,0,0,0,2,1,0,0,0,33,0,26,0,0,0,0,0,0,187,0,0,1,41,0,0,0,0,0,0,0,0,0,0,0,0,0,33,2,0,0,0,0,0,0,0,0,314,0,7,0,20,0,0,49,0,0,0,61,0,0,0,0,9,0,0,0,0,0,0,0,0,0,0,0,0,0,0,0,0,0,27,0,16,0,0,0,176,0,0,0,25,0,0,0,0,0,0,0,0,77,0,0,27,0,0,0,4,4,37,0,17,3,0,12,0,2,0,3,20,6,0,6,0,0,0,0,0,0,37,0,2,6,4,41,22,0,0,0,8,0,0,0,58,8,0,0,0,8,1,0,0,0,0,0,0,0,0,0,0,0,0,16,0,0,0,0,0,0,0,0,0,0,35,0,2724,0,0,0,0,1,0,0,0,0,0,0,0,5,0,0,0,0,0,0,0,0,0,2,30,0,0,0,0,0,0,0,2,0,0,0,0,0,57,0,0,169,0,0,0,0,0,0,0,0,0,37,10,0,0,5,246,0,0,0,2,0,1,0,0,0,0,0,0,144,3,76,0,0,132,0,0,0,0,157,0,0,121,0,0,0,0,0,28,0,0,444,0,71,0,0,0,0,0,332,6,52,0,0,0,0,0,0,1,0,0,0,0,3,0,0,0,0,0,4,0,22,0,0,0,0,0,0,0,0,0,0,0,0,132,0,0,0,0,0,0,0,57,0,0,0,1,0,0,0,0,0,2,0,0,30,0,4,0,2,0,647,0,7,4,0,0,20,0,0,7,0,0,0,0,0,0,0,0,0,0,0,0,0,0,0,0,100,0,0,5,0,31,0,0,0,0,0,0,0,13,0,0,0,0,7,0,327,564,67,0,0,0,0,0,0,0,0,0,0,0,0,0,3,0,0,0,4,11
"P7-S_Soil",0,76,7,1,12,0,0,23,0,2,798,0,10,16,6,4,0,9,0,0,0,0,392,19,10,49,234,25,0,0,140,2291,0,161,122,0,0,83,4,127,69,0,0,14,0,0,0,0,0,0,0,0,0,29,0,58,4,0,152,0,0,24,18,0,7,0,0,0,18,0,31,0,22,0,0,0,51,0,0,10,14,0,0,0,19,0,0,2,0,695,0,239,0,1827,0,0,0,74,0,0,0,0,0,2,0,0,0,0,0,0,0,3,0,54,0,1,0,6,0,0,0,0,0,0,2,0,5,0,246,2,137,0,0,46,0,0,19,0,0,0,6,2,0,0,2,0,148,2,39,0,0,0,8,0,0,167,8,0,0,246,1,0,0,0,0,0,0,0,5,0,0,0,0,46,3,11,0,0,30,0,0,16,0,161,13,4,0,55,0,0,53,0,0,0,18,0,0,0,17,20,0,0,0,3,0,0,0,8,0,0,0,0,0,0,0,0,0,81,0,204,0,0,1,310,0,0,0,304,0,0,0,0,0,0,0,16,257,0,0,58,0,0,0,4,21,13,0,154,19,0,121,0,0,0,25,28,35,0,0,0,0,0,0,0,10,2,0,0,33,0,71,45,0,0,0,7,0,0,0,22,0,0,0,0,13,0,0,0,0,2,0,0,0,14,0,0,0,0,19,0,0,0,0,0,0,27,0,0,0,135,0,1813,0,0,0,0,5,0,0,0,0,0,0,0,15,47,0,0,0,3,0,0,0,0,2,44,0,0,0,0,0,0,0,8,0,0,0,0,3,59,0,0,4,0,0,0,0,0,0,0,8,0,11,28,0,0,9,133,0,2,3,0,0,6,0,0,0,0,0,0,243,4,194,15,0,179,0,1,4,0,32,0,16,167,0,0,0,39,0,43,0,0,273,0,37,0,0,0,0,0,334,15,9,0,0,0,0,0,0,7,3,12,0,0,65,17,0,0,5,0,4,0,14,0,0,11,0,0,0,0,0,0,0,0,0,129,0,17,0,9,0,0,0,45,6,0,0,15,1,0,0,0,21,10,0,0,63,0,95,0,2,8,310,0,5,61,0,0,52,0,0,12,0,0,0,2,0,0,0,11,0,0,0,0,0,0,0,0,118,0,0,0,0,27,0,0,0,0,0,0,6,15,0,0,0,0,9,0,321,339,196,1,0,9,0,0,0,3,0,1,0,0,0,0,0,1,2,0,2,5
"P8-1_Root",0,30,0,0,21,0,4,4,0,0,750,3,5,1,15,0,2,0,0,0,0,0,811,24,177,27,504,174,7,0,174,3125,0,11,71,0,0,32,0,136,880,0,0,7,73,0,0,23,0,0,0,0,3,40,0,29,0,5,165,0,0,26,15,0,6,0,0,0,5,0,5,0,5,0,0,0,2,0,0,0,3,0,0,0,1,0,0,0,0,881,0,428,0,1427,0,0,0,33,0,0,0,0,0,0,0,0,0,0,0,0,0,0,0,45,0,0,0,1,0,0,0,11,0,0,3,0,5,0,168,11,9,0,0,21,0,2,0,0,0,0,0,0,0,0,0,0,143,0,21,0,0,0,0,0,0,385,0,0,3,33,0,0,0,0,0,0,0,0,7,0,0,0,0,27,42,4,0,0,23,0,0,0,0,121,0,5,0,16,0,0,18,6,0,0,8,0,0,0,8,7,0,0,0,0,0,0,0,11,0,9,0,0,0,2,0,0,0,62,0,20,0,0,0,289,0,6,0,138,0,0,0,0,0,0,0,9,127,0,0,155,0,0,0,10,0,6,0,70,5,0,154,0,3,0,9,6,11,0,0,0,0,3,0,0,0,14,0,0,23,0,40,101,0,0,0,4,0,0,0,101,22,0,0,0,0,0,3,0,0,7,0,0,0,4,0,0,0,10,13,13,28,0,0,0,0,0,0,0,0,147,0,1051,0,0,0,0,0,10,0,0,0,0,0,0,45,46,0,0,0,19,0,0,0,0,5,119,0,0,0,0,4,0,0,13,0,0,0,0,0,132,0,0,0,0,0,0,0,0,0,0,0,0,0,19,0,0,5,116,0,0,0,0,0,0,0,0,0,0,0,0,53,18,198,0,0,292,0,0,0,0,22,0,0,31,0,0,0,93,0,17,0,0,253,0,90,0,0,0,0,0,588,15,18,0,0,0,0,0,0,0,0,4,0,0,1,0,0,0,0,0,8,0,27,0,0,3,0,0,0,0,0,0,0,0,0,72,0,3,0,2,0,0,0,63,0,0,0,2,0,0,0,0,0,4,0,0,37,0,16,0,2,0,187,0,0,0,0,0,8,1,21,4,0,4,0,0,0,0,0,16,4,0,0,0,248,0,0,0,145,0,0,0,0,41,0,0,0,0,0,0,4,6,0,0,0,0,0,0,87,631,94,0,0,0,0,0,0,5,0,0,0,0,0,0,0,0,0,0,18,2
"P8-2_Root",0,43,0,0,15,0,0,0,0,0,982,0,5,4,22,0,0,0,0,0,0,0,851,26,183,12,568,183,5,0,152,3021,0,8,45,0,0,28,0,75,1057,0,0,8,89,0,0,36,0,0,0,0,0,59,0,26,0,0,153,0,0,46,4,0,7,0,0,0,6,0,0,0,2,0,0,0,1,0,0,0,7,0,0,0,0,0,0,2,0,817,0,486,0,1436,0,0,0,38,0,0,0,0,0,0,0,0,0,0,0,0,0,0,0,44,0,0,0,1,0,0,0,4,0,0,5,0,12,0,186,0,9,0,0,35,0,2,4,0,0,0,0,0,0,0,0,0,136,0,21,0,0,0,0,0,0,284,0,0,0,6,0,0,0,0,0,0,0,0,5,0,0,0,0,48,88,4,0,0,28,0,0,3,0,108,5,9,0,13,0,0,26,4,0,0,7,0,0,0,4,1,0,0,0,0,0,0,0,11,0,8,0,0,0,0,0,0,0,68,0,18,0,0,0,360,0,8,0,154,0,0,0,0,0,0,0,5,149,0,0,169,0,0,0,2,3,2,0,54,0,0,187,0,4,0,3,10,8,0,0,0,0,4,0,0,0,11,0,0,59,0,53,84,0,0,0,6,0,0,0,204,11,0,0,0,0,0,0,0,0,0,0,0,0,4,0,0,0,8,10,21,29,0,0,0,0,14,0,0,0,124,0,1140,0,0,0,0,0,15,0,0,0,0,0,0,34,45,0,0,0,16,0,0,0,0,2,80,0,0,0,0,0,0,0,5,0,0,0,0,0,92,0,0,0,0,0,0,0,0,0,0,0,0,0,14,0,0,3,88,0,0,0,2,0,0,0,0,0,0,0,0,61,16,186,0,0,306,0,0,0,0,16,0,0,28,0,0,0,70,0,14,4,0,201,0,67,0,0,0,0,0,545,11,11,0,0,0,0,0,0,0,0,0,0,0,3,0,0,0,0,0,5,1,25,0,0,5,0,0,0,0,0,0,0,0,0,64,0,1,0,0,0,0,0,36,0,0,0,0,0,0,0,0,0,0,0,0,9,0,14,0,3,0,228,0,0,0,0,0,5,0,9,0,0,0,0,1,0,0,0,17,0,0,0,0,191,0,0,0,153,0,0,0,0,32,0,0,0,0,0,0,8,23,0,4,0,0,0,0,81,555,106,0,0,0,0,0,0,6,0,0,0,0,0,0,0,0,0,0,16,1
"P8-N_Soil",0,57,7,0,0,0,0,6,0,0,615,0,7,1,3,0,31,5,0,0,0,0,347,38,21,13,268,22,8,0,200,2994,0,13,58,0,0,126,3,44,69,0,0,4,0,0,0,0,0,0,0,0,0,35,0,23,3,3,219,0,0,23,6,0,5,0,0,0,22,0,11,0,34,0,3,0,7,0,0,11,7,0,0,0,0,0,0,0,0,572,0,318,0,1454,0,0,0,27,0,0,0,0,0,0,0,0,0,0,0,0,0,0,0,40,0,0,0,3,0,0,0,16,0,0,0,0,0,0,262,0,46,0,0,94,0,5,21,0,0,0,0,0,0,0,0,0,183,0,19,0,0,0,0,0,0,500,0,0,5,174,0,0,0,0,0,0,0,0,0,0,0,0,0,56,4,8,0,0,11,0,0,0,0,82,13,12,0,46,0,0,72,0,0,0,72,1,0,0,12,7,0,0,0,0,0,0,0,0,0,0,0,0,0,0,0,0,0,65,0,72,0,0,0,202,0,9,0,185,0,0,0,0,0,0,0,7,184,0,0,31,0,0,0,4,3,26,18,71,0,0,94,0,0,0,10,15,10,0,0,0,0,0,0,0,0,14,0,0,7,0,43,32,0,0,0,11,0,0,0,0,19,0,0,0,8,0,0,0,0,0,0,0,0,37,0,0,0,3,70,11,6,0,0,0,0,21,0,0,0,72,0,2954,0,0,0,0,2,0,0,2,0,0,0,0,3,53,0,0,0,5,0,0,0,0,0,80,0,0,0,0,6,0,0,11,0,0,0,0,3,95,0,0,0,0,0,0,0,0,0,0,0,0,26,12,0,0,0,130,0,0,0,0,0,0,0,0,0,0,0,0,117,3,66,0,0,127,0,0,0,0,13,0,0,95,0,0,0,41,0,68,0,0,469,0,57,0,0,0,0,0,395,21,10,0,0,0,0,0,0,0,0,13,0,0,2,5,0,0,9,0,0,0,0,0,0,5,0,0,0,1,0,0,0,0,0,146,0,8,0,0,0,0,2,22,0,0,0,0,0,0,0,0,0,0,0,0,14,0,12,0,1,0,167,0,0,5,0,0,31,0,0,9,0,0,0,0,0,0,0,26,0,0,0,0,18,0,0,0,121,0,0,0,0,22,0,0,0,0,0,0,11,1,0,9,0,0,0,0,291,370,140,0,0,0,0,0,0,0,0,0,0,0,0,0,0,0,1,0,0,0
"P8-S_Soil",0,37,3,0,12,0,0,3,0,1,178,0,18,6,0,0,122,11,0,0,0,0,340,14,0,140,251,6,0,0,196,1925,0,16,1,0,8,55,0,29,64,0,0,5,0,0,0,4,0,0,0,0,4,28,0,11,0,3,85,0,0,8,2,0,1,0,0,0,10,0,7,0,10,0,0,0,15,0,0,8,9,0,0,0,2,0,0,0,0,650,0,563,5,1740,1,0,0,12,0,0,2,0,0,1,0,0,0,0,0,0,0,0,0,42,0,0,0,17,0,0,0,2,0,0,0,0,8,0,257,4,39,0,0,174,0,13,5,0,1,0,0,0,0,0,0,0,53,0,29,0,0,0,0,0,0,438,0,0,3,224,0,3,0,0,1,0,0,0,3,0,0,0,0,29,0,0,0,0,0,0,0,2,0,382,11,8,0,16,0,17,42,1,0,0,246,0,0,0,0,4,0,0,0,0,0,0,0,9,0,0,0,0,0,0,0,0,0,65,0,106,0,0,0,527,0,0,0,40,0,0,0,0,0,0,0,5,139,0,0,34,0,0,0,11,20,27,20,38,0,0,39,0,1,2,3,16,3,0,0,0,0,2,0,0,0,82,0,0,8,0,17,40,0,0,0,0,0,0,0,9,7,0,0,5,3,0,0,0,0,0,0,0,0,13,0,0,20,0,35,0,0,0,4,0,0,14,0,0,0,134,0,3390,0,0,0,0,0,0,0,1,0,0,0,0,4,6,0,0,0,8,0,0,0,0,9,29,0,0,1,0,5,0,0,3,0,0,0,0,6,32,0,0,0,0,0,0,0,0,0,0,0,0,24,0,0,0,0,193,0,0,0,0,0,4,0,0,0,0,0,0,90,519,115,0,0,76,0,0,0,0,46,0,0,79,0,0,0,18,0,20,0,0,354,0,63,0,0,5,0,0,414,5,4,0,0,0,0,0,0,0,0,5,0,0,9,7,0,0,0,0,1,0,17,0,0,10,0,0,0,4,0,0,0,1,0,83,0,0,0,0,0,0,0,161,0,0,0,4,0,0,0,0,0,2,0,0,58,0,45,0,0,0,181,0,0,2,0,0,58,0,0,0,0,0,0,0,0,0,0,0,0,0,0,0,4,0,0,0,96,0,0,0,0,20,0,0,0,0,0,0,5,11,0,4,0,0,3,0,256,308,261,0,0,0,0,0,0,2,0,0,2,0,0,0,0,11,0,0,14,5
"P9-1_Root",0,50,0,0,41,0,0,16,0,0,710,2,1,5,9,0,0,0,0,0,0,0,598,16,26,52,197,85,0,0,658,2490,0,18,12,0,0,48,0,435,453,0,0,146,27,0,0,41,0,0,0,0,0,32,0,2,4,5,89,0,0,79,5,0,6,0,0,0,11,0,0,0,0,0,0,0,0,0,0,2,10,0,0,0,0,0,0,0,0,988,0,342,0,2143,0,0,0,3,0,0,0,0,0,0,0,0,0,0,0,0,0,0,0,7,0,0,0,5,0,0,0,2,0,0,0,0,0,0,111,26,1,0,0,7,0,43,0,0,0,0,0,0,0,0,0,2,92,0,25,0,0,0,0,0,0,216,0,0,1,31,0,0,0,2,0,0,0,0,239,0,0,0,0,80,13,4,0,0,5,0,0,0,0,366,0,6,0,7,0,5,9,4,0,0,12,0,0,0,3,3,0,0,0,0,0,0,0,23,0,0,0,0,0,0,0,0,0,92,0,6,0,0,0,186,0,0,0,148,0,0,0,0,0,0,0,4,87,0,4,73,0,0,0,36,12,9,0,15,4,0,195,0,0,0,0,9,3,0,0,0,0,0,0,0,12,23,0,0,666,2,35,160,0,0,0,2,0,0,0,37,7,0,0,0,3,0,0,0,0,0,0,0,0,4,0,0,0,30,10,0,17,0,0,0,0,9,0,0,0,85,0,1049,0,0,0,0,7,2,6,0,0,0,0,0,22,13,0,0,0,4,0,0,0,0,0,36,0,1,0,0,0,0,0,5,0,2,0,0,0,64,0,23,51,0,0,0,0,0,0,0,0,0,8,0,0,0,2,228,0,0,0,0,0,6,0,0,0,0,0,0,122,0,84,0,0,106,0,0,0,0,12,0,3,24,0,0,2,40,0,40,0,0,79,0,186,0,0,0,0,0,263,3,18,0,0,0,2,0,0,0,0,0,0,0,19,2,0,0,0,0,7,0,23,0,0,0,0,0,0,0,0,0,0,0,0,52,0,8,0,12,2,0,0,76,0,0,0,0,0,0,3,0,0,2,0,0,318,0,23,0,0,0,56,0,0,1,0,0,10,4,3,0,0,0,0,0,0,0,0,0,0,0,0,0,146,0,0,0,150,0,0,0,0,32,0,0,0,0,0,2,0,0,0,0,0,0,0,0,50,233,96,0,0,0,0,0,0,0,0,0,5,0,0,0,0,0,5,0,97,0
"P9-2_Root",0,58,0,0,30,0,0,13,0,0,765,2,2,18,12,0,0,0,1,0,0,2,719,15,39,56,258,125,0,0,622,2188,0,9,12,0,6,30,0,367,325,0,0,117,50,0,0,44,0,0,0,0,0,29,0,6,9,5,109,0,0,57,6,0,5,0,0,0,3,0,1,0,2,0,0,0,0,0,0,4,6,0,1,0,2,0,0,0,0,1080,0,398,0,1916,0,0,1,16,0,0,0,0,0,0,0,0,0,0,0,0,0,0,0,12,0,0,0,4,0,0,0,0,0,0,1,0,12,0,139,55,0,0,0,4,0,47,0,0,0,0,0,0,2,0,0,0,90,0,27,0,0,0,0,0,0,315,0,0,0,10,1,0,0,0,0,0,0,0,158,0,0,0,0,89,12,3,0,0,9,13,0,4,0,353,0,7,0,11,0,5,8,3,0,0,10,0,0,0,12,7,3,3,0,0,1,0,0,28,0,0,0,0,0,0,0,0,0,61,0,9,0,0,0,224,0,0,0,128,0,0,0,0,0,0,0,9,88,0,0,109,0,0,0,12,9,4,0,15,0,0,197,0,2,0,1,5,4,0,0,0,0,0,0,0,11,25,0,0,595,0,66,188,0,0,0,3,0,0,0,48,5,0,0,0,0,0,0,0,0,0,0,0,0,0,0,0,0,37,8,0,8,0,0,0,0,12,0,0,0,89,0,1085,0,0,0,0,6,6,5,1,0,0,0,0,18,17,0,0,0,5,0,0,0,0,0,67,0,0,0,0,0,0,0,15,0,2,0,0,0,88,0,28,31,0,6,0,0,0,0,0,0,0,17,2,0,0,0,168,0,0,0,0,0,0,0,0,0,0,0,0,151,0,93,0,0,179,0,0,0,0,4,0,5,22,0,0,3,62,0,37,1,0,98,0,152,0,0,0,0,0,383,8,17,0,0,0,0,0,0,0,0,2,0,0,32,0,0,0,6,0,5,0,10,0,0,6,0,0,0,0,0,0,0,0,0,70,0,3,0,15,0,0,5,82,0,0,0,0,0,0,0,0,0,1,0,0,306,0,21,0,0,0,84,0,0,1,0,0,16,1,0,0,0,0,0,2,0,0,0,0,0,0,0,0,115,0,0,0,192,0,0,0,0,46,0,0,0,0,1,0,5,0,0,4,0,0,0,0,83,249,85,0,0,3,0,0,0,3,0,0,1,0,0,0,2,0,5,0,112,0
"P9-N_Soil",0,40,0,0,10,0,0,7,0,0,492,35,13,5,0,0,42,16,4,0,2,0,314,9,24,73,140,45,12,0,302,1513,0,38,8,0,0,60,8,33,84,0,0,116,4,0,0,0,0,0,0,0,0,7,0,31,5,0,113,0,0,4,5,0,1,0,0,0,43,0,13,0,29,0,0,0,16,0,0,20,8,0,0,0,2,0,0,0,0,566,0,463,0,1470,1,0,0,23,0,0,0,0,0,0,0,0,0,0,0,0,0,0,0,64,0,0,0,12,0,0,0,0,0,0,0,0,0,0,312,2,96,0,0,187,0,12,12,0,0,0,0,0,0,0,0,0,78,0,30,0,0,0,0,0,0,413,0,0,2,263,0,0,0,0,0,0,0,0,14,0,0,0,0,70,9,15,0,0,13,0,0,0,0,197,7,4,0,16,3,20,178,0,0,0,23,4,0,0,2,23,0,0,0,0,0,0,0,6,0,0,0,0,0,0,0,0,0,70,2,79,3,0,0,242,0,12,0,119,0,0,0,0,0,0,0,0,280,0,0,31,0,0,0,3,56,40,5,45,27,0,124,0,0,0,137,49,7,0,0,0,0,0,0,0,3,32,0,0,30,0,72,85,1,0,0,7,0,0,0,0,11,0,0,5,16,0,0,0,0,0,0,0,1,36,0,0,0,14,49,0,0,0,0,0,0,15,0,0,0,94,0,2252,0,0,0,0,0,4,0,16,0,0,0,0,0,43,0,4,0,9,0,0,2,0,3,42,0,0,0,0,4,0,0,18,0,2,0,0,9,65,0,0,55,0,0,1,0,0,0,0,0,10,20,6,0,0,0,192,0,0,12,11,0,9,0,0,0,0,0,0,241,0,179,0,0,112,0,0,0,0,42,0,20,68,0,0,0,65,0,53,12,0,380,0,108,0,0,3,0,0,188,9,7,0,0,0,0,0,0,0,1,8,0,0,40,15,0,0,14,0,2,0,14,0,0,0,0,0,0,2,0,0,0,0,0,90,0,11,0,0,1,0,3,94,0,0,0,8,0,0,0,0,0,0,0,0,60,0,108,0,0,1,254,0,5,96,0,0,57,0,0,39,0,0,0,0,0,0,0,19,0,0,13,0,41,0,0,0,69,4,2,0,0,39,0,0,0,0,0,3,10,12,0,0,0,0,14,0,254,329,122,0,0,23,2,0,0,2,0,4,0,0,0,0,0,5,0,0,9,5
"P9-S_Soil",0,79,0,10,2,8,3,4,0,0,151,23,37,22,0,0,341,26,11,0,1,0,210,55,1,35,135,7,0,0,49,887,0,10,0,0,7,22,0,11,37,0,0,0,0,0,0,5,0,2,0,0,0,0,3,41,6,12,50,0,0,10,5,0,2,0,0,0,83,0,19,0,16,0,4,0,18,0,0,21,16,0,0,7,6,0,0,6,0,570,0,292,0,1154,33,0,3,17,0,0,0,0,1,0,2,1,0,0,2,0,0,0,0,31,0,0,0,1,0,0,0,0,0,2,0,0,14,0,337,0,313,1,0,713,0,8,4,0,0,0,0,1,0,0,2,0,77,1,24,0,0,0,0,0,0,398,0,0,0,364,0,0,0,0,2,0,0,0,14,0,0,0,0,18,0,3,0,0,3,3,0,8,0,70,11,33,0,23,0,26,115,0,0,0,119,2,0,0,14,39,0,0,0,10,0,0,0,0,5,0,0,0,6,0,0,0,0,70,0,120,0,0,0,185,4,0,0,136,0,0,0,0,0,0,0,9,418,6,4,13,0,0,0,6,14,48,7,57,33,5,81,0,2,5,128,35,5,0,1,0,3,0,0,0,0,6,0,0,20,0,44,19,0,0,0,6,0,0,0,0,7,0,0,0,8,1,0,0,0,6,1,0,0,42,0,0,7,4,20,0,0,0,2,0,0,11,0,0,0,50,3,2103,0,0,0,0,0,0,0,0,0,0,3,2,9,60,0,6,4,33,0,0,7,0,6,36,0,0,0,0,9,0,0,1,0,0,0,0,1,114,0,0,0,1,0,0,0,0,0,2,0,16,18,19,0,0,15,127,0,12,17,18,0,7,0,0,0,0,1,0,138,14,99,0,0,57,0,0,8,4,122,0,0,117,0,0,0,45,0,47,0,0,479,0,56,0,0,0,0,0,199,5,0,0,0,0,0,0,5,0,2,4,0,1,131,34,2,0,8,0,11,6,8,0,0,0,0,0,0,3,0,0,0,0,0,77,0,2,0,0,1,0,0,211,0,0,0,5,0,0,0,0,0,0,0,0,38,0,147,2,3,21,380,2,12,200,4,4,185,1,6,7,0,0,0,0,0,0,0,11,0,0,4,0,4,0,0,0,36,0,0,1,0,19,0,0,0,0,0,2,41,5,0,0,0,0,41,0,260,194,345,0,1,22,0,0,0,21,68,0,0,0,0,0,1,11,0,0,7,9
