"","01D2Z36","0319-6G20","11-24","1174-901-12","1921-2","1921-3","1959-1","37-13","67-14","A0839","A21b","A4b","AAP99","AB1","AD3","ADurb.Bin063-1","AKIW781","AKYH767","Abditibacterium","Acidibacter","Acidicaldus","Acidicapsa","Acidiphilium","Acidipila","Acidisoma","Acidisphaera","Acidocella","Acidothermus","Acinetobacter","Actinoallomurus","Actinocatenispora","Actinomadura","Actinophytocola","Actinoplanes","Actinospica","Adhaeribacter","Afipia","Aliidongia","Allorhizobium-Neorhizobium-Pararhizobium-Rhizobium","Altererythrobacter","Amantichitinum","Amb-16S-1034","Amnibacterium","Amycolatopsis","Anaerolineae","Anaeromyxobacter","Angustibacter","Aquicella","Aquisphaera","Armatimonadales","Armatimonas","Asticcacaulis","Aurantisolimonas","Aureimonas","B12-WMSP1","BD7-11","BIrii41","BSV26","Babeliaceae","Babeliales","Bacillus","Bacteriovorax","Bauldia","Bdellovibrio","Belnapia","Berkelbacteria","Blastocatella","Blastococcus","Blattabacteriaceae","Blfdi19","Bradyrhizobium","Brevundimonas","Bryobacter","Bryocella","Burkholderia-Caballeronia-Paraburkholderia","C0119","CCD24","CL500-29_marine_group","CPla-3_termite_group","Caenimonas","Candidatus_Adlerbacteria","Candidatus_Alysiosphaera","Candidatus_Amoebophilus","Candidatus_Azambacteria","Candidatus_Berkiella","Candidatus_Endonucleariobacter","Candidatus_Finniella","Candidatus_Glomeribacter","Candidatus_Jidaibacter","Candidatus_Koribacter","Candidatus_Lloydbacteria","Candidatus_Nitrocosmicus","Candidatus_Nitrosotalea","Candidatus_Nostocoida","Candidatus_Omnitrophus","Candidatus_Ovatusbacter","Candidatus_Paracaedibacter","Candidatus_Protochlamydia","Candidatus_Solibacter","Candidatus_Spiroplasma","Candidatus_Udaeobacter","Candidatus_Woesebacteria","Candidatus_Xiphinematobacter","Catenulispora","Caulobacter","Chitinophaga","Chlamydiaceae","Chryseobacterium","Chthoniobacter","Chthonomonadales","Chthonomonas","Collimonas","Conexibacter","Coxiella","Crossiella","Cryptosporangium","Cupriavidus","Curtobacterium","Cytophaga","D05-2","Dactylosporangium","Defluviicoccus","Deinococcus","Delftia","Denitratisoma","Devosia","Dinghuibacter","Dokdonella","Dolosigranulum","Domibacillus","Dongia","Duganella","Dyadobacter","Dyella","EV818SWSAP88","Edaphobacter","Edaphobaculum","Elev-1554","Ellin516","Ellin517","Ellin6055","Ellin6067","Elsteraceae","Endobacter","FCPS473","FCPU426","FFCH7168","Ferruginibacter","Fimbriiglobus","Fimbriimonadaceae","Flavisolibacter","Flavitalea","Flavobacterium","Flexivirga","Fluviicola","Frankia","Frankiales","Frateuria","FukuN18_freshwater_group","G12-WMSP1","Ga0074140","Gaiella","Geminicoccus","Gemmata","Gemmataceae","Gemmatimonas","Geodermatophilus","Gitt-GS-136","Glycomyces","Granulicella","Group_1.1c","Gryllotalpicola","HSB_OF53-F07","Haliangium","Hirschia","Hydrocarboniphaga","Hymenobacter","Hyphomicrobium","IMCC26256","Iamia","Inquilinus","Intestinibacter","JCM_18997","JG30-KF-AS9","JG30-KF-CM45","JG30-KF-CM66","JG30a-KF-32","JG36-TzT-191","JGI_0001001-H03","Janthinobacterium","Jatrophihabitans","KD3-10","KD3-93","KD4-96","KF-JG30-B3","KF-JG30-C25","Kaistia","Kapabacteriales","Kazania","Kibdelosporangium","Kineosporia","Kitasatospora","Kribbella","Ktedonobacter","Ktedonobacteraceae","Ktedonobacterales","Kutzneria","LD29","LWQ8","Labrys","Lachnoclostridium","Lactococcus","Lactovum","Lacunisphaera","Latescibacterota","Lechevalieria","Legionella","Leptospirillum","Limnobacter","Lineage_IIa","Lineage_IIb","Lineage_IV","Luteibacter","Luteolibacter","Lysinibacillus","MBNT15","MND1","Marmoricola","Massilia","Mesorhizobium","Methylobacterium-Methylorubrum","Methylocella","Methylovirgula","Micromonospora","Microtrichales","Microvirga","Minicystis","Modestobacter","Monoglobus","Mucilaginibacter","Mycobacterium","Myxococcus","NS11-12_marine_group","Nakamurella","Neochlamydia","Nevskia","Niastella","Nitrolancea","Nitrospira","Nocardia","Nocardioides","Nonomuraea","Nordella","Noviherbaspirillum","Novosphingobium","OLB12","OLB14","OM190","OM27_clade","Obscuribacteraceae","Occallatibacter","Oceanobacillus","Ohtaekwangia","Oligoflexus","Omnitrophales","Opitutus","Oryzihumus","P3OB-42","PLTA13","PMMR1","Paenarthrobacter","Paenibacillus","Pajaroellobacter","Paludibaculum","Paludisphaera","Pandoraea","Parafilimonas","Parcubacteria","Pedomicrobium","Pedosphaera","Pedosphaeraceae","Phaselicystis","Phenylobacterium","Phreatobacter","Pir4_lineage","Pirellula","Pla4_lineage","Plot4-2H12","Porphyrobacter","Prosthecobacter","Proteiniborus","Pseudoflavitalea","Pseudolabrys","Pseudomonas","Pseudonocardia","Psychroglaciecola","Puia","Qipengyuania","RB41","RBG-13-54-9","RCP2-54","Ralstonia","Ramlibacter","Reyranella","Rhizobacter","Rhizorhapis","Rhodanobacter","Rhodococcus","Rhodomicrobium","Rhodopila","Rhodopirellula","Rhodoplanes","Rhodopseudomonas","Rhodovastum","Rickettsia","Robbsia","Romboutsia","Roseiarcus","Roseimicrobium","Roseisolibacter","Roseococcus","Roseomonas","Rubellimicrobium","Rudaea","S-70","S-BQ2-57_soil_group","S0134_terrestrial_group","S085","SAR202_clade","SAR324_clade(Marine_group_B)","SBR1031","SC-I-84","SH-PL14","SM1A02","SM1A07","SM2D12","SWB02","Saccharimonadales","Sandaracinus","Sarcina","Schlesneria","Sediminibacterium","Segetibacter","Selenomonas","Sericytochromatia","Shuttleworthia","Silvanigrella","Singulisphaera","Solirubrobacter","Solitalea","Sorangium","Sphingoaurantiacus","Sphingobium","Sphingomonas","Sphingopyxis","Spirochaeta_2","Spirosoma","Sporichthya","Sporocytophaga","Starkeya","Stenotrophomonas","Steroidobacter","Streptacidiphilus","Streptomyces","Streptosporangium","Subgroup_10","Subgroup_12","Subgroup_13","Subgroup_17","Subgroup_2","Subgroup_5","Subgroup_7","Sumerlaea","TK10","TM7","TM7a","TRA3-20","Tahibacter","Taibaiella","Telmatospirillum","Tepidisphaera","Tepidisphaeraceae","Terriglobus","Terrimicrobium","Terrimonas","Thermomonosporaceae","Thermosporothrix","Tsukamurella","Tundrisphaera","Turicibacter","Tyzzerella","UBA12409","URHD0088","UTBCD1","Umezawaea","Undibacterium","Vampirovibrionaceae","Variovorax","Vermiphilaceae","Verruc-01","Verrucomicrobium","Vicinamibacteraceae","WD2101_soil_group","WD260","WPS-2","WS2","WWE3","WWH38","Williamsia","Wolbachia","Xanthobacteraceae","YC-ZSS-LKJ147","Zavarzinella","alphaI_cluster","cvE6","env.OPS_17","mle1-27","type_III","vadinHA49"
"E1_Root",0,63,0,95,0,0,7,0,978,0,10,4,0,0,3,0,0,0,0,301,0,49,13,157,2,0,41,2548,0,0,0,1,11,526,1201,0,60,0,137,0,0,0,91,0,0,5,0,0,140,3,0,0,0,0,4,0,4,0,0,0,4,0,0,13,0,0,0,213,0,0,1388,0,323,34,1688,2,0,0,0,4,0,0,0,0,0,0,0,0,0,0,0,0,0,0,0,0,0,6,71,0,1,0,1,8,0,1,0,0,29,0,13,0,285,0,74,46,0,3,0,0,0,0,0,0,0,0,1,27,0,4,28,0,0,4,0,66,0,0,0,0,0,22,0,11,2,0,0,0,3,0,0,2,0,0,0,9,0,0,0,0,0,0,0,19,0,2,0,0,0,319,0,0,0,97,0,0,0,0,58,0,46,0,0,0,14,2,0,18,0,0,108,0,0,0,18,0,0,0,0,0,0,0,128,115,0,0,277,0,16,0,0,0,0,8,0,159,9,0,0,0,0,0,0,0,0,0,0,2,5,42,32,0,0,0,0,0,39,97,0,70,1416,6,0,0,0,0,0,0,0,0,6,0,0,0,19,0,0,0,0,3,22,0,2,2,0,0,0,15,0,0,0,0,0,0,0,15,8,0,0,0,0,0,0,0,0,3,0,3,0,0,0,0,0,0,63,4,169,0,0,0,0,0,0,79,0,0,50,0,17,0,0,69,24,39,0,0,0,131,0,1,0,0,0,0,0,0,3,0,0,0,3,0,0,2,0,0,0,10,0,0,0,0,0,0,0,0,0,42,0,0,0,0,0,31,0,0,0,0,0,0,0,0,0,380,0,41,0,0,0,137,0,0,0,35,0,2,3,0,0,2,0,0,32,0,0,0,12,0,8,0,0,0,12,0,0,0,0,0,0,0,0,0,23,179,0,0,0,0,0,0,13,0,0,0,0,0,0,26,3
"E1_Soil",1,74,14,21,31,0,43,0,327,0,4,8,0,0,63,0,0,0,0,245,8,21,1,115,6,0,25,1518,0,0,1,6,0,9,65,0,40,0,5,0,0,0,0,0,0,15,0,0,155,4,0,0,0,0,22,1,18,0,0,0,27,0,10,7,0,0,0,16,0,0,1187,0,227,0,1258,0,0,0,0,0,0,0,0,0,0,0,0,0,0,42,0,0,0,0,0,0,0,0,48,4,148,0,36,12,0,7,0,0,61,7,10,0,300,0,161,0,0,0,0,0,0,0,0,0,0,0,0,13,0,8,13,0,0,28,0,76,0,11,3,0,0,63,0,8,76,0,0,2,4,12,0,0,0,1,0,0,0,0,0,4,0,0,0,51,0,23,0,0,0,318,0,0,32,44,4,0,0,0,209,0,8,0,0,7,13,25,2,55,1,0,25,0,0,0,33,0,0,0,0,1,0,0,112,81,0,0,57,0,1,0,0,0,0,5,0,16,11,0,0,10,0,0,0,0,0,0,0,0,25,10,0,0,0,0,0,0,18,0,0,106,2506,0,0,0,0,0,0,0,0,5,0,12,0,0,0,0,0,0,0,2,40,0,4,0,0,0,0,0,0,0,0,4,22,0,0,47,0,0,6,0,9,0,21,0,0,3,0,13,0,0,0,0,0,0,65,0,102,0,0,0,40,0,0,111,0,0,31,0,54,0,0,265,0,41,0,0,0,216,0,0,0,0,0,0,0,0,0,0,0,0,24,1,0,3,0,3,0,16,0,0,0,0,0,0,0,0,0,33,0,0,0,0,0,32,0,0,0,11,13,0,0,0,0,4,6,70,0,0,0,200,15,21,0,38,0,0,12,0,0,0,0,0,0,0,0,0,18,0,13,0,0,2,71,0,0,0,0,23,7,0,0,19,159,346,42,0,0,8,0,0,21,0,2,0,5,1,0,19,12
"E2_Root",0,84,0,1,0,0,4,0,314,0,0,11,0,0,0,0,0,0,0,342,12,40,0,107,8,0,68,3262,0,7,0,0,0,241,2855,0,5,0,56,0,0,0,0,0,0,9,0,0,194,35,0,16,0,0,0,2,11,0,0,0,0,0,0,18,0,0,0,12,0,0,1847,0,111,0,1861,17,0,0,2,0,0,0,4,0,0,0,0,1,0,0,0,0,0,0,0,0,3,7,21,17,1,0,51,8,0,0,0,0,50,0,68,21,201,0,0,0,0,0,0,0,0,2,0,0,0,0,2,6,0,0,5,5,0,0,0,11,0,2,4,0,0,12,0,0,7,0,0,0,14,14,0,0,0,0,0,0,0,0,0,0,0,0,0,130,0,0,0,0,0,58,0,0,0,101,0,0,0,3,36,0,44,0,7,38,0,0,0,6,0,0,88,0,0,0,3,0,0,0,0,0,0,0,17,27,0,0,10,0,29,0,0,0,0,0,0,0,11,0,4,4,0,1,0,0,0,0,0,0,0,23,9,0,0,0,1,0,18,12,0,8,830,0,0,0,0,0,0,0,0,181,0,0,0,0,0,2,0,0,0,7,11,0,0,0,0,0,0,11,0,0,0,0,74,0,0,399,0,0,0,0,0,0,20,0,0,0,0,8,0,0,0,0,13,0,48,0,370,0,0,0,0,0,0,33,0,0,31,0,0,0,0,34,0,28,0,0,0,99,2,3,0,0,0,0,0,0,0,0,0,0,8,0,0,4,0,16,0,4,0,0,7,0,0,0,0,0,0,179,0,0,0,0,0,36,0,0,0,0,0,0,0,0,0,0,0,35,0,0,0,141,1,0,0,17,0,250,0,0,0,2,0,0,10,0,0,0,488,0,28,0,0,0,50,0,0,0,0,0,2,0,0,0,36,259,17,0,0,0,0,0,6,0,0,0,1,0,0,30,2
"E2_Soil",0,55,9,47,0,0,0,15,344,0,4,13,0,0,14,1,0,0,12,160,3,35,0,112,0,5,107,1370,0,50,0,0,0,714,26,0,96,0,233,2,0,0,37,0,0,10,0,4,177,0,0,5,3,0,10,4,23,0,4,3,14,0,5,0,0,0,0,27,0,0,886,0,169,0,1346,3,4,0,17,0,0,0,0,0,0,0,0,0,0,47,1,1,0,0,0,0,6,12,115,0,89,0,47,13,60,0,0,0,59,0,43,0,157,0,151,13,0,0,4,0,0,0,0,16,0,0,2,0,0,5,29,29,0,22,0,97,23,9,3,0,5,31,0,6,70,2,0,6,2,32,0,0,43,0,0,0,0,0,0,0,0,0,0,30,0,107,0,0,0,255,0,0,0,45,0,0,0,0,157,4,103,0,0,7,19,38,0,47,0,0,5,3,5,0,33,0,0,0,0,0,20,0,52,12,0,0,9,0,103,53,0,0,0,16,0,0,5,0,0,7,0,0,0,3,0,0,4,13,19,10,72,0,3,0,0,0,53,13,0,270,2091,0,0,1,0,0,0,0,0,13,0,0,0,0,23,0,0,0,0,6,66,0,2,0,0,7,0,0,0,0,0,0,5,0,0,30,0,0,0,24,21,0,21,0,0,0,0,15,0,0,0,0,11,0,62,0,133,0,0,0,19,0,0,79,5,0,30,0,21,0,0,176,192,66,0,0,0,254,6,21,0,0,0,0,0,1,0,0,0,0,6,10,0,0,0,5,0,30,0,0,0,5,0,0,1,0,0,69,0,0,0,0,0,104,0,0,0,9,0,0,7,4,79,14,0,95,0,0,0,200,4,10,0,22,0,3,16,0,11,4,0,0,5,0,0,0,0,0,4,0,0,0,31,0,0,0,0,49,0,0,0,7,202,217,32,0,0,22,0,0,6,6,0,0,5,4,0,34,5
"E3_Root",0,47,0,211,0,0,0,0,618,0,0,46,0,0,0,10,0,0,0,269,0,31,0,23,47,0,14,1378,0,0,0,22,0,1010,102,0,97,50,1059,6,0,23,169,0,0,1,0,16,109,0,0,2,0,0,0,0,85,0,0,3,8,0,9,0,0,0,0,0,0,0,1547,7,102,110,567,0,15,0,10,0,0,0,0,0,0,0,0,0,0,0,0,0,0,0,0,0,7,14,0,381,0,3,11,0,0,47,0,0,42,0,17,25,43,0,16,21,0,0,0,0,0,0,0,0,0,157,0,15,0,0,184,22,0,10,0,0,0,5,0,0,0,19,0,0,0,0,0,0,0,17,0,0,1,0,0,18,0,0,0,0,0,0,0,44,0,4,0,0,0,69,0,0,0,54,0,0,0,0,275,11,102,0,0,35,14,0,0,45,0,0,215,7,0,10,0,0,0,0,0,83,0,0,123,0,0,0,215,12,20,46,0,0,0,0,0,0,16,0,0,0,0,0,0,0,0,0,0,0,24,68,108,5,0,0,0,0,34,0,0,0,1101,0,0,0,0,0,98,0,0,0,12,20,10,0,57,0,0,0,0,0,9,0,15,0,0,0,0,0,0,0,0,0,18,0,0,0,0,0,35,19,0,8,0,0,0,2,0,8,0,8,0,0,0,39,0,0,254,0,0,0,0,0,0,0,0,0,94,0,0,0,0,30,0,0,0,0,0,52,0,16,0,0,0,0,0,0,0,5,0,0,74,0,0,0,0,0,25,36,5,0,0,0,0,0,3,0,0,19,0,0,15,0,4,305,0,5,0,0,0,43,0,59,0,241,0,97,0,0,0,138,0,0,0,35,0,0,0,0,0,0,0,12,57,7,0,0,28,0,0,0,0,0,29,0,0,0,0,95,0,0,0,0,17,63,0,0,0,0,0,0,0,0,0,0,0,0,0,627,3
"E3_Soil",0,76,0,44,0,0,11,0,736,25,13,4,0,0,1,19,2,31,0,138,0,11,2,24,0,0,23,808,0,45,0,55,0,46,0,0,39,24,335,0,0,0,0,8,0,38,0,10,116,7,0,0,0,0,4,13,62,0,0,1,18,0,30,13,0,0,15,0,0,0,925,17,78,0,162,8,14,0,31,0,0,0,0,0,0,0,0,0,0,1,0,10,0,1,0,0,2,2,76,5,389,1,23,0,11,13,0,0,135,14,17,8,106,0,131,0,0,0,3,0,0,0,0,0,0,46,0,18,0,0,173,23,1,31,0,42,0,0,4,0,24,147,0,0,10,0,0,17,14,26,0,0,3,0,0,8,0,0,0,0,0,1,0,88,0,100,0,0,0,86,0,0,0,47,0,0,0,0,482,3,24,0,5,4,30,26,0,47,0,0,94,5,0,54,33,6,0,9,1,15,3,0,20,25,0,0,26,4,34,7,0,0,0,7,2,49,6,0,0,7,4,0,3,1,0,0,78,0,3,29,19,0,0,0,4,0,44,0,0,42,1545,0,0,0,3,0,6,4,7,0,21,23,51,0,27,0,2,3,5,2,12,4,21,0,0,12,0,4,0,0,0,8,46,0,0,0,0,0,20,6,19,16,0,0,3,15,0,26,0,2,0,4,0,0,32,0,142,0,213,10,32,0,0,134,9,0,205,0,47,0,0,242,0,17,0,0,0,81,3,6,0,13,0,0,3,5,3,26,0,0,84,25,4,32,1,7,34,45,0,7,0,8,0,0,3,0,2,87,20,0,0,0,0,239,0,0,0,19,0,10,0,12,0,165,32,131,1,0,40,255,42,92,0,114,0,0,32,4,0,0,0,0,13,5,0,0,0,0,56,0,0,0,14,0,0,0,0,76,10,0,0,18,192,192,6,1,2,29,0,0,13,30,0,0,0,3,0,24,16
"E4_Root",0,34,0,0,2,0,40,0,198,50,0,0,0,0,64,0,0,0,0,452,31,61,0,17,24,0,1,1603,2,0,0,0,0,264,2162,0,38,3,26,0,0,0,0,0,0,8,0,6,127,27,0,16,0,0,0,0,15,0,0,0,7,0,7,2,0,0,0,0,0,0,1568,0,202,0,453,0,0,0,0,0,0,0,0,0,0,0,0,7,1,0,0,2,0,0,0,0,3,132,30,26,39,0,47,0,0,0,0,0,84,5,56,32,99,7,13,0,0,0,0,0,0,0,0,0,0,0,0,0,0,0,41,0,0,0,0,25,8,52,2,0,0,0,0,0,10,0,0,0,58,0,0,0,0,0,0,10,0,0,0,0,0,0,0,87,0,0,0,0,0,28,0,0,0,74,0,0,0,0,45,0,29,0,0,49,0,6,0,5,0,0,26,0,0,0,0,0,0,2,0,0,0,0,0,8,0,9,81,0,9,50,0,0,0,8,0,0,132,0,0,0,0,0,0,0,0,0,0,0,0,21,0,0,0,0,0,0,18,0,0,35,964,0,0,0,6,0,0,0,0,0,0,0,0,0,0,14,0,0,0,0,6,0,0,0,0,7,0,0,8,0,0,0,75,0,0,0,0,0,0,0,9,0,0,0,0,0,0,0,0,0,0,0,0,120,151,0,300,0,0,0,0,0,0,7,0,0,32,0,24,0,0,28,0,0,0,0,0,111,0,40,0,0,0,0,0,0,0,0,0,0,138,0,0,9,0,33,0,0,1,0,9,0,0,0,0,0,0,94,0,0,10,0,0,21,0,0,0,0,0,0,0,5,0,217,0,0,0,0,0,151,0,0,0,32,0,0,0,0,0,0,0,0,0,0,0,0,1366,0,0,0,0,2,160,0,0,0,0,27,4,0,0,0,65,415,5,0,0,0,0,0,7,0,0,0,0,8,7,221,0
"E4_Soil",0,69,0,4,27,10,4,0,361,6,13,0,0,0,205,15,2,6,0,136,17,10,0,26,0,0,11,1343,0,0,14,4,0,0,93,0,14,0,14,0,0,0,0,0,0,37,0,0,96,0,0,0,0,0,32,7,16,0,0,0,18,0,35,6,0,0,0,0,0,4,874,0,114,0,498,0,0,0,4,0,0,0,0,0,0,0,0,0,0,0,0,30,0,0,0,6,0,23,131,3,778,0,78,12,0,0,0,0,69,5,43,6,361,0,255,0,0,0,0,0,0,0,0,0,3,0,0,0,0,0,6,0,0,12,0,86,16,7,5,0,16,84,0,0,239,1,0,0,0,21,0,0,0,0,0,0,4,0,0,8,4,0,0,22,8,38,0,0,0,195,0,0,3,36,0,0,0,0,212,1,35,0,0,16,15,72,4,49,0,0,17,1,0,16,23,0,0,2,0,0,0,0,0,29,2,3,20,0,31,0,0,0,0,11,0,0,14,0,0,0,1,0,0,0,0,0,8,0,0,16,3,0,0,0,0,0,36,0,0,34,2207,0,0,0,0,0,0,0,0,0,0,0,0,0,2,0,0,3,0,3,38,0,0,0,0,0,0,7,0,0,0,0,10,0,0,10,0,0,7,0,4,0,12,1,0,0,4,4,0,0,0,0,17,0,30,0,82,0,0,0,22,0,11,84,0,0,45,0,34,0,0,308,0,7,0,0,0,120,1,18,1,0,0,0,0,0,4,11,2,0,50,6,0,10,0,8,0,9,0,0,4,0,0,0,0,0,0,69,2,0,0,0,0,48,0,0,0,9,0,0,0,0,0,0,0,25,0,7,0,311,15,44,0,81,0,2,4,0,0,0,0,0,0,0,0,0,59,0,0,0,0,3,39,0,0,0,0,18,21,0,0,0,191,238,30,0,0,9,0,0,48,0,0,0,5,9,0,18,7
"E5_Root",0,22,4,149,0,0,0,0,574,0,5,5,0,0,0,0,0,0,0,220,0,0,14,36,24,0,21,1385,0,0,0,0,0,209,199,0,4,33,367,0,0,16,347,12,0,17,0,4,48,46,0,29,0,0,0,4,35,0,0,0,8,0,9,3,0,0,0,30,0,0,1351,0,139,172,601,0,0,0,8,0,0,0,0,10,0,0,0,0,0,2,0,0,0,0,0,0,0,0,17,1805,0,0,5,0,0,0,0,0,96,0,63,58,235,0,0,31,0,78,0,0,0,0,0,0,0,0,7,4,0,0,99,0,0,19,0,6,0,0,0,0,29,27,0,9,7,0,0,0,4,0,0,0,0,0,0,0,0,41,10,0,0,0,0,97,0,36,0,0,0,126,0,0,0,54,0,0,0,0,176,0,58,0,0,0,0,22,0,123,0,0,153,0,0,0,23,0,0,2,0,0,49,0,82,0,0,0,121,5,93,0,0,0,0,36,0,0,3,0,0,18,0,0,0,0,0,0,0,0,4,91,67,0,20,0,0,0,85,0,0,318,384,0,0,0,0,0,0,0,0,0,0,0,3,0,0,0,0,0,0,0,14,0,0,0,0,0,0,0,0,0,0,0,69,0,0,94,0,1,0,29,0,0,2,0,0,0,0,4,0,0,0,0,17,25,18,8,378,0,0,0,0,0,0,88,56,0,67,0,0,0,0,205,0,0,0,0,0,95,8,0,0,0,0,0,0,0,0,0,0,0,140,0,0,5,0,21,4,19,0,0,0,0,0,0,0,0,0,12,0,7,20,0,0,192,0,0,0,0,0,0,0,5,0,46,0,420,0,0,0,215,0,0,0,54,0,0,10,0,0,0,10,0,36,0,0,0,42,0,19,0,0,0,30,0,0,0,0,62,0,0,0,0,150,416,17,0,0,5,0,19,14,0,0,0,0,6,0,640,0
"E5_Soil",0,67,3,6,0,0,0,0,596,0,21,12,0,0,13,37,3,16,0,129,0,0,0,88,1,0,12,1619,0,26,2,0,0,24,11,0,0,0,11,0,0,0,0,0,0,39,0,0,145,3,0,0,0,0,16,13,48,0,0,0,13,0,33,4,0,0,0,12,0,0,1276,0,118,12,98,0,0,0,16,0,0,0,0,0,0,0,0,0,0,0,0,9,3,0,2,0,0,0,147,37,282,0,70,12,0,0,0,0,180,0,41,0,204,0,77,0,0,0,0,0,0,0,0,0,0,0,0,14,0,0,68,0,0,19,0,56,0,6,6,0,27,127,0,4,55,9,0,0,12,56,0,0,0,0,0,25,0,0,0,0,0,0,0,34,0,88,0,0,0,370,0,0,0,108,0,0,0,0,415,2,35,0,0,3,17,52,0,130,0,0,19,4,0,23,30,0,0,1,0,0,0,0,1,105,3,0,12,7,18,3,0,0,0,5,0,0,0,0,0,16,5,0,0,0,18,0,21,0,3,16,18,0,6,0,0,0,69,0,0,162,1255,0,0,0,1,0,0,0,0,0,53,0,13,3,7,0,0,15,0,3,6,0,0,0,0,0,0,8,0,0,0,2,43,0,0,0,0,0,30,19,3,0,3,0,0,6,4,17,0,0,0,0,7,0,38,0,176,0,0,0,37,0,0,76,0,0,90,0,35,0,0,502,0,0,0,0,0,157,2,0,0,0,0,0,3,2,0,8,0,0,214,26,0,16,0,13,4,11,0,0,6,0,0,0,6,0,0,45,7,0,4,0,0,314,0,0,0,13,0,0,0,8,0,476,0,41,3,0,0,231,9,52,0,126,0,0,19,0,0,0,0,0,0,4,0,0,5,0,28,0,0,0,52,4,0,0,0,69,4,0,0,1,312,283,32,0,0,42,0,0,15,0,6,0,0,0,0,51,9
"E6_Root",0,20,0,376,0,0,4,0,494,2,1,20,0,0,2,0,1,0,0,205,6,22,52,46,0,0,5,3236,0,0,0,0,145,804,1523,0,3,2,60,0,0,0,669,45,0,13,0,0,34,137,0,0,0,7,0,0,0,0,0,0,0,0,0,0,15,0,0,87,0,0,897,0,199,74,785,9,0,1,0,0,0,15,0,0,0,0,0,0,0,9,0,4,0,0,0,0,6,14,22,0,8,0,8,1,0,0,0,0,3,0,40,2,333,0,71,154,0,0,0,0,0,0,0,0,0,0,0,0,0,2,1,26,0,0,0,0,0,11,4,0,8,6,0,246,43,0,0,0,36,3,0,0,0,0,0,17,0,0,0,0,0,0,0,52,0,2,18,0,0,100,0,0,0,90,0,0,3,0,77,0,65,0,23,4,16,4,0,0,0,0,45,0,0,4,0,0,15,0,0,9,460,0,0,5,0,0,101,53,29,12,0,0,0,5,0,0,12,0,0,0,0,0,0,0,0,0,0,0,106,30,507,0,0,1,0,31,37,0,0,92,654,0,0,8,0,0,23,0,0,39,38,0,0,0,5,8,0,0,0,0,11,0,0,0,0,0,0,0,0,0,0,0,6,0,0,0,5,0,0,0,0,11,0,0,0,0,0,0,0,0,0,0,2,0,601,90,165,0,0,0,0,66,0,6,127,7,15,11,40,0,0,10,38,4,0,0,0,39,0,0,0,0,0,0,0,0,0,0,0,0,17,0,0,0,0,0,0,28,0,0,0,0,0,0,0,0,3,23,0,0,55,0,0,362,0,0,26,0,0,0,0,0,0,19,0,7,0,0,0,33,0,0,0,26,0,0,0,0,0,0,35,5,118,0,0,4,1045,0,26,0,0,0,79,0,0,0,0,534,0,0,0,0,42,186,121,0,0,3,30,0,0,0,0,0,0,0,0,102,0
"E6_Soil",0,64,5,10,6,30,0,0,390,0,5,0,0,0,224,5,0,2,0,116,20,7,6,37,3,0,36,1442,0,0,0,1,3,5,83,0,0,0,2,0,0,0,4,6,23,56,0,2,133,2,0,0,0,0,51,33,22,0,0,2,19,0,13,0,0,0,0,87,0,0,646,0,193,0,661,38,0,0,1,0,0,0,0,0,0,0,0,0,3,2,0,0,0,0,0,5,2,9,121,5,897,0,32,4,0,0,0,0,73,3,32,9,409,0,444,0,0,0,0,0,0,0,0,0,2,0,0,0,0,13,7,0,0,3,0,46,0,10,2,0,49,63,0,13,407,0,0,0,1,42,5,0,0,0,0,10,0,0,0,3,0,0,0,51,0,141,2,6,0,236,4,0,2,16,0,0,0,0,195,5,26,0,4,30,34,22,0,30,0,0,3,0,0,99,13,0,0,4,0,3,0,0,8,53,3,0,51,0,0,0,0,0,0,6,0,0,9,1,0,9,0,3,0,0,0,0,17,0,152,10,0,0,0,0,0,0,55,41,0,68,1799,0,0,0,0,0,0,0,0,8,0,0,3,0,0,0,0,0,0,0,31,0,0,0,0,0,0,2,0,0,0,8,3,0,0,37,2,2,16,14,7,2,56,0,0,0,5,5,0,0,0,0,0,0,26,0,39,0,5,0,12,0,0,59,0,0,62,2,43,0,0,536,0,0,0,0,0,190,3,12,0,0,0,0,0,0,0,13,0,0,45,10,0,8,0,0,0,7,0,0,0,0,0,0,0,0,0,32,0,0,1,0,0,81,0,0,0,1,0,0,0,0,0,8,0,9,0,8,0,268,2,9,0,112,0,0,10,0,0,0,0,0,0,0,0,3,1,0,42,0,0,0,9,0,0,0,0,43,6,0,0,0,228,160,238,0,1,39,0,0,19,0,4,0,0,2,2,37,5
"E7_Root",0,33,0,11,0,0,5,0,272,0,0,30,0,0,43,0,0,0,0,697,10,31,0,273,4,29,2,1936,0,0,121,66,0,130,560,0,10,0,286,0,4,0,0,132,0,7,0,8,102,5,0,26,0,0,0,0,9,0,0,0,0,0,1,0,0,0,0,0,0,0,1106,0,248,0,398,0,0,0,0,0,0,0,0,0,0,0,0,0,0,2,0,0,0,0,0,0,7,8,43,50,12,0,96,0,0,0,0,0,110,0,42,33,187,0,0,0,0,0,0,0,0,0,0,0,0,0,3,0,0,0,24,32,0,64,0,36,8,13,0,0,0,13,5,5,61,0,0,0,0,15,0,0,0,0,0,0,0,45,0,0,0,0,0,104,0,0,0,0,0,125,0,16,0,84,0,0,0,0,32,0,121,0,0,22,0,2,0,12,0,0,41,4,0,0,0,0,0,3,0,5,0,0,12,19,0,45,422,0,9,0,0,0,2,8,0,142,10,0,0,0,0,0,0,0,0,0,0,0,0,87,7,0,15,0,0,0,3,0,1,102,733,0,0,0,0,0,0,0,0,18,2,0,0,0,101,0,0,0,0,0,39,0,3,0,0,0,0,0,0,0,0,0,8,0,0,0,4,0,0,0,0,0,0,0,0,0,0,0,0,0,0,0,0,49,0,0,637,0,0,0,0,0,0,14,0,0,56,0,7,0,0,30,0,0,0,0,0,186,18,17,0,0,0,0,0,0,0,0,0,0,16,0,0,0,0,30,0,0,0,0,0,0,0,0,0,1,0,80,0,0,0,0,0,78,0,0,0,0,0,0,0,0,0,0,0,9,0,0,0,92,0,0,1,23,5,22,0,0,1,5,0,0,20,0,0,0,397,10,31,0,0,0,39,0,0,0,0,11,0,0,0,0,78,599,21,0,0,0,0,0,12,0,0,0,12,0,0,456,0
"E7_Soil",0,77,14,2,0,0,9,0,374,10,9,10,0,0,91,37,6,4,0,147,5,2,0,92,13,0,43,1689,0,0,0,9,0,55,48,0,13,0,0,0,0,0,0,4,0,45,0,0,196,3,0,3,0,0,24,18,10,0,0,0,13,0,32,7,0,0,0,16,0,0,783,0,250,0,267,0,0,0,0,0,0,0,0,0,0,0,0,0,0,10,0,8,0,0,0,0,4,5,147,14,204,0,93,2,0,0,0,0,51,0,25,0,296,0,204,0,4,0,1,0,0,0,0,0,0,0,0,0,0,0,19,1,0,6,0,84,3,7,3,0,29,80,0,17,317,0,0,2,5,28,0,7,0,0,0,0,0,0,0,0,0,0,0,21,0,76,0,0,0,275,0,0,0,16,0,0,0,0,176,4,10,4,4,18,24,71,0,22,0,0,1,0,0,78,20,0,0,2,0,0,0,0,9,9,11,16,46,0,14,0,0,0,1,3,0,11,0,0,0,6,0,2,0,0,0,0,42,0,11,20,16,0,0,0,0,0,33,0,0,24,3628,0,0,0,0,0,0,0,0,0,2,0,10,0,11,0,0,2,1,9,35,0,0,0,0,0,0,1,0,0,0,3,0,0,0,9,6,0,0,9,7,2,43,2,0,4,7,20,0,0,0,0,4,0,93,0,48,0,0,0,24,0,30,70,0,0,29,0,21,0,0,499,0,0,0,0,0,138,7,10,0,0,0,0,0,2,1,5,0,0,33,11,0,8,0,0,0,16,0,0,0,0,0,0,4,0,0,100,0,0,0,0,0,63,0,0,0,8,0,0,0,9,0,73,0,54,0,3,0,176,13,18,3,111,5,1,32,0,0,0,0,0,0,0,0,0,0,0,12,0,3,1,9,0,0,0,0,0,11,0,0,2,267,221,114,0,0,30,0,0,16,0,0,0,0,4,2,58,7
"E8_Root",0,85,6,94,0,0,5,0,425,0,0,2,18,0,0,0,0,0,0,514,25,56,23,139,22,0,0,3243,0,0,8,0,0,479,318,0,9,5,243,0,0,0,38,0,0,11,0,0,255,0,0,36,0,0,0,12,14,0,2,8,4,0,0,3,0,1,0,0,0,0,2694,0,216,31,1354,12,0,0,1,7,0,0,0,0,0,0,0,0,0,13,0,1,0,5,0,0,7,6,30,0,0,0,48,1,0,77,0,0,99,0,49,24,238,1,34,16,0,0,0,0,0,0,0,0,0,45,0,0,0,0,35,39,0,7,0,29,2,8,0,0,0,16,0,0,8,0,0,0,17,9,0,0,0,0,0,5,0,0,0,0,0,0,0,140,0,13,0,0,0,119,0,0,0,71,0,4,0,0,104,0,67,0,0,8,2,0,0,93,0,0,133,0,0,0,0,0,0,0,0,0,20,0,0,2,0,0,20,0,18,0,0,0,0,15,0,11,0,0,0,0,0,0,0,0,0,0,0,0,0,20,85,0,0,192,0,0,97,13,0,96,1222,0,0,0,0,0,28,0,0,0,0,0,0,0,0,12,0,0,0,0,15,0,0,0,0,0,0,0,3,6,0,0,33,0,0,0,0,0,0,0,0,0,26,0,0,0,0,3,0,0,0,0,12,32,22,0,267,0,0,0,10,0,0,60,33,0,45,3,0,0,0,151,0,31,0,0,0,344,2,9,0,0,0,0,0,0,0,1,0,0,84,0,0,0,0,13,1,7,0,0,13,0,0,0,0,0,0,44,0,2,35,0,0,78,0,0,0,0,0,0,0,0,0,0,0,41,0,0,0,256,0,0,0,26,0,3,0,0,0,0,0,0,8,2,0,0,11,0,9,0,0,0,31,0,0,0,0,50,2,0,6,0,80,479,57,0,0,5,0,0,8,0,1,0,0,0,0,37,2
"E8_Soil",0,80,7,9,0,0,4,3,223,0,0,2,0,0,22,14,0,0,3,282,17,7,0,168,6,0,116,3361,0,0,0,18,0,7,78,0,0,0,3,0,0,0,4,0,0,28,0,14,327,7,0,7,0,0,19,10,10,1,0,7,25,0,5,9,0,0,0,12,0,0,1208,0,347,0,303,10,0,0,9,0,0,0,0,0,0,0,0,0,0,48,0,12,4,4,0,2,0,12,102,0,167,0,142,3,0,0,0,0,81,7,41,0,224,0,50,0,0,0,0,0,0,0,0,0,0,0,0,0,0,0,9,0,0,31,0,58,0,17,0,0,50,93,0,7,63,3,0,0,6,27,24,0,0,0,0,0,2,0,0,0,0,0,0,50,0,83,0,0,0,116,0,0,0,30,0,2,0,0,160,0,54,0,0,2,5,49,0,139,0,0,21,0,0,1,30,0,0,1,0,0,0,0,0,9,0,0,15,0,26,0,0,0,0,6,0,60,11,0,0,6,0,0,0,0,0,0,7,0,8,10,14,0,19,0,0,0,36,0,0,54,2008,0,0,0,0,0,0,0,0,0,9,0,3,0,4,0,0,0,0,4,53,0,0,0,0,0,1,2,2,0,0,5,84,0,0,9,2,0,9,0,21,0,14,0,0,0,8,11,0,0,0,0,38,0,39,0,77,0,0,0,31,0,0,135,0,0,27,1,7,0,0,332,0,40,0,0,0,368,7,34,0,0,0,0,0,1,0,14,0,1,52,40,0,0,0,7,2,6,0,0,0,0,0,0,2,0,0,77,0,0,1,0,0,46,0,0,0,10,0,0,0,3,0,6,0,68,0,0,0,263,3,0,0,92,0,0,0,0,0,0,0,0,0,0,0,0,1,0,28,0,0,0,34,0,0,0,0,21,23,0,0,0,225,394,312,0,0,1,0,0,20,0,3,0,2,9,0,10,0
"E9_Root",0,48,1,16,0,0,0,0,230,3,1,0,0,0,3,0,0,0,0,402,0,32,7,29,6,0,29,6031,0,0,0,1,0,2,701,0,6,9,3,0,0,0,0,0,0,8,0,3,308,4,0,7,0,0,5,0,0,0,4,0,0,0,4,26,0,0,2,0,0,0,2196,0,204,0,487,0,0,0,0,0,0,0,0,0,2,0,0,0,0,14,0,2,0,5,0,0,4,4,36,10,0,0,5,5,0,0,0,0,58,0,81,0,233,3,12,0,0,0,0,0,0,0,0,0,0,0,0,0,0,0,0,0,0,0,0,6,0,7,0,0,0,2,0,29,4,0,0,0,20,15,0,0,0,0,0,0,0,0,0,0,2,0,0,71,0,1,0,0,0,122,0,0,0,23,0,0,0,0,66,0,48,0,0,17,0,2,0,8,0,0,180,0,0,0,0,0,0,0,0,0,0,0,0,7,0,0,109,0,6,0,0,0,0,0,0,0,11,0,0,0,0,0,0,0,0,0,0,0,0,0,0,0,0,0,0,0,34,0,0,28,1280,0,0,0,0,0,0,0,0,0,0,0,0,0,0,0,0,0,0,0,25,0,0,0,0,0,0,0,0,0,0,0,166,0,0,8,0,0,0,0,4,12,41,0,0,0,0,0,0,0,0,0,0,0,15,0,121,0,0,0,5,0,0,15,0,0,21,0,68,0,0,83,0,2,0,0,0,95,0,0,0,0,0,0,0,0,0,0,0,0,66,0,0,2,0,2,0,0,0,0,11,0,0,1,0,0,0,42,0,0,0,0,1,21,0,0,0,0,0,0,0,0,0,0,0,27,0,0,0,104,0,0,0,7,0,0,0,0,0,0,0,0,0,0,0,0,1563,0,21,0,0,0,149,0,0,0,0,0,0,0,0,0,57,445,72,0,0,0,0,0,17,0,0,0,2,0,15,11,0
"E9_Soil",0,32,6,23,26,0,0,4,212,7,14,0,0,0,68,0,0,2,0,170,9,11,8,82,10,0,51,2070,0,0,0,4,0,4,28,0,0,0,5,7,0,0,12,0,0,22,0,7,206,7,0,2,0,0,15,25,15,0,0,0,14,0,16,9,0,0,0,4,0,4,1239,0,287,6,344,0,0,0,5,0,0,0,0,0,0,0,0,0,0,6,0,9,0,7,0,0,0,7,83,0,85,0,10,5,0,0,0,0,103,0,23,5,501,0,253,0,0,0,0,0,0,0,0,0,0,0,0,0,0,0,6,0,0,18,1,95,1,19,0,0,35,88,0,54,100,1,0,0,7,8,6,0,0,0,0,0,0,0,0,12,0,0,0,22,0,89,0,0,0,319,0,0,0,31,0,0,0,0,198,0,8,0,0,7,10,44,0,70,0,0,11,0,0,0,14,0,0,3,0,0,0,9,113,37,9,0,23,0,7,0,0,0,0,6,0,0,0,0,0,0,0,0,0,0,0,0,0,0,8,3,4,0,0,0,0,0,33,0,0,63,3377,0,0,0,0,0,0,0,0,2,17,0,0,0,0,0,0,0,0,2,26,0,0,0,0,0,4,1,0,0,0,0,15,0,0,7,0,0,7,0,2,0,34,0,0,0,0,9,0,0,0,0,12,0,54,0,67,0,0,0,3,0,0,95,0,0,50,1,50,0,0,363,0,29,0,0,0,212,8,0,0,0,0,0,0,0,0,11,0,0,45,9,0,3,0,4,0,4,2,0,7,0,0,0,2,0,0,25,0,0,0,0,0,37,0,0,0,3,0,0,0,0,0,0,0,28,1,0,2,250,0,2,0,75,0,0,4,0,0,0,4,0,0,0,0,0,4,0,10,0,0,3,37,0,0,0,0,30,3,0,0,0,264,335,87,0,0,5,0,0,31,0,0,0,0,2,1,4,6
"P1_Root",0,0,0,33,0,0,0,0,269,0,0,0,14,0,2,0,0,0,0,468,0,126,7,625,51,0,34,4829,0,0,5,0,0,133,3231,0,0,0,16,0,0,0,0,0,0,0,0,0,159,4,0,7,0,0,0,0,0,0,0,0,5,0,1,7,0,0,0,0,0,0,1094,0,157,0,2239,0,0,0,0,0,0,0,0,0,0,0,0,0,0,6,0,0,0,3,0,0,2,0,22,0,0,0,97,0,0,0,0,0,41,0,38,0,146,0,13,0,0,0,0,0,0,0,0,0,0,0,28,10,0,0,0,0,0,3,0,67,3,0,0,0,0,3,0,0,12,0,0,0,0,27,0,0,0,0,0,0,0,0,0,0,0,0,0,23,0,0,0,0,0,160,0,0,0,32,0,0,0,0,26,0,57,0,0,2,0,2,0,3,0,0,51,0,0,0,0,0,0,0,0,0,2,0,0,166,0,20,24,0,0,0,0,0,0,0,0,41,1,0,0,2,0,0,0,0,0,0,0,0,0,3,2,0,0,0,0,0,16,0,0,87,1901,0,0,0,0,0,0,0,0,348,0,0,0,0,0,0,0,0,0,0,19,0,0,0,0,0,0,5,0,0,0,0,0,0,0,0,0,0,0,1,0,0,2,0,0,0,0,0,0,0,0,0,2,0,90,0,487,0,0,0,0,0,0,62,0,0,35,0,0,0,0,116,0,47,0,0,0,213,6,15,0,0,0,0,0,0,0,0,0,0,2,0,0,0,0,5,0,0,0,0,5,0,0,0,0,0,0,30,0,0,0,0,0,16,0,0,0,0,0,0,0,0,0,0,0,7,0,0,0,64,0,0,0,0,0,0,0,0,0,0,0,0,0,0,0,0,799,0,17,0,0,0,61,0,0,0,0,3,0,0,4,0,20,418,3,0,0,0,0,0,0,0,0,14,0,0,0,0,0
"P1_Soil",0,27,0,50,0,0,0,0,424,0,0,0,0,0,1,0,3,0,6,47,0,0,31,42,13,0,269,1067,0,0,4,24,0,148,30,16,0,0,97,0,0,0,47,86,0,42,0,0,86,25,0,8,0,0,7,0,8,0,0,0,3,2,0,0,0,0,0,12,0,0,457,0,243,16,2263,0,0,0,7,194,0,0,0,2,0,0,0,0,0,10,0,1,0,6,0,5,3,6,67,0,0,0,0,0,6,0,0,0,55,0,29,0,186,0,64,14,0,0,1,3,0,0,0,0,0,43,1,0,0,0,9,0,5,0,0,129,0,8,0,4,0,31,0,6,8,2,3,71,19,7,2,3,0,0,0,9,0,0,0,0,0,0,3,3,0,229,9,0,8,164,0,0,0,28,0,0,0,0,62,0,39,0,0,0,16,10,0,0,0,0,96,0,0,6,9,0,0,0,0,0,0,10,136,43,0,0,0,9,67,0,0,0,0,0,0,8,3,0,5,15,0,0,0,0,0,0,0,2,105,2,19,0,0,0,0,5,25,0,0,726,2140,0,0,0,0,0,0,0,0,2,44,0,0,0,10,0,1,0,0,6,4,0,12,0,0,0,0,0,0,0,1,23,25,0,0,37,4,3,0,1,9,0,18,0,6,12,0,9,0,0,0,0,21,0,128,0,75,220,0,0,0,0,68,58,19,0,95,0,0,0,1,42,0,31,0,0,0,78,7,0,0,9,0,0,0,0,0,0,0,0,5,0,0,0,0,2,0,37,0,0,0,0,36,0,0,0,0,4,0,0,0,0,5,106,0,0,0,19,7,0,0,0,0,2265,5,125,0,0,0,46,0,32,0,9,0,136,0,0,0,0,6,5,0,0,0,0,0,0,4,6,2,0,21,0,20,0,0,33,0,0,0,5,170,200,93,0,0,7,0,0,0,0,3,0,0,9,2,0,6
"P2_Root",0,57,0,50,0,0,9,0,419,0,0,0,6,5,3,0,0,0,0,431,31,71,0,375,2,0,18,5325,0,0,0,1,0,339,1647,0,11,43,24,0,0,0,10,0,0,6,0,7,194,6,0,5,0,0,1,0,0,0,0,0,2,0,0,26,0,0,0,18,0,0,1407,0,336,0,1672,0,0,0,0,0,1,0,0,0,0,0,0,0,0,0,0,0,0,11,0,0,3,27,43,0,14,0,125,3,0,15,1,0,37,0,51,0,354,1,34,23,0,0,0,0,0,0,0,0,0,0,0,0,0,0,0,0,0,0,0,62,0,0,3,0,0,12,0,0,25,0,0,0,1,26,0,0,0,0,0,0,0,0,0,0,0,0,0,34,0,13,0,0,0,244,0,0,0,61,0,0,0,0,19,0,28,0,0,8,0,0,0,53,0,0,43,0,0,0,5,0,0,0,0,0,66,0,0,41,0,1,18,0,13,0,0,0,0,6,0,35,16,0,0,0,0,1,0,0,0,0,0,13,3,0,2,0,0,0,0,2,47,0,0,42,1424,0,0,0,2,0,0,0,0,76,0,0,0,0,3,0,0,0,0,2,32,0,0,0,0,0,0,6,7,0,0,0,14,0,0,42,0,2,0,0,0,0,23,0,0,0,0,0,0,0,0,0,3,0,4,0,304,0,0,0,0,0,0,53,0,0,46,0,0,8,0,95,0,31,0,0,0,160,0,0,0,0,0,0,0,0,0,0,0,0,5,0,0,0,0,12,0,4,0,0,0,0,0,0,0,0,0,81,0,0,0,0,0,42,0,0,0,0,0,0,0,0,0,0,0,22,0,0,0,101,0,0,0,4,0,2,0,0,0,0,0,0,0,0,0,0,302,0,38,0,0,0,65,0,0,0,0,14,0,0,0,0,77,712,69,0,0,0,0,0,10,0,0,0,4,0,0,2,0
"P2_Soil",0,111,3,58,0,5,0,7,314,0,10,2,0,0,48,0,0,0,2,156,10,23,8,128,6,0,35,1684,0,0,0,0,0,142,111,0,29,0,129,0,0,0,16,0,0,41,0,0,130,10,0,23,0,0,22,14,17,0,0,0,20,0,23,9,0,0,0,29,0,0,1051,0,380,10,771,4,0,0,3,3,0,0,0,0,0,0,0,0,0,28,0,9,0,5,0,0,0,0,93,9,55,0,146,4,11,22,0,0,101,0,23,0,487,0,267,10,0,0,12,0,0,0,0,0,0,0,5,0,0,3,6,0,0,14,0,97,63,18,3,0,17,56,0,9,184,1,0,3,4,15,0,0,0,0,6,0,0,0,0,3,0,0,0,21,0,126,0,0,0,255,0,0,0,80,0,0,0,0,142,0,53,0,0,0,11,49,0,58,0,0,35,0,0,0,25,0,0,0,0,8,0,0,0,50,10,0,35,5,35,0,0,0,0,11,0,0,9,0,18,3,3,4,0,0,0,0,13,0,3,0,30,0,0,0,0,0,55,7,0,142,2866,0,1,0,4,0,0,0,0,6,8,0,0,0,8,0,0,0,0,6,55,0,0,0,0,0,0,9,0,0,0,0,22,0,0,12,6,0,0,0,5,0,44,0,0,5,7,15,0,0,0,0,7,0,117,0,260,0,6,0,11,0,0,88,10,0,71,0,7,0,0,290,0,0,0,0,4,174,22,10,0,0,0,0,0,0,2,0,0,0,23,5,0,2,0,14,0,14,2,0,0,3,0,0,0,0,0,14,0,0,0,5,3,89,0,0,0,12,0,0,0,0,0,75,0,94,0,0,0,196,0,15,0,46,0,6,8,0,0,0,0,0,0,0,0,0,45,0,15,0,0,0,21,0,0,2,0,29,0,0,0,0,254,317,121,0,0,12,0,0,31,0,0,0,0,19,0,18,3
"P3_Root",0,7,1,20,0,0,0,0,161,0,0,0,0,0,2,0,0,0,0,155,10,9,3,55,0,0,23,3098,0,42,0,0,0,60,943,0,4,0,22,0,0,0,0,68,0,4,0,0,105,0,0,0,0,0,0,0,0,0,0,0,0,0,5,5,0,0,0,29,0,0,842,0,40,0,514,2,0,0,0,0,0,0,0,0,0,0,0,0,0,0,0,0,0,2,0,0,1,0,15,3,31,0,58,0,0,0,0,0,26,0,5,0,91,0,64,0,0,0,0,0,0,0,0,0,0,0,0,0,1,0,0,0,0,0,0,22,0,0,1,0,0,13,0,0,25,0,0,0,0,1,0,0,0,0,0,0,0,0,0,0,0,0,0,4,0,4,0,0,0,75,0,0,0,1,0,0,0,0,17,0,14,0,5,8,1,3,0,0,0,0,12,0,0,0,0,0,0,0,0,0,0,0,11,48,0,0,122,0,11,0,0,0,0,0,0,243,5,0,0,0,1,0,0,0,0,0,0,0,7,25,13,0,0,0,0,0,0,0,0,29,707,0,0,0,1,0,0,0,0,19,0,0,0,0,8,0,0,0,0,2,18,0,0,0,0,1,0,1,0,0,0,2,3,0,0,0,0,0,0,6,2,4,3,0,0,0,0,0,0,0,0,0,2,0,49,0,48,0,0,0,0,0,6,16,0,0,14,0,0,0,0,92,0,0,0,0,0,34,0,0,0,0,3,0,0,0,0,0,0,0,0,0,0,0,0,2,0,0,0,0,0,0,0,0,1,0,0,36,0,0,0,0,0,25,0,0,0,0,0,0,0,0,0,5,0,0,0,0,0,24,0,0,0,9,0,6,0,0,0,1,0,0,0,0,0,0,112,0,26,0,0,0,49,0,0,0,0,14,0,0,0,0,27,108,32,0,0,0,0,0,4,0,0,0,0,0,0,31,0
"P3_Soil",0,29,0,0,5,0,21,0,167,0,0,9,0,0,46,3,8,2,0,200,2,11,2,65,3,0,38,2374,0,0,0,17,0,27,153,0,53,0,4,0,0,0,0,48,0,0,0,0,182,6,0,3,0,0,15,3,6,0,0,0,0,0,2,4,0,0,0,9,0,0,803,0,132,0,721,12,0,0,0,0,0,0,0,0,0,0,0,0,0,14,0,2,2,0,0,0,0,0,124,0,65,0,101,19,0,0,0,0,38,3,12,0,341,2,165,0,0,0,0,0,0,0,0,0,0,0,0,0,0,7,18,2,0,12,0,25,0,9,0,0,6,84,0,0,482,0,0,0,2,18,0,0,0,0,0,9,0,0,0,3,0,0,0,13,0,90,3,0,0,322,0,0,0,26,0,0,0,0,251,0,19,0,0,16,10,78,0,24,0,0,6,0,1,39,22,7,0,0,0,0,0,0,52,836,4,0,135,8,45,0,0,0,0,3,0,75,3,0,0,17,0,0,0,2,0,0,12,0,23,10,0,0,0,0,0,0,30,0,0,28,2596,0,0,0,0,0,0,0,0,0,20,20,0,0,9,0,0,0,0,4,16,0,0,0,0,0,0,0,0,0,0,2,14,0,0,0,4,0,0,0,17,8,22,0,0,3,0,9,0,0,0,0,49,0,64,0,74,0,0,0,8,0,35,79,0,0,59,0,26,0,0,259,0,24,0,0,0,105,7,0,0,0,0,0,0,1,9,5,0,0,23,5,0,7,0,6,2,8,0,0,0,0,0,0,4,0,0,65,0,0,0,0,0,71,0,0,0,13,0,0,0,28,0,101,7,21,0,0,0,99,0,20,0,35,0,12,11,0,0,0,0,0,0,0,0,2,0,0,38,0,0,0,66,0,0,0,0,10,0,0,0,4,201,226,28,0,0,14,0,0,5,8,0,0,0,9,0,35,4
"P4_Root",0,34,0,12,0,0,28,0,446,0,0,0,0,0,26,0,0,0,0,891,91,59,0,495,3,0,0,3184,0,3,0,9,0,5,1080,0,25,0,14,0,0,0,0,0,0,8,0,9,264,0,0,4,0,0,9,3,1,0,0,0,0,0,27,6,0,0,0,0,53,0,852,0,336,0,1116,0,0,0,0,0,0,0,0,0,0,0,0,0,0,5,0,0,0,0,0,0,2,5,91,28,7,0,91,0,0,0,0,0,63,0,55,0,259,1,7,0,0,0,0,0,0,0,1,0,0,0,0,0,0,0,12,0,0,0,0,37,0,0,0,0,0,3,0,0,4,0,0,0,88,24,0,0,0,0,0,0,0,0,0,0,0,0,0,166,0,11,0,0,0,143,0,0,0,0,0,0,0,0,9,0,77,0,0,1,0,3,0,0,0,0,58,0,0,0,0,0,0,0,0,0,0,0,22,0,0,13,82,0,14,0,0,0,0,0,0,57,29,0,0,12,0,0,0,0,0,0,0,0,0,9,0,0,0,0,0,0,0,0,0,7,1702,0,0,0,1,5,0,0,0,50,7,0,0,0,0,0,0,0,0,0,55,0,0,0,0,0,0,0,0,0,0,0,50,0,0,0,0,0,0,0,0,0,17,0,0,0,0,0,0,0,0,0,0,3,25,0,381,0,0,0,0,0,0,3,0,0,49,0,0,0,0,63,0,0,0,0,0,166,1,31,0,0,0,0,0,0,0,0,0,0,2,0,0,0,0,0,0,0,0,0,0,0,0,0,0,0,0,134,0,0,0,0,0,10,0,0,0,0,0,0,0,0,0,1,0,13,0,0,0,195,0,0,0,16,0,2,0,0,0,0,0,0,0,0,0,0,1222,0,73,0,0,0,66,0,0,0,0,4,2,2,0,0,111,300,2,0,0,0,0,0,29,0,0,0,0,0,2,62,0
"P4_Soil",0,58,5,7,4,0,0,0,719,0,0,2,0,0,265,6,0,0,0,146,4,0,0,202,8,0,7,2222,0,0,0,0,2,21,60,0,0,0,1,0,0,0,0,4,0,21,0,0,182,9,0,0,0,0,22,11,11,0,1,0,15,0,21,0,0,1,0,4,0,0,788,0,199,0,489,0,0,0,0,0,0,0,0,0,0,0,0,0,0,0,0,2,0,0,0,4,0,33,113,3,337,0,82,0,0,0,0,0,47,3,30,8,399,0,342,0,0,0,0,0,0,0,0,0,0,0,0,0,0,0,0,8,0,28,0,28,41,9,2,0,28,40,0,64,321,0,0,0,0,7,7,0,0,0,0,0,0,0,0,10,0,0,0,9,0,83,0,0,0,229,1,0,0,21,0,0,0,0,64,0,7,0,0,21,7,65,0,12,0,0,11,0,0,0,20,0,0,6,0,0,0,0,0,4,21,5,35,0,217,0,0,0,0,0,0,5,10,0,0,0,0,2,0,0,0,0,6,2,7,1,15,0,0,0,0,0,12,0,0,59,3317,0,0,0,3,0,0,0,0,2,0,0,0,0,8,0,0,0,0,3,51,0,0,0,1,0,0,2,0,0,0,6,2,2,0,0,0,4,3,28,15,0,14,0,0,0,1,13,3,0,0,0,0,8,23,0,112,0,0,0,7,0,0,98,0,0,17,0,31,0,0,307,0,0,0,0,0,174,2,0,0,0,0,5,0,0,0,3,0,0,23,6,0,0,0,0,0,8,0,0,0,0,0,0,0,0,0,37,0,0,0,0,0,111,0,0,0,0,0,0,0,0,0,12,5,52,0,5,0,232,7,1,0,28,0,1,8,0,0,0,0,0,0,0,0,8,46,0,18,0,1,0,95,0,0,0,0,9,2,0,0,0,309,238,61,0,3,4,0,0,18,0,0,0,0,0,2,0,1
"P5_Root",0,37,0,80,0,0,0,1,899,0,0,0,25,0,0,0,0,0,0,239,17,57,22,294,47,0,76,3024,0,0,0,0,0,477,623,0,5,6,199,0,0,4,41,0,0,112,3,2,231,17,0,9,0,0,10,0,4,0,0,0,6,0,0,5,0,0,0,0,0,0,1417,0,303,18,2217,0,0,0,0,5,0,0,3,0,0,0,0,0,0,14,0,0,0,12,0,0,0,4,87,0,0,0,2,0,1,44,0,0,85,0,19,0,382,2,32,6,0,17,0,0,4,0,0,0,0,0,54,0,0,0,28,0,0,5,0,146,0,5,0,0,0,10,0,0,5,0,0,0,3,0,0,0,0,0,0,0,0,3,0,0,0,0,0,39,0,11,6,0,0,260,0,17,0,46,0,0,0,1,49,0,178,0,2,6,0,6,0,21,0,0,226,0,0,0,11,0,6,0,0,0,12,0,0,95,0,0,2,0,32,0,0,0,0,0,0,44,16,0,0,8,0,0,0,0,0,0,0,0,0,0,99,0,11,0,0,0,103,0,0,139,1851,0,0,0,0,0,0,0,0,1,25,0,0,0,0,0,0,0,0,4,33,0,0,0,0,0,0,0,0,4,0,0,22,0,2,209,0,0,0,4,9,1,14,0,0,0,0,0,0,0,0,0,4,0,48,0,396,0,0,0,0,0,0,53,0,0,109,2,0,35,0,49,0,61,0,1,0,184,17,0,0,0,0,0,0,0,0,0,0,0,7,1,0,0,0,0,0,14,0,0,2,0,0,0,0,0,0,5,6,0,0,0,0,50,0,0,0,3,0,0,0,0,0,44,0,8,0,1,0,35,0,0,0,0,0,1,0,0,0,31,1,0,12,0,0,0,22,0,69,0,0,0,40,0,0,0,0,40,0,0,7,0,56,460,35,0,0,0,0,0,0,0,0,0,1,0,0,15,3
"P5_Soil",0,53,0,7,0,0,5,0,352,0,0,0,0,0,1,0,0,0,0,190,23,19,19,609,9,0,368,6050,0,0,0,3,0,0,144,0,0,0,0,0,0,0,9,0,0,16,0,6,392,0,3,5,0,0,6,3,1,0,1,0,22,0,0,0,0,0,0,0,0,0,415,0,422,0,505,0,0,0,2,0,0,0,0,0,0,0,0,0,0,35,0,0,0,13,0,0,0,0,57,0,0,0,0,0,8,0,0,0,72,0,6,0,328,0,88,0,0,0,0,0,0,0,0,0,0,0,15,0,0,0,0,0,0,16,0,297,0,3,0,0,0,27,0,0,80,0,0,0,0,0,6,0,0,0,0,0,0,0,0,0,0,0,0,4,0,44,0,0,0,309,0,0,0,32,0,0,0,0,49,0,52,0,0,1,0,16,0,0,0,0,20,2,0,0,13,0,0,0,0,0,0,0,0,374,0,0,0,0,26,0,0,0,0,6,0,30,5,0,5,4,0,1,0,0,12,0,0,0,0,0,26,0,0,0,0,0,15,0,0,44,3668,0,0,0,0,0,0,0,0,0,4,0,0,0,3,0,0,0,0,0,85,0,0,0,0,0,0,0,0,0,0,4,18,0,0,0,1,0,0,32,13,0,35,0,0,0,0,0,0,0,0,0,22,0,116,0,105,0,0,0,5,0,0,45,0,0,18,0,0,0,0,243,0,70,0,0,0,394,6,0,0,0,0,0,0,0,0,0,0,0,0,0,0,0,0,0,0,0,0,0,0,0,0,0,0,0,0,51,0,0,0,0,0,11,0,0,0,5,0,0,0,0,0,17,0,0,0,0,0,82,0,0,0,3,0,0,0,0,0,6,1,0,0,0,0,2,0,0,8,2,0,0,11,0,0,0,0,20,5,0,6,3,216,556,117,0,0,0,0,0,0,0,0,0,0,0,0,0,0
"P6_Root",0,5,0,16,6,0,6,0,397,0,0,0,0,0,51,0,0,0,0,489,4,43,3,172,0,0,0,2095,0,0,54,4,0,284,5167,0,0,0,7,0,3,0,11,21,0,2,0,4,78,2,0,0,0,0,0,0,0,0,1,0,0,0,14,0,0,0,0,0,0,0,936,0,235,11,1119,0,0,0,0,2,0,0,0,0,0,0,0,0,0,2,0,0,0,0,0,1,4,0,20,348,28,0,164,7,0,0,0,0,51,0,78,0,178,0,32,0,0,0,1,0,0,0,0,0,0,0,0,0,0,0,3,21,0,1,0,52,0,8,0,0,0,11,0,0,13,0,0,0,11,13,0,0,10,0,0,0,0,0,0,0,0,0,0,66,0,0,0,0,0,83,0,0,0,4,0,0,0,0,37,0,126,0,0,47,3,8,7,2,0,0,18,0,0,0,0,0,0,0,0,0,0,0,0,20,28,37,135,2,227,0,0,0,0,0,0,65,9,0,0,3,0,0,0,0,0,0,0,0,0,8,17,0,0,0,0,0,23,0,0,56,1382,0,0,0,0,0,17,0,0,476,0,0,0,0,0,0,0,0,0,3,44,0,0,0,0,0,0,0,0,0,0,2,19,0,0,7,0,0,0,0,0,0,18,0,0,0,0,0,0,0,0,0,3,9,44,0,269,0,2,0,7,0,0,11,2,0,38,0,3,0,0,112,6,0,1,0,0,114,0,22,0,0,0,0,0,0,0,0,0,0,15,0,0,0,0,4,0,1,0,0,0,0,0,0,0,0,0,73,0,0,0,0,0,16,0,0,0,0,0,0,0,0,0,36,0,0,0,0,0,106,0,0,0,47,0,10,0,0,0,0,0,0,0,0,0,0,1394,0,26,0,0,0,47,0,0,0,0,0,0,0,0,0,116,294,51,0,0,2,0,0,30,0,0,2,0,0,0,197,0
"P6_Soil",0,56,0,17,33,9,4,0,134,0,6,0,0,0,390,7,5,0,2,104,16,3,30,127,27,0,12,1313,0,0,0,39,0,8,106,0,0,0,0,0,0,0,11,7,3,42,0,0,136,7,0,0,0,0,65,15,0,0,0,0,22,0,7,9,0,0,0,11,0,0,740,0,250,5,465,18,0,0,0,0,0,0,0,0,0,0,0,0,0,5,0,25,0,8,0,0,0,8,84,0,315,0,102,4,0,0,0,0,63,3,7,0,689,0,206,1,0,0,0,0,0,0,0,0,0,0,0,0,0,0,0,14,0,23,0,167,0,3,0,0,19,55,0,53,323,0,0,0,0,27,10,0,0,0,0,0,8,0,0,15,0,0,0,19,3,190,48,5,0,552,0,0,0,34,0,0,0,0,177,0,28,10,0,19,13,76,5,13,0,0,35,0,0,0,0,0,0,0,0,0,0,0,6,21,9,0,23,0,20,0,0,0,0,10,0,0,11,0,0,0,0,0,0,0,0,0,8,0,14,8,0,0,0,0,0,0,31,28,0,23,3461,0,0,0,0,0,0,0,0,0,61,0,0,0,8,0,0,0,0,2,20,0,0,0,0,3,2,5,0,0,0,0,10,0,0,17,0,0,4,0,2,0,19,5,0,0,0,6,0,0,0,0,0,0,21,0,175,0,0,0,13,0,0,43,5,0,8,0,24,0,0,244,0,0,0,0,0,118,0,3,0,0,0,0,0,0,0,5,0,0,13,8,0,0,0,0,0,6,0,5,0,0,4,0,0,0,0,53,0,0,0,0,0,150,0,0,0,0,0,0,0,0,0,23,0,88,0,6,0,63,1,5,0,130,0,0,5,0,0,0,0,0,0,0,0,7,16,0,62,0,0,0,19,0,0,0,0,66,0,0,0,3,186,60,190,0,2,20,0,0,24,0,0,0,0,0,0,8,8
"P7_Root",0,40,0,60,0,0,3,0,582,0,0,0,0,0,0,0,0,0,0,327,11,50,0,191,8,0,66,5807,0,4,0,0,0,36,983,0,0,9,8,0,0,0,1,0,0,0,0,0,428,18,0,6,0,0,2,6,0,0,0,0,5,0,0,5,0,0,0,0,0,0,741,0,188,0,906,0,0,0,0,0,0,0,0,0,0,0,2,0,0,11,0,0,0,8,0,0,0,1,39,0,23,0,95,0,0,0,1,0,92,0,76,0,137,2,7,0,0,0,0,0,0,0,0,0,0,0,9,0,0,0,0,17,0,0,0,8,3,3,1,0,0,8,0,0,8,0,0,0,1,16,0,0,0,0,0,0,0,0,0,0,0,0,0,74,0,0,0,0,0,84,0,0,0,48,0,0,0,0,24,0,19,0,0,1,0,3,0,0,0,0,80,0,0,0,0,0,0,0,0,0,0,0,0,26,0,1,61,0,8,20,0,1,0,0,0,24,16,0,0,0,0,0,0,0,0,0,0,0,0,0,3,0,0,0,0,0,24,0,0,57,2731,0,0,0,7,0,0,0,0,28,0,0,0,0,0,0,0,0,0,4,40,0,0,0,0,0,0,4,0,0,0,0,48,0,0,68,0,0,0,0,2,0,11,0,0,0,0,0,0,0,0,0,0,0,24,0,225,0,0,0,4,0,0,52,0,0,2,0,20,0,0,52,0,14,0,0,0,252,0,28,0,0,0,0,0,0,0,0,0,0,13,0,0,0,0,3,0,2,0,0,0,0,0,0,0,0,0,46,0,0,11,0,0,15,0,0,0,0,0,0,0,0,0,18,0,2,0,0,0,116,0,0,0,0,0,8,0,0,0,6,0,0,0,0,0,0,51,0,79,0,0,3,90,0,0,0,0,0,0,0,0,0,58,590,12,0,0,0,0,0,14,0,0,0,0,0,0,22,0
"P7_Soil",0,81,3,2,0,0,19,0,703,0,0,2,6,0,5,8,0,0,0,193,21,15,0,190,6,0,48,3060,0,0,54,2,4,63,58,0,5,0,0,0,0,0,0,7,0,22,0,0,285,11,8,7,0,0,9,28,16,0,0,0,37,0,0,1,0,0,0,0,0,0,964,0,242,0,1138,0,0,0,17,0,0,0,2,0,0,0,0,0,0,59,0,6,0,0,0,0,3,0,63,2,120,0,126,0,8,0,0,0,120,0,40,0,195,1,111,0,0,0,0,0,0,0,0,0,0,0,5,0,0,0,29,0,0,16,0,102,0,0,11,0,0,75,0,0,35,0,0,0,6,14,0,0,0,0,0,0,0,0,0,0,0,0,0,38,0,99,0,0,1,200,0,0,0,84,0,0,0,0,115,0,54,0,0,4,0,26,0,94,0,0,56,0,0,0,36,0,0,6,0,0,0,0,10,39,0,2,39,0,44,0,0,0,0,7,0,58,0,0,0,20,1,0,0,0,0,0,0,0,0,0,15,0,0,0,0,0,27,0,0,118,2312,0,0,0,1,0,0,0,0,7,3,0,0,0,0,0,0,0,0,0,22,0,0,0,0,0,0,7,0,0,0,0,25,0,0,173,0,0,0,9,21,9,85,0,0,1,2,7,0,0,0,0,29,0,111,0,157,0,0,0,47,0,0,147,0,0,33,0,21,0,0,262,0,35,0,0,0,300,7,2,0,0,0,0,0,4,3,1,0,0,33,12,0,3,0,6,0,20,0,0,11,0,0,0,0,0,0,50,4,0,9,0,0,54,6,0,0,8,0,0,21,4,0,51,0,63,0,2,0,401,5,0,0,48,0,0,6,0,0,2,0,0,0,0,0,0,0,0,13,0,0,5,33,0,0,0,0,6,5,0,0,2,175,608,8,0,0,8,0,0,3,0,0,0,0,1,0,6,11
"P8_Root",0,31,0,27,0,4,0,0,1522,0,0,0,10,0,0,0,0,0,0,680,3,218,0,260,17,0,68,3824,0,0,105,0,0,112,1815,0,0,6,59,0,0,0,3,0,0,27,0,0,234,1,7,13,0,0,11,5,2,0,0,0,3,0,0,0,0,0,0,0,0,0,1551,0,332,0,1295,0,0,0,5,0,0,0,0,0,0,0,0,0,0,57,0,2,0,15,0,0,0,0,90,0,0,0,0,2,0,0,0,0,69,0,21,0,407,0,29,0,0,0,0,0,0,0,0,0,0,3,130,0,0,0,45,0,0,2,0,83,0,2,0,0,0,44,0,0,3,0,0,0,8,0,0,0,0,0,0,0,0,17,0,0,0,0,0,60,0,13,0,0,0,277,0,0,0,101,0,0,0,0,106,0,103,0,0,11,3,6,0,21,0,0,248,0,0,0,11,0,0,0,0,0,7,0,0,7,0,0,46,0,35,0,0,0,0,10,0,103,1,0,0,0,0,0,0,0,0,0,0,0,0,18,8,12,16,0,0,0,14,0,0,127,1595,0,0,0,0,0,0,0,0,9,5,0,0,0,0,0,0,0,0,0,89,0,0,0,0,0,0,0,0,0,0,0,87,0,0,0,0,0,0,0,4,0,59,0,0,0,0,0,0,0,0,0,10,0,89,0,360,0,0,0,23,0,0,43,0,0,143,0,3,0,0,218,0,125,0,0,0,268,13,0,0,0,0,0,0,0,0,0,0,0,4,0,0,0,0,5,0,7,0,0,3,0,0,0,0,0,0,57,0,0,2,0,0,56,0,0,0,2,0,0,0,0,0,12,0,16,0,5,0,347,0,0,0,4,0,15,4,0,0,1,0,0,0,0,0,0,248,0,49,0,0,0,29,0,0,0,0,12,17,0,4,0,53,774,67,0,0,0,0,0,0,0,0,0,0,0,0,34,3
"P8_Soil",0,44,0,4,0,0,3,1,604,0,0,0,0,0,14,5,0,0,0,185,20,14,43,140,11,0,86,2681,0,0,18,4,0,47,45,0,4,0,0,0,0,0,4,0,0,3,0,0,241,0,0,6,0,0,5,18,37,0,3,0,15,0,0,0,0,0,0,0,0,0,1039,0,386,5,420,0,0,0,14,2,0,0,1,0,0,0,0,0,0,47,0,20,0,12,0,0,0,0,175,4,38,0,13,1,9,0,0,0,132,0,38,0,586,0,127,0,0,0,0,0,0,0,0,0,0,0,4,0,0,0,7,0,0,2,0,53,12,6,0,0,17,79,0,0,64,1,0,0,12,4,0,0,0,0,0,0,0,0,0,0,0,0,0,39,0,73,0,0,0,334,0,0,0,62,0,0,0,0,105,0,65,0,0,8,10,23,0,49,0,0,53,1,0,0,22,0,0,0,0,0,0,0,0,13,0,0,15,0,14,0,0,0,0,5,0,9,6,0,0,6,0,0,0,0,0,0,0,0,20,3,24,0,0,0,0,0,32,0,0,49,5008,0,0,0,0,0,0,0,0,3,29,0,0,0,4,0,0,0,0,3,65,0,0,0,0,0,0,1,0,0,0,0,2,0,0,0,0,0,0,20,6,0,71,0,0,0,0,4,0,0,0,0,24,82,44,0,92,0,0,0,22,0,0,109,0,0,50,0,5,0,0,367,0,83,0,0,0,317,15,0,0,0,0,0,0,0,0,0,0,0,9,5,0,3,0,1,0,17,0,0,0,0,0,0,0,0,1,22,0,0,0,0,0,41,0,0,0,4,0,0,0,0,0,9,0,39,0,1,0,134,0,0,0,33,0,0,9,0,0,0,0,0,0,0,0,0,10,0,24,0,0,0,20,0,0,0,0,16,1,0,13,0,214,448,115,0,0,0,0,0,2,0,2,0,0,7,0,6,5
"P9_Root",0,45,0,35,0,0,29,0,603,2,0,0,10,0,0,0,1,0,2,531,8,60,0,27,4,0,325,2718,0,0,24,0,0,351,317,0,258,28,64,0,0,0,0,3,0,0,0,5,150,19,0,6,0,0,0,1,2,0,0,0,0,0,6,4,0,0,0,0,0,0,1772,0,232,0,1269,0,0,0,0,0,0,0,0,0,0,0,0,0,0,12,0,9,0,2,0,0,0,0,50,22,1,0,0,36,0,0,2,0,72,0,13,0,221,1,16,0,0,0,0,0,0,0,0,0,0,0,25,3,0,0,12,0,0,0,0,38,0,0,5,0,10,17,0,0,0,0,0,0,7,2,0,0,0,1,0,5,0,0,0,0,0,0,0,75,0,10,0,0,0,272,0,0,0,44,0,0,0,0,91,0,61,0,0,29,15,10,0,0,0,0,293,2,0,0,14,0,0,0,0,0,0,0,23,48,0,0,893,0,57,0,0,0,0,2,0,37,0,0,0,0,0,0,0,0,0,0,0,0,0,67,0,0,0,0,0,0,21,0,0,27,1414,0,0,0,2,0,0,0,0,0,2,0,0,0,9,0,0,0,0,0,89,0,1,0,0,0,0,4,0,0,0,0,56,0,51,82,0,0,0,0,2,0,21,0,0,0,0,6,0,0,0,0,21,0,0,0,150,0,0,0,2,0,8,34,0,5,75,0,20,0,0,97,0,185,0,0,0,89,11,1,0,0,0,0,0,0,0,0,0,0,26,2,0,2,0,12,0,6,0,0,6,0,0,0,0,0,0,7,0,0,27,0,0,45,0,0,0,0,0,0,0,3,0,232,0,26,0,0,0,104,0,1,0,14,5,3,0,0,0,2,0,0,0,0,0,0,129,0,32,0,0,0,28,0,0,0,2,5,0,0,4,0,49,387,49,0,0,0,0,0,0,0,0,0,0,0,7,104,0
"P9_Soil",0,94,5,7,8,0,7,0,389,41,10,4,0,0,80,7,15,2,0,114,2,22,0,41,7,0,95,1300,0,0,0,5,1,23,23,0,116,4,5,0,0,0,0,4,3,32,0,4,131,5,0,1,0,0,19,10,37,0,0,0,15,0,24,11,0,0,0,0,0,0,1029,0,305,0,483,0,0,0,9,0,0,1,0,0,1,2,0,0,0,16,0,13,0,0,1,0,0,0,134,0,291,0,44,13,5,0,0,2,85,0,35,0,449,2,245,0,0,0,2,0,0,0,0,0,0,0,9,0,0,0,16,3,0,8,0,15,1,19,3,3,46,168,0,0,21,4,0,0,10,22,0,0,7,0,0,0,5,0,0,6,0,0,0,27,2,114,0,0,0,266,0,0,0,59,0,0,0,0,312,3,17,0,0,0,36,40,0,76,0,5,37,0,5,72,38,0,0,0,0,3,0,0,3,38,0,0,50,0,39,0,1,0,0,11,0,0,2,0,0,22,0,0,0,1,0,1,10,0,0,18,28,0,0,0,0,0,26,0,0,36,2562,0,0,0,0,0,0,0,1,0,18,0,10,0,12,0,0,2,0,9,65,0,0,0,0,0,0,5,0,0,0,3,17,0,0,55,0,0,26,7,12,5,53,0,0,0,13,16,0,0,1,0,10,0,85,0,89,0,0,0,25,0,20,92,0,0,87,0,30,0,0,396,0,91,0,0,0,129,4,0,0,0,0,0,5,0,3,5,0,0,103,34,0,10,0,1,6,19,0,0,0,0,0,0,2,0,0,25,0,0,0,0,0,125,0,0,0,13,0,0,0,0,0,22,0,36,2,0,1,185,9,14,0,96,0,6,39,0,0,0,0,0,0,0,13,0,0,0,25,0,2,0,25,0,0,0,0,51,7,0,0,1,188,260,163,0,1,4,0,0,23,0,0,0,0,2,0,10,3
