"","E1-1_Root","E1-2_Root","E1-N_Soil","E1-S_Soil","E2-1_Root","E2-2_Root","E2-N_Soil","E2-S_Soil","E3-1_Root","E3-2_Root","E3-N_Soil","E3-S_Soil","E4-1_Root","E4-2_Root","E4-N_Soil","E4-S_Soil","E5-1_Root","E5-2_Root","E5-N_Soil","E5-S_Soil","E6-1_Root","E6-2_Root","E6-N_Soil","E6-S_Soil","E7-1_Root","E7-2_Root","E7-N_Soil","E7-S_Soil","E8-1_Root","E8-2_Root","E8-N_Soil","E8-S_Soil","E9-1_Root","E9-2_Root","E9-N_Soil","E9-S_Soil","Neg_Control","P1-1_Root","P1-2_Root","P1-N_Soil","P1-S_Soil","P2-1_Root","P2-2_Root","P2-N_Soil","P2-S_Soil","P3-1_Root","P3-2_Root","P3-N_Soil","P3-S_Soil","P4-1_Root","P4-2_Root","P4-N_Soil","P4-S_Soil","P5-1_Root","P5-2_Root","P5-N_Soil","P5-S_Soil","P6-1_Root","P6-2_Root","P6-N_Soil","P6-S_Soil","P7-1_Root","P7-2_Root","P7-N_Soil","P7-S_Soil","P8-1_Root","P8-2_Root","P8-N_Soil","P8-S_Soil","P9-1_Root","P9-2_Root","P9-N_Soil","P9-S_Soil"
"E1-1_Root",0,0.0424834736489978,0.222072231180005,0.404192418549147,0.488344765887721,0.51992054870691,0.433464162835531,0.475166359507991,0.413885937115144,0.394421484045443,0.450023400103697,0.374786613357868,0.528389802817591,0.503569575710561,0.442257068089926,0.400737895186872,0.501851659393325,0.490799174178353,0.425407129795813,0.376444855770686,0.399054984015352,0.379437706594324,0.411840475596876,0.440037468340175,0.405941071899065,0.395695471940718,0.406414734893106,0.402077432542772,0.502715300737051,0.461320450022569,0.367925071193841,0.398637881659416,0.528174341131965,0.537957850813842,0.386524339775245,0.38679255116958,0.479897072971094,0.452426111056521,0.477104912040261,0.413156708938572,0.532546402326469,0.402818622305692,0.401826377335361,0.430582850083891,0.458959061398599,0.467274806116318,0.429624631250408,0.404263279809073,0.406639614048144,0.405434689811557,0.405467837789081,0.393550305266346,0.404801344023964,0.422321392089958,0.441510891129662,0.381152290358804,0.401588366925147,0.454960178581547,0.444361210967076,0.435646589017362,0.388775474973821,0.439560573075071,0.463184110234378,0.387700997863474,0.453097570420969,0.446743236081924,0.439510614436019,0.414655010869539,0.37787195765086,0.423851251770623,0.432283640957209,0.387242311609256,0.384430080528465
"E1-2_Root",0.0424834736489978,0,0.227042840425832,0.412598202289841,0.496376078702571,0.527854167154357,0.441941260324577,0.485247505198417,0.426312752839889,0.405073486771703,0.457199375545119,0.382224790959091,0.534127546187772,0.510395594229589,0.450560791152824,0.409532341978394,0.508371269978951,0.496748059650342,0.433974284929582,0.38587384051319,0.408072446039226,0.388672573039114,0.41983486985897,0.446975877625914,0.414923105533694,0.404548984078819,0.414871278760519,0.41126727945399,0.515035241433102,0.473723664162376,0.375915970654324,0.406476619545105,0.534727967275612,0.544440785524955,0.395548393999069,0.39562290575168,0.487512419707585,0.460144210172297,0.485362929337787,0.420916453197011,0.540929142531344,0.414278958619643,0.413003511703427,0.451268682426988,0.465702212476572,0.473738115197848,0.435630065119405,0.412284444836828,0.413701450814441,0.414287118353653,0.414550486262006,0.403076193313445,0.41403861867227,0.429570856613571,0.44836639739384,0.389327983034026,0.409848157646359,0.462372845380735,0.451712305383058,0.443936246304099,0.397477967173003,0.446808285900521,0.470920902955586,0.395776528207118,0.460198584935988,0.453003551989682,0.446262332798968,0.423026967390851,0.385922793687103,0.431190700186364,0.439495426129948,0.395284785417148,0.393539471125722
"E1-N_Soil",0.222072231180005,0.227042840425832,0,0.289873692625876,0.415091612088339,0.451619560749316,0.313968590473267,0.389234793960433,0.351345216971298,0.320898865443305,0.341365409028095,0.247250287489372,0.467030979133725,0.437367590980104,0.334714020962769,0.262532518221227,0.430099854958373,0.421088251217832,0.325905868040186,0.236864746371938,0.311701540271624,0.28229549479327,0.280978409809143,0.340926844806527,0.316651060384267,0.302608897197831,0.279338689974099,0.262283467175445,0.450735601116289,0.402395541627671,0.217233670321399,0.271130761162812,0.457530075040278,0.468293374646054,0.229626345028464,0.231854297273391,0.39791040015485,0.376184133502636,0.404420630247577,0.291107006561197,0.461639323041789,0.324685438177521,0.321573746989218,0.390665761633086,0.360015067418076,0.389143883947998,0.348296586889058,0.25152339648415,0.262104240618042,0.299044836212599,0.299145308071618,0.212073078964313,0.258366852318711,0.331201188956863,0.352357776963483,0.221875074171173,0.260891128823954,0.369948846435458,0.357501602665714,0.317506925734218,0.259660832496526,0.341733666405235,0.372025435758874,0.235332181909963,0.355353834017734,0.362531815488072,0.354414054313527,0.264448488090162,0.229578652494003,0.333484663171064,0.343640270225453,0.237410890599089,0.240010459631314
"E1-S_Soil",0.404192418549147,0.412598202289841,0.289873692625876,0,0.406749094972417,0.445377020673469,0.32897647035555,0.392369171476788,0.344067459464031,0.311011993214968,0.347682055438051,0.250271700970314,0.458030125614992,0.429167687338653,0.328501158050861,0.272228927696867,0.423331482495296,0.4132550213556,0.318847952529357,0.240427274104827,0.294729156088726,0.267734226966632,0.279760482878837,0.330334441487318,0.30421007914241,0.290020231930556,0.272787799191399,0.287594672957077,0.445137349654881,0.396068082253499,0.228780386806344,0.274789414857082,0.447911561990179,0.45941329005315,0.244358651051714,0.245956548487678,0.389208429081442,0.367418151745665,0.399695458503263,0.299917063216234,0.462687402815186,0.309452938168396,0.307087682778116,0.391210574051104,0.357031478588583,0.376607303303644,0.331837511219147,0.296842685894007,0.28941935515618,0.301935714937303,0.301845951600274,0.258422036537368,0.267373327557577,0.324975439073659,0.349811331872823,0.260064574560418,0.278606301889023,0.357180661960319,0.343161362566385,0.307588203546783,0.26331136406589,0.348707897677281,0.374798909371254,0.258378717527726,0.361426648409814,0.355458737599496,0.34681573505047,0.294714639778892,0.244723158995748,0.322249129807211,0.333373416546023,0.251525828398893,0.234753633466993
"E2-1_Root",0.488344765887721,0.496376078702571,0.415091612088339,0.406749094972417,0,0.0999782349430588,0.314992251930417,0.426373309165721,0.438953247180447,0.413636603234374,0.456093312518649,0.385959963399158,0.502951961612573,0.445009552629237,0.446877719122719,0.408059359298421,0.500962417914651,0.492584712534993,0.42587919926152,0.385488405735717,0.395115450043217,0.376449216393378,0.419109361912514,0.446409171084278,0.375629986257643,0.375877861193563,0.403774115155643,0.413777147626323,0.366180496855249,0.337471018101994,0.376078391879753,0.369581910270456,0.526107381052372,0.536558251322757,0.389703840456791,0.391405086042322,0.479543991030365,0.345462209431659,0.339848164087966,0.409805134088826,0.371010671308738,0.355502486660708,0.37134889918633,0.482599446559157,0.459098381509432,0.468289105430762,0.430980506417351,0.421370096479948,0.414155492082286,0.402500486623962,0.402908349953319,0.40301415940857,0.411963065498374,0.427460846577983,0.44785411906313,0.393841335455854,0.406867982206846,0.44523365248493,0.434643803349943,0.438978729068907,0.392459557414125,0.420665970035632,0.448266443806172,0.398528893510251,0.459293937268846,0.447145400673267,0.439154469582342,0.41634684639416,0.385257981990299,0.422033702287563,0.431057600125752,0.394726037583181,0.388744681563474
"E2-2_Root",0.51992054870691,0.527854167154357,0.451619560749316,0.445377020673469,0.0999782349430588,0,0.323869913639583,0.447175366396434,0.475785961259713,0.453787705440212,0.488875232601427,0.424987724417105,0.527395402260043,0.464190145374714,0.481100739222828,0.446035289774986,0.534663134128512,0.526983425842615,0.467090761262727,0.424775708696738,0.44091269997734,0.423303105700551,0.456070688337929,0.48113294945236,0.409433268593879,0.412648764296686,0.440673285096207,0.45078078923277,0.361521322611464,0.340688224192355,0.415647099468516,0.401666781381983,0.558303758402865,0.567860277074905,0.429566347192234,0.430769741127485,0.512824347822551,0.362509103916372,0.344907810664642,0.44582147622633,0.359165521980614,0.388930686627117,0.407769503507684,0.515264864490614,0.493258136868255,0.505097898976173,0.473105453945428,0.458049194390221,0.451262578162368,0.445352794536311,0.445304373728721,0.440921406021631,0.449218911324679,0.464796112363452,0.482688483064225,0.432570643726528,0.445327715578916,0.484604077853211,0.475782271213311,0.473815658849324,0.432077954339008,0.458728299577912,0.485849110341156,0.437018678891077,0.493390189335533,0.483113105340264,0.475265253414698,0.452907310095498,0.425342690920987,0.462323820769357,0.470123011127111,0.433272097585348,0.427668795670917
"E2-N_Soil",0.433464162835531,0.441941260324577,0.313968590473267,0.32897647035555,0.314992251930417,0.323869913639583,0,0.422212564706637,0.384047383364314,0.356310846780876,0.378179390324598,0.294937135722159,0.490654961821909,0.462799449909815,0.365145274337334,0.299959468107895,0.45465830814498,0.44531883241279,0.361202953288694,0.289626831836037,0.34602927907751,0.321068150108076,0.326009568136615,0.377186960404439,0.351103399519478,0.338406425782822,0.3222662181898,0.316533460858798,0.476125817761913,0.430764191597284,0.275856173100934,0.313280078370328,0.482031474271339,0.49236243634982,0.290372473692037,0.293776022136684,0.424504073349443,0.406077811515418,0.433463362430319,0.345378826869572,0.489717507194113,0.356269369617299,0.353899920249887,0.423025146997253,0.396402884889807,0.418846019737518,0.382174735233105,0.325630817676118,0.322071475094433,0.322974259384896,0.324090685621065,0.284114576676343,0.291779845060575,0.36450455059666,0.385199131861724,0.286476090977973,0.308511272639699,0.40120933104707,0.389528473840908,0.352077429446241,0.310194748287785,0.365817751355931,0.393518644243298,0.276291167167268,0.393281082707292,0.393050959042071,0.385499472919265,0.327474828570652,0.292899711897009,0.367361537369958,0.37663483509522,0.299728063943245,0.289275116582256
"E2-S_Soil",0.475166359507991,0.485247505198417,0.389234793960433,0.392369171476788,0.426373309165721,0.447175366396434,0.422212564706637,0,0.433656628172333,0.40942460096492,0.433629633305797,0.359861679118901,0.508183096711106,0.459046989918404,0.429339715793783,0.390400166047027,0.496514454918608,0.488563494962752,0.416835310775471,0.361528797873275,0.402149864684648,0.378639033299941,0.3979842459427,0.431244970074512,0.378732355126716,0.37547014327148,0.38684183663895,0.388568820900297,0.407337262152181,0.374200930203781,0.34657800002488,0.356379057810302,0.517340052139325,0.526689859403561,0.362630644977739,0.366290548317981,0.469562441915782,0.377742287212254,0.380498255762952,0.39851213437984,0.411267272777028,0.37411123944637,0.383770331445436,0.46847030879585,0.446925656432368,0.463804131149005,0.43711862582967,0.395892741855714,0.387619865287887,0.40682282248002,0.405886507639318,0.377647985393019,0.391676075780447,0.417488200233718,0.434409698866482,0.369357279648152,0.387631723436528,0.446012584819595,0.437097763997915,0.419527730358704,0.374449647142921,0.425902675042356,0.450449713269889,0.375325674205027,0.44323122769159,0.44156357973306,0.434166099140907,0.396323544383615,0.363676987895521,0.420093109407857,0.428378372565577,0.370987150306337,0.364092604671437
"E3-1_Root",0.413885937115144,0.426312752839889,0.351345216971298,0.344067459464031,0.438953247180447,0.475785961259713,0.384047383364314,0.433656628172333,0,0.101686104372854,0.346648556044017,0.303308951347147,0.484025357426848,0.458195373619914,0.390166827408985,0.342857568032126,0.45727750277312,0.450931608317159,0.361110063761375,0.304153862877101,0.331682536288353,0.312910155674157,0.359190169960248,0.387166115395293,0.341844338262307,0.326246993910663,0.347848689759087,0.352993143883053,0.420973701599604,0.376756392090843,0.303227645287519,0.338419950752075,0.475578867519593,0.486026403356396,0.322704739671152,0.32474609190255,0.426328913223614,0.399083649171084,0.428556248015989,0.354676078529951,0.495316268953278,0.343385975654053,0.337951842907947,0.424373228807058,0.406573401058722,0.406164099819758,0.359702329932301,0.361503874378016,0.351408240829814,0.335826066936197,0.335259270589036,0.342403761922794,0.349269801484694,0.366097536956598,0.387817217182261,0.326076735006401,0.340687515461285,0.369197580770859,0.357468161932159,0.381203918067214,0.298660519483552,0.360604766503962,0.386354767242504,0.331854869981979,0.404285531236532,0.386450919720759,0.371618730852747,0.354865574117971,0.314794643787062,0.340542924087268,0.352679264207788,0.310353505928781,0.303779991740087
"E3-2_Root",0.394421484045443,0.405073486771703,0.320898865443305,0.311011993214968,0.413636603234374,0.453787705440212,0.356310846780876,0.40942460096492,0.101686104372854,0,0.359339217356578,0.263937300737843,0.45756125778376,0.431624104894521,0.363265342751678,0.308862993833654,0.435525050836871,0.426437624466722,0.347476166453164,0.278070530012895,0.288877773824441,0.270389721176193,0.328697589006617,0.35773893772554,0.30504552737048,0.288063431695563,0.314837756696937,0.324165500184922,0.414597227201122,0.366228196754667,0.267109375895003,0.30273633800606,0.450746238217719,0.463436016705329,0.287301532325806,0.289860423132073,0.399466229210654,0.365763872099899,0.400502909297332,0.323234372816919,0.475174284319495,0.305276139607873,0.302183426444525,0.400666109302498,0.383918176126955,0.373169403437619,0.314626195017541,0.330287450003319,0.325884768890041,0.30431087208301,0.305070879261478,0.311117286821714,0.317787790869579,0.333989503465233,0.359981824058369,0.291459644544368,0.306293724884079,0.345857201706247,0.329288079755867,0.353867903567663,0.25437445459372,0.315671583270329,0.346228246022773,0.295318399102756,0.377540679036677,0.357802923456525,0.345856283003576,0.324347483015374,0.278131369601616,0.312909661765924,0.327131141650052,0.290570297708036,0.282784932562847
"E3-N_Soil",0.450023400103697,0.457199375545119,0.341365409028095,0.347682055438051,0.456093312518649,0.488875232601427,0.378179390324598,0.433629633305797,0.346648556044017,0.359339217356578,0,0.297952666417392,0.503244431340323,0.47556981551938,0.38521957865345,0.341816250239655,0.461429908520505,0.461665191906052,0.310387565546841,0.266999228961354,0.365945897177783,0.338507941913322,0.348150768908605,0.390810821384504,0.362716338507395,0.345917597353813,0.340347022440283,0.341185377518821,0.485332082456747,0.442232194133022,0.280010887684668,0.325615953167508,0.479515647503144,0.484188570276589,0.303433879167357,0.308621808212597,0.4373251179976,0.425079124509965,0.45071812243255,0.362629765321579,0.499739710342646,0.370979953060619,0.357113703093996,0.426059236959583,0.395371824795274,0.42297849141309,0.40144743490213,0.352329884169169,0.315962869956372,0.344033015875787,0.340170940019517,0.328378954245784,0.338826725477974,0.379523485983354,0.392430248450014,0.317690679997757,0.332548878884538,0.348373345642792,0.348708089382586,0.359933468077817,0.322473943332315,0.402018965697195,0.422757974182352,0.318466866403539,0.407476370974788,0.401599349271336,0.386789705250582,0.349062755320424,0.315883668455073,0.333705468304742,0.342624836780138,0.239175545502264,0.22634600524562
"E3-S_Soil",0.374786613357868,0.382224790959091,0.247250287489372,0.250271700970314,0.385959963399158,0.424987724417105,0.294937135722159,0.359861679118901,0.303308951347147,0.263937300737843,0.297952666417392,0,0.440611065893798,0.409102936003589,0.296591882675391,0.238308067343689,0.399992059524618,0.389946786869159,0.292543353515555,0.190111445515402,0.27204432137494,0.236078975514039,0.245638489496702,0.304847146276628,0.27220172824008,0.255343868237351,0.240477034967626,0.253421608711792,0.42300234845039,0.370704658618316,0.157181829335028,0.226603878634187,0.432271830029725,0.443628493945844,0.200094595489252,0.202193365186511,0.367341442538553,0.344946108207406,0.376996080927662,0.278955976938766,0.436993149816574,0.290475286198061,0.287148481302997,0.363589940004025,0.337396782700326,0.36271345503387,0.321742582029151,0.262348953787908,0.24904447784122,0.277011828082613,0.276218121211856,0.217497592174782,0.233281036606294,0.294198702322005,0.316864063882987,0.210927568741123,0.237558944053246,0.341807266717646,0.32776097587839,0.280582569380768,0.21414076869532,0.320741664153408,0.350668045713583,0.212094752150942,0.328538106886888,0.33044939238038,0.322029320721667,0.250124972810379,0.199039259199289,0.298211200671902,0.309839720934111,0.211207242329812,0.190673368249954
"E4-1_Root",0.528389802817591,0.534127546187772,0.467030979133725,0.458030125614992,0.502951961612573,0.527395402260043,0.490654961821909,0.508183096711106,0.484025357426848,0.45756125778376,0.503244431340323,0.440611065893798,0,0.127868411201841,0.493593310824067,0.45674539496905,0.526376031410376,0.519183076844048,0.486817482373148,0.441558841585698,0.446949637409271,0.434817903217047,0.470058465859913,0.492828186673157,0.444412157096118,0.439664133929904,0.458597422905403,0.466957095807266,0.50744648400045,0.474449549383584,0.433378875565004,0.444416275375,0.564086090931218,0.574341440370619,0.442958799357783,0.445432045104813,0.523540318445676,0.456531581948416,0.47155428929707,0.463415840018053,0.51921906773488,0.393936662699555,0.406512458439467,0.528442647725954,0.509450696173517,0.504302151209812,0.463483452306056,0.47126538965409,0.469239585220285,0.454884941500339,0.455764988537707,0.45787235472746,0.462628693948848,0.477416044536337,0.496704821428433,0.44772213921994,0.45587896879046,0.489725474421304,0.478698615660044,0.48807101346026,0.444944881123655,0.479880596087997,0.503993544821664,0.448679832078434,0.507782255942095,0.497870335817993,0.49062139660052,0.468244532586987,0.439441773428438,0.471207817398154,0.478959553550485,0.448264253584961,0.443642875356169
"E4-2_Root",0.503569575710561,0.510395594229589,0.437367590980104,0.429167687338653,0.445009552629237,0.464190145374714,0.462799449909815,0.459046989918404,0.458195373619914,0.431624104894521,0.47556981551938,0.409102936003589,0.127868411201841,0,0.465441401958614,0.42729053829959,0.51441474971549,0.507253680195177,0.459035054274057,0.410048826001914,0.422749095405072,0.407682521503901,0.441295297954465,0.465526618218327,0.403537256075342,0.402119256033184,0.427156992186673,0.43749606567028,0.420864050358496,0.391438530967619,0.400580076378736,0.39902750587789,0.541704266794315,0.552332873201588,0.412928204648385,0.415115864480211,0.498725654413134,0.388996477423138,0.390597527231926,0.432211172644925,0.426576472813268,0.352517739716665,0.3715111585523,0.502976010779076,0.484192310643912,0.483486779227966,0.444630568920446,0.442996623018382,0.440322057697975,0.428884285540023,0.429378949816373,0.427550250700664,0.433517792187188,0.450091286262434,0.469337064778897,0.417207098964178,0.427568622163155,0.466256040924427,0.455750537846143,0.459927933297907,0.415062142566825,0.448119690138255,0.475329239031088,0.419565373724447,0.48051418479966,0.469735048097102,0.461137031624117,0.4383957512557,0.408801767720072,0.445409062797728,0.453472162151251,0.417880624402326,0.412580651062146
"E4-N_Soil",0.442257068089926,0.450560791152824,0.334714020962769,0.328501158050861,0.446877719122719,0.481100739222828,0.365145274337334,0.429339715793783,0.390166827408985,0.363265342751678,0.38521957865345,0.296591882675391,0.493593310824067,0.465441401958614,0,0.306295551056043,0.459946145330124,0.452649236667294,0.365583180885536,0.28944698473334,0.355079290087131,0.329704148260011,0.311494820377549,0.369921189294594,0.357496201886588,0.345435747187796,0.317325932967015,0.329424227289114,0.479708334062638,0.4354664072781,0.282603302510226,0.319409660214441,0.487588405209096,0.497614051526954,0.304087478280078,0.306736999979256,0.429543884106438,0.414228387368593,0.440933184721532,0.357182157153923,0.493449913183575,0.367129560454013,0.364764206967282,0.429962390953619,0.399452705955329,0.428418243573521,0.396206126332884,0.342468725136346,0.333007662310968,0.349591136909314,0.349266060219131,0.302706749233663,0.293346326494083,0.373779183473552,0.393057445905302,0.310222272413651,0.327746640001256,0.408836354525848,0.397667502197745,0.33302820061414,0.316769957269786,0.390538949915817,0.413614896926042,0.298647291884719,0.394083317651116,0.402705179742187,0.395230090593582,0.347760261739767,0.298748928193063,0.376280381198346,0.385417304776414,0.311325808181746,0.287623802923127
"E4-S_Soil",0.400737895186872,0.409532341978394,0.262532518221227,0.272228927696867,0.408059359298421,0.446035289774986,0.299959468107895,0.390400166047027,0.342857568032126,0.308862993833654,0.341816250239655,0.238308067343689,0.45674539496905,0.42729053829959,0.306295551056043,0,0.425974078092649,0.41718945345048,0.320563176266049,0.227551210166472,0.296101359585333,0.2680884773409,0.247734674340739,0.325296535436278,0.304751946421055,0.290028494128823,0.259194264559491,0.280619400156035,0.445699619750041,0.396636891031475,0.213902151200135,0.264559700238047,0.448392110011218,0.459799263530587,0.223020874444979,0.227943993616197,0.389768743631265,0.367188879506267,0.39907506001204,0.285004609438652,0.460845570473539,0.310481787639142,0.308413641827266,0.389662001345156,0.351748171683209,0.378108002728956,0.333592051095328,0.279432515557619,0.280151519106258,0.266081876370411,0.268601804559917,0.214101044564817,0.199894552744834,0.324623480667088,0.348463734761234,0.232538695982277,0.249681845527418,0.356386970062486,0.341253714142588,0.284374053038078,0.257447969527936,0.318580178257021,0.351235434628766,0.20399024928657,0.354824508891721,0.358161267221342,0.349635557447423,0.279169556015615,0.216998617310288,0.323093228119516,0.33448765720166,0.243870606134036,0.222222060052226
"E5-1_Root",0.501851659393325,0.508371269978951,0.430099854958373,0.423331482495296,0.500962417914651,0.534663134128512,0.45465830814498,0.496514454918608,0.45727750277312,0.435525050836871,0.461429908520505,0.399992059524618,0.526376031410376,0.51441474971549,0.459946145330124,0.425974078092649,0,0.0785992314779973,0.43923350211936,0.398641197174286,0.382689838969934,0.363472166422432,0.433644607228706,0.460869713573008,0.42552746233521,0.41523747724263,0.428617782427429,0.425461991122682,0.531088452172624,0.49175167650216,0.392257166338257,0.424298469929554,0.534397704684058,0.544794474501951,0.407209078187108,0.408533214505639,0.496912411262601,0.476949132986574,0.502735099226573,0.438272785222858,0.553490570243036,0.432191999483389,0.428798932000167,0.495830407068154,0.474582470089428,0.490509803815369,0.460079089483566,0.43569288519013,0.42884435227677,0.413890519255684,0.412483613271065,0.417239167283287,0.428404359942342,0.440035110503835,0.459602435352652,0.409661037043794,0.426592115249979,0.463327633017591,0.453822043672474,0.452567927972653,0.411102125009597,0.465937443394417,0.484788848831224,0.418673784034798,0.472977029538255,0.463917684530599,0.457157176306484,0.437209482326489,0.401481808517193,0.439913945782348,0.448869376452163,0.408177920518418,0.402560780753845
"E5-2_Root",0.490799174178353,0.496748059650342,0.421088251217832,0.4132550213556,0.492584712534993,0.526983425842615,0.44531883241279,0.488563494962752,0.450931608317159,0.426437624466722,0.461665191906052,0.389946786869159,0.519183076844048,0.507253680195177,0.452649236667294,0.41718945345048,0.0785992314779973,0,0.427188232666085,0.390381303404523,0.375095318338947,0.356409701960725,0.424337416650457,0.45266856352193,0.416414053168843,0.405717945975431,0.418928508255944,0.417785156582265,0.525212636020563,0.484302417273727,0.382513701261428,0.41432597012441,0.528863563093852,0.539543428747483,0.398324674082795,0.399487095432592,0.490061885472035,0.466271204756573,0.49367326538164,0.429533641611601,0.547738323238806,0.421425148686346,0.418521168076757,0.487649635093634,0.465411369842066,0.479447763696628,0.444952659302956,0.425091634012868,0.419540705059635,0.408127853473662,0.407127556073909,0.407454127314987,0.419977266336724,0.429480097750054,0.451063123024036,0.399988385802709,0.417916163362676,0.459301740334546,0.448724243025638,0.445409358766998,0.402013270884819,0.457953520995813,0.477624596062148,0.409495449748634,0.46448873856407,0.452048209080923,0.445697891657594,0.428562655968835,0.391477639247669,0.431344306572027,0.440413282537487,0.401920316385612,0.396379042004325
"E5-N_Soil",0.425407129795813,0.433974284929582,0.325905868040186,0.318847952529357,0.42587919926152,0.467090761262727,0.361202953288694,0.416835310775471,0.361110063761375,0.347476166453164,0.310387565546841,0.292543353515555,0.486817482373148,0.459035054274057,0.365583180885536,0.320563176266049,0.43923350211936,0.427188232666085,0,0.268147517905511,0.337018587854665,0.309421290974932,0.323680533707239,0.364753826343885,0.341581877185956,0.326540424690272,0.320203318900106,0.318204561046081,0.467149434274197,0.421090456900266,0.273843689595089,0.316402260492139,0.473461815217081,0.482062175722339,0.28509455093999,0.288548231555544,0.420917724043459,0.393442006681368,0.423362166517398,0.33506708909901,0.485395041981627,0.336147525049887,0.329755107735259,0.392087390941794,0.367925024870514,0.409033399139519,0.37384596183475,0.331058210316395,0.303650168061844,0.334031251769874,0.332327697382868,0.301282884173078,0.316550143724682,0.356822612491945,0.377417939557075,0.302803249263038,0.324552761562789,0.373078347541492,0.365247099322747,0.348390738907858,0.304919609397283,0.384784105569488,0.406286319787534,0.306887477923512,0.37457429918327,0.379422134047695,0.369672831189962,0.337222109975865,0.290006904776347,0.337674235337269,0.347724211118789,0.270506999979117,0.259442026954558
"E5-S_Soil",0.376444855770686,0.38587384051319,0.236864746371938,0.240427274104827,0.385488405735717,0.424775708696738,0.289626831836037,0.361528797873275,0.304153862877101,0.278070530012895,0.266999228961354,0.190111445515402,0.441558841585698,0.410048826001914,0.28944698473334,0.227551210166472,0.398641197174286,0.390381303404523,0.268147517905511,0,0.270735084649175,0.236169334340775,0.224225859992741,0.299091701469465,0.271653069689597,0.25450210983733,0.224971333939628,0.236420374574592,0.421141194331154,0.369253405655297,0.149303657872934,0.214307446846263,0.429301520271494,0.439780490898279,0.186264293984106,0.188832771845743,0.365485475022204,0.347468567145594,0.378677714614009,0.265421060088668,0.438481490025766,0.28339266426227,0.278059172195378,0.349301408408203,0.321270024580384,0.359571148474066,0.320272863041164,0.249730043439802,0.231308827269773,0.261236966310684,0.258737627620094,0.195593852129111,0.205167255250116,0.294922090476143,0.317793941748069,0.203355991683775,0.230372644072725,0.325270365413448,0.313043242591693,0.25760572182728,0.216896380355969,0.324594636159367,0.35201030746797,0.20598449687424,0.328014510302235,0.328090235918778,0.317565118284145,0.243252712768104,0.189408498117879,0.283250503277827,0.296096114050428,0.177848962672372,0.153818928200262
"E6-1_Root",0.399054984015352,0.408072446039226,0.311701540271624,0.294729156088726,0.395115450043217,0.44091269997734,0.34602927907751,0.402149864684648,0.331682536288353,0.288877773824441,0.365945897177783,0.27204432137494,0.446949637409271,0.422749095405072,0.355079290087131,0.296101359585333,0.382689838969934,0.375095318338947,0.337018587854665,0.270735084649175,0,0.0839572092568241,0.313022641583502,0.32918606051991,0.285597591801413,0.271453488697621,0.300005158500386,0.31204920263385,0.435545016042875,0.385139254716234,0.259638650640933,0.298496196197665,0.424392765988483,0.439994080074127,0.271702819111004,0.276228199971407,0.388809464778404,0.349974796574972,0.390783319811308,0.307235393057928,0.470315936992013,0.268548238885521,0.266618589500373,0.37319640282241,0.370671512636351,0.345932958677748,0.272719432827447,0.31768432462058,0.314685359585756,0.252286916978646,0.253775346729967,0.29826104406369,0.305303263109346,0.318619261950741,0.351078919306161,0.279671841288014,0.290580716505276,0.318427207602467,0.303053226258166,0.342526266489128,0.272974323111892,0.333502638884985,0.365166209822781,0.280598855975228,0.369908019407341,0.350801867292521,0.341086360820611,0.3121239947387,0.265655058417008,0.304988299161009,0.317733484479948,0.280517551410373,0.275265766870411
"E6-2_Root",0.379437706594324,0.388672573039114,0.28229549479327,0.267734226966632,0.376449216393378,0.423303105700551,0.321068150108076,0.378639033299941,0.312910155674157,0.270389721176193,0.338507941913322,0.236078975514039,0.434817903217047,0.407682521503901,0.329704148260011,0.2680884773409,0.363472166422432,0.356409701960725,0.309421290974932,0.236169334340775,0.0839572092568241,0,0.281279467710461,0.310760726240585,0.264604695241371,0.249285751678527,0.274145575984576,0.281221528853323,0.414564823789228,0.363719428022896,0.221541724623054,0.268808098861725,0.390773933145946,0.405100729310273,0.240732517603316,0.243803508621171,0.362693344872496,0.335931245870174,0.375289569401175,0.28485523806497,0.450312680950621,0.257119900583086,0.254449913265806,0.351965110192728,0.349499822807249,0.319411873867106,0.272186023738186,0.290271529200981,0.285477082402445,0.23624460807129,0.238102357131393,0.267767261535026,0.275759587949968,0.295624866521948,0.326691862243945,0.248075740477893,0.265461754809236,0.289179312343353,0.273804297606675,0.315089927194786,0.242822062908846,0.312872565473349,0.337557085699865,0.250004347289257,0.345556103418476,0.329991931262859,0.320509840315424,0.287188074003484,0.232351478945727,0.287002966536698,0.300153805401849,0.249557367940984,0.241514362208096
"E6-N_Soil",0.411840475596876,0.41983486985897,0.280978409809143,0.279760482878837,0.419109361912514,0.456070688337929,0.326009568136615,0.3979842459427,0.359190169960248,0.328697589006617,0.348150768908605,0.245638489496702,0.470058465859913,0.441295297954465,0.311494820377549,0.247734674340739,0.433644607228706,0.424337416650457,0.323680533707239,0.224225859992741,0.313022641583502,0.281279467710461,0,0.331989599383372,0.321985288628401,0.308602063269678,0.252666870253979,0.26020015893864,0.454956705088506,0.407334890012229,0.208715163759677,0.261553265681488,0.462367736632741,0.473115657659061,0.239103256182746,0.242946672083338,0.400670207024971,0.380688667585746,0.409973624915867,0.309529313082462,0.469797566404057,0.330121532541225,0.327740709403301,0.397247884187828,0.360477935218424,0.392181977844136,0.353223474192682,0.267611901020022,0.213714045235116,0.320832885731243,0.320542436865709,0.230123046859237,0.172453527836013,0.340134811776756,0.361911681380113,0.251199090137191,0.275177531184826,0.37693397380749,0.364427836303593,0.219949317653134,0.268198131722155,0.36428006338447,0.389070270211991,0.243469195697127,0.368361742118492,0.37040756632739,0.361984645977196,0.295381753964063,0.225036618634298,0.340013110456829,0.350262225043883,0.253980394035565,0.207727709669167
"E6-S_Soil",0.440037468340175,0.446975877625914,0.340926844806527,0.330334441487318,0.446409171084278,0.48113294945236,0.377186960404439,0.431244970074512,0.387166115395293,0.35773893772554,0.390810821384504,0.304847146276628,0.492828186673157,0.465526618218327,0.369921189294594,0.325296535436278,0.460869713573008,0.45266856352193,0.364753826343885,0.299091701469465,0.32918606051991,0.310760726240585,0.331989599383372,0,0.354750776472942,0.342500933343524,0.333984294016983,0.335248299918961,0.479091819270177,0.434371028558525,0.29266897269797,0.331199799853078,0.481876747177817,0.492202175280213,0.304891023318119,0.302991940489914,0.428523747209326,0.410466898172074,0.438805370736314,0.342127109608529,0.495332875539031,0.361597624095294,0.359220580091092,0.429613217205627,0.396921563367669,0.418411125511574,0.383150726618756,0.346987475380713,0.34161483711313,0.350864150708703,0.348095923963616,0.32044847022943,0.324955398826523,0.371560157260665,0.39160474962816,0.320124837837762,0.33891256988316,0.399270295797137,0.388318289395492,0.354891559875831,0.320744326269673,0.392179242287932,0.41516690496296,0.31627525851042,0.403163451864451,0.400613604993376,0.393182536595245,0.355104194244659,0.306839331989143,0.372036097799609,0.381388123885843,0.307974841690544,0.29708596812628
"E7-1_Root",0.405941071899065,0.414923105533694,0.316651060384267,0.30421007914241,0.375629986257643,0.409433268593879,0.351103399519478,0.378732355126716,0.341844338262307,0.30504552737048,0.362716338507395,0.27220172824008,0.444412157096118,0.403537256075342,0.357496201886588,0.304751946421055,0.42552746233521,0.416414053168843,0.341581877185956,0.271653069689597,0.285597591801413,0.264604695241371,0.321985288628401,0.354750776472942,0,0.0606229114860702,0.261770625512056,0.316059354916529,0.382591916259432,0.336512080043622,0.262534514335423,0.287201406972173,0.446719322387337,0.459158321264422,0.28018054758271,0.282360681154841,0.396380752363035,0.320663050175286,0.343287995515844,0.315767016029713,0.403339136320718,0.279066812022755,0.285057218066934,0.388202541852609,0.37903437196783,0.373842165348439,0.321780113255678,0.323814740697253,0.320750022488315,0.299100093449025,0.298819636891684,0.302838320906663,0.311815964906577,0.331994540073703,0.358040700026185,0.287012646146202,0.303027979986785,0.351303454495378,0.337916208632864,0.347448425305809,0.284529258781628,0.337858943389027,0.36894860986404,0.293113055841832,0.371309677516968,0.360295010151647,0.350594983347869,0.31815957434533,0.273577123726845,0.325595646904975,0.337022132853121,0.287275547423801,0.278332223979642
"E7-2_Root",0.395695471940718,0.404548984078819,0.302608897197831,0.290020231930556,0.375877861193563,0.412648764296686,0.338406425782822,0.37547014327148,0.326246993910663,0.288063431695563,0.345917597353813,0.255343868237351,0.439664133929904,0.402119256033184,0.345435747187796,0.290028494128823,0.41523747724263,0.405717945975431,0.326540424690272,0.25450210983733,0.271453488697621,0.249285751678527,0.308602063269678,0.342500933343524,0.0606229114860702,0,0.255932842111316,0.301615130116762,0.392412588465313,0.344217361951462,0.245341572528648,0.277688455668823,0.433782463123761,0.446306435181247,0.264189355145273,0.266386725927717,0.384030958714685,0.323621408848611,0.351344857952199,0.303305900970624,0.415803101141638,0.271493527096696,0.274342090184377,0.377124346054855,0.366782004347104,0.359873803018731,0.308168500940864,0.310360851960727,0.306102334228397,0.284736239835806,0.284358404294228,0.288295448416504,0.297831034064644,0.318153733827359,0.345264361350223,0.271496136651931,0.288633026815755,0.334241405491498,0.320330000688107,0.335022492030769,0.267162443898078,0.322457580943862,0.352339526147671,0.277818013849405,0.357150669236769,0.346305908584678,0.336408456717072,0.304083853118535,0.257416454638297,0.309063178207531,0.321464691235704,0.270064858826244,0.26057567887578
"E7-N_Soil",0.406414734893106,0.414871278760519,0.279338689974099,0.272787799191399,0.403774115155643,0.440673285096207,0.3222662181898,0.38684183663895,0.347848689759087,0.314837756696937,0.340347022440283,0.240477034967626,0.458597422905403,0.427156992186673,0.317325932967015,0.259194264559491,0.428617782427429,0.418928508255944,0.320203318900106,0.224971333939628,0.300005158500386,0.274145575984576,0.252666870253979,0.333984294016983,0.261770625512056,0.255932842111316,0,0.268226667940907,0.435545407397919,0.387284729310222,0.214437247289955,0.249910416204266,0.451870685189165,0.463432887825952,0.232123343907544,0.238452159269259,0.39257976810357,0.361060063491722,0.390088105897084,0.302816880331115,0.450607404321321,0.307476562908239,0.306913141798386,0.389409638607846,0.358329745004693,0.379864138708658,0.333525656463574,0.277078059909061,0.271592691029483,0.307411361367732,0.307281706885667,0.236789255591253,0.240727994127007,0.329446529451798,0.353570364750929,0.245191273793928,0.264969982002633,0.361140912712177,0.347148401208391,0.280619345565666,0.260404035873958,0.350192216909684,0.377633029870626,0.236204191667981,0.360942342396522,0.35970075507546,0.351025375890781,0.287443606500312,0.233445988634697,0.326985649610799,0.337774263550054,0.249338950861664,0.212779988398231
"E7-S_Soil",0.402077432542772,0.41126727945399,0.262283467175445,0.287594672957077,0.413777147626323,0.45078078923277,0.316533460858798,0.388568820900297,0.352993143883053,0.324165500184922,0.341185377518821,0.253421608711792,0.466957095807266,0.43749606567028,0.329424227289114,0.280619400156035,0.425461991122682,0.417785156582265,0.318204561046081,0.236420374574592,0.31204920263385,0.281221528853323,0.26020015893864,0.335248299918961,0.316059354916529,0.301615130116762,0.268226667940907,0,0.450352441268275,0.402062938768134,0.223548205455315,0.273487453045168,0.457542095495179,0.46828878022306,0.239957619462937,0.23410978122719,0.396901464090449,0.371901870990854,0.401074289762849,0.299494086325095,0.464505040081683,0.318794729820179,0.316152322875377,0.38601875171959,0.355385584510634,0.389397327215856,0.347998838323844,0.230836345075696,0.249842159236341,0.316862374160515,0.315684351449832,0.240740134854423,0.258894491712009,0.333449168431468,0.354885316734733,0.242763754284551,0.285192467868609,0.369026341414209,0.357166521020316,0.291257229525799,0.262429431624989,0.360768462708378,0.385383847022053,0.254732653955864,0.35597806778375,0.363372084740436,0.354864008139718,0.298583980290952,0.248811528114412,0.335119726263687,0.344965913485053,0.25205899599503,0.229637915323786
"E8-1_Root",0.502715300737051,0.515035241433102,0.450735601116289,0.445137349654881,0.366180496855249,0.361521322611464,0.476125817761913,0.407337262152181,0.420973701599604,0.414597227201122,0.485332082456747,0.42300234845039,0.50744648400045,0.420864050358496,0.479708334062638,0.445699619750041,0.531088452172624,0.525212636020563,0.467149434274197,0.421141194331154,0.435545016042875,0.414564823789228,0.454956705088506,0.479091819270177,0.382591916259432,0.392412588465313,0.435545407397919,0.450352441268275,0,0.0698441438013794,0.410911536412319,0.376066917322732,0.497092885244202,0.505574931072652,0.428763414938079,0.428178286209552,0.494775100495631,0.281045914192858,0.218234375111581,0.440926828578642,0.18193911310523,0.351524171199553,0.381485736022716,0.488132764770126,0.49796711363927,0.466898676138928,0.469187492399309,0.456950697988733,0.454071655406862,0.445566120585108,0.444358492840958,0.440725001007084,0.448472543731057,0.46145703043899,0.479813117087987,0.43212779854446,0.445303379374404,0.442687078325582,0.440254311901413,0.47220804581034,0.430842640827668,0.437872701647962,0.452823658466394,0.43176458401447,0.492533214896705,0.483510730983441,0.472610656930468,0.449041377024335,0.423899698255522,0.460925181792507,0.469759385978804,0.431868355759043,0.425298203710782
"E8-2_Root",0.461320450022569,0.473723664162376,0.402395541627671,0.396068082253499,0.337471018101994,0.340688224192355,0.430764191597284,0.374200930203781,0.376756392090843,0.366228196754667,0.442232194133022,0.370704658618316,0.474449549383584,0.391438530967619,0.4354664072781,0.396636891031475,0.49175167650216,0.484302417273727,0.421090456900266,0.369253405655297,0.385139254716234,0.363719428022896,0.407334890012229,0.434371028558525,0.336512080043622,0.344217361951462,0.387284729310222,0.402062938768134,0.0698441438013794,0,0.35707478357134,0.328252059167103,0.476521515127771,0.486427009969919,0.37773603516219,0.377780141688611,0.45875450906341,0.248277412721774,0.197310262829209,0.393630210263677,0.188827126713455,0.304770898392397,0.333957075077891,0.444292477295354,0.454718714172884,0.433473233011452,0.42069939828341,0.408730305918134,0.405936126613156,0.39676392684424,0.39576780423099,0.39144810669292,0.40031912311329,0.41252162495693,0.433868794226598,0.380993096420882,0.395799999956672,0.409690837520954,0.404435813452651,0.427165572435331,0.379913029620981,0.397752497549409,0.419527459828962,0.382618566673226,0.448905600529921,0.438632439644814,0.427298127703344,0.40147543074589,0.371692013969218,0.412622997986846,0.422438656774831,0.381329866424815,0.374598936760808
"E8-N_Soil",0.367925071193841,0.375915970654324,0.217233670321399,0.228780386806344,0.376078391879753,0.415647099468516,0.275856173100934,0.34657800002488,0.303227645287519,0.267109375895003,0.280010887684668,0.157181829335028,0.433378875565004,0.400580076378736,0.282603302510226,0.213902151200135,0.392257166338257,0.382513701261428,0.273843689595089,0.149303657872934,0.259638650640933,0.221541724623054,0.208715163759677,0.29266897269797,0.262534514335423,0.245341572528648,0.214437247289955,0.223548205455315,0.410911536412319,0.35707478357134,0,0.182451601977087,0.422832112382085,0.434379228850015,0.142678505481839,0.151731746152613,0.359083858367069,0.33423145130434,0.366117920213576,0.261572399238584,0.424673527800258,0.275564910294017,0.272408938822359,0.351064872613617,0.321636019923822,0.351614313613057,0.30896178335598,0.237288443847219,0.21708479596123,0.265442658029116,0.26437887092658,0.1684392527437,0.189958463963272,0.281389963382812,0.305025055227222,0.173959606417425,0.202306517098679,0.32767684602825,0.313315706937759,0.250531932323262,0.193944879677161,0.310906438891155,0.341433115337764,0.184897804138787,0.316782540934088,0.318728962533066,0.30979614313213,0.19748512392081,0.156394864886721,0.281234790734595,0.294381152687266,0.164827618180722,0.148354510428683
"E8-S_Soil",0.398637881659416,0.406476619545105,0.271130761162812,0.274789414857082,0.369581910270456,0.401666781381983,0.313280078370328,0.356379057810302,0.338419950752075,0.30273633800606,0.325615953167508,0.226603878634187,0.444416275375,0.39902750587789,0.319409660214441,0.264559700238047,0.424298469929554,0.41432597012441,0.316402260492139,0.214307446846263,0.298496196197665,0.268808098861725,0.261553265681488,0.331199799853078,0.287201406972173,0.277688455668823,0.249910416204266,0.273487453045168,0.376066917322732,0.328252059167103,0.182451601977087,0,0.448370386454732,0.459605726861329,0.215920323892066,0.221953670096001,0.387525762264938,0.287842354748712,0.310908438984365,0.303141817209605,0.386114033102403,0.284874389997108,0.29084260119929,0.383271325108586,0.355978807941588,0.380668730643364,0.336518603595335,0.283122254425979,0.267100283979625,0.306449256419556,0.305700888736067,0.23001396004337,0.246246002664496,0.318862786529169,0.342764282389525,0.23173958208066,0.251294314781466,0.359424668583588,0.346119162495181,0.291522189507373,0.249090682526831,0.290715268496023,0.331556395417494,0.234022049404656,0.354320126110719,0.331204057619379,0.322052925128313,0.254361693935644,0.224637925054875,0.295014984659494,0.309238915786141,0.227188633754265,0.211421798034909
"E9-1_Root",0.528174341131965,0.534727967275612,0.457530075040278,0.447911561990179,0.526107381052372,0.558303758402865,0.482031474271339,0.517340052139325,0.475578867519593,0.450746238217719,0.479515647503144,0.432271830029725,0.564086090931218,0.541704266794315,0.487588405209096,0.448392110011218,0.534397704684058,0.528863563093852,0.473461815217081,0.429301520271494,0.424392765988483,0.390773933145946,0.462367736632741,0.481876747177817,0.446719322387337,0.433782463123761,0.451870685189165,0.457542095495179,0.497092885244202,0.476521515127771,0.422832112382085,0.448370386454732,0,0.0257946144286091,0.429130804157694,0.425028497514619,0.430226367177178,0.486152425429177,0.516790705524443,0.457916227997716,0.576866028453668,0.441950102702995,0.440039821254764,0.517575539529976,0.500289391495474,0.2714437105732,0.419980955796738,0.461801789999549,0.458656648802291,0.431509900741557,0.430787150048625,0.448402912539767,0.453023712410937,0.465333688326088,0.486925637318201,0.438189964565368,0.44620742491356,0.239243977489254,0.256410721861887,0.479035072345361,0.434198364068236,0.432172880282044,0.373649072585503,0.414882288732146,0.49960739513865,0.486939876086817,0.480049298805639,0.459918231251441,0.429501644022616,0.455812615053817,0.464449606916813,0.433365493655761,0.42707851739445
"E9-2_Root",0.537957850813842,0.544440785524955,0.468293374646054,0.45941329005315,0.536558251322757,0.567860277074905,0.49236243634982,0.526689859403561,0.486026403356396,0.463436016705329,0.484188570276589,0.443628493945844,0.574341440370619,0.552332873201588,0.497614051526954,0.459799263530587,0.544794474501951,0.539543428747483,0.482062175722339,0.439780490898279,0.439994080074127,0.405100729310273,0.473115657659061,0.492202175280213,0.459158321264422,0.446306435181247,0.463432887825952,0.46828878022306,0.505574931072652,0.486427009969919,0.434379228850015,0.459605726861329,0.0257946144286091,0,0.441274232418044,0.436698791518161,0.43786864321893,0.498123762776496,0.527677889948765,0.469406096071949,0.585657762536298,0.455998071515051,0.453781496085833,0.527031455345596,0.50960446221424,0.278284294658102,0.434391564319889,0.472769844753576,0.468948666832676,0.444997772232014,0.444271544952102,0.459404322920759,0.464053048323407,0.476739067745417,0.497221514876777,0.449720109714175,0.458059947542714,0.24576834367944,0.264475484201549,0.489260197664483,0.445973519016828,0.444173177362308,0.382815334493989,0.42639140824173,0.509529651891114,0.49757355266651,0.490675816793031,0.471126303441578,0.441458447582723,0.467031280650581,0.475274561865636,0.443368171015717,0.436989325847949
"E9-N_Soil",0.386524339775245,0.395548393999069,0.229626345028464,0.244358651051714,0.389703840456791,0.429566347192234,0.290372473692037,0.362630644977739,0.322704739671152,0.287301532325806,0.303433879167357,0.200094595489252,0.442958799357783,0.412928204648385,0.304087478280078,0.223020874444979,0.407209078187108,0.398324674082795,0.28509455093999,0.186264293984106,0.271702819111004,0.240732517603316,0.239103256182746,0.304891023318119,0.28018054758271,0.264189355145273,0.232123343907544,0.239957619462937,0.428763414938079,0.37773603516219,0.142678505481839,0.215920323892066,0.429130804157694,0.441274232418044,0,0.108442814054513,0.37155766541162,0.33849557418912,0.373022775060497,0.260901981147053,0.441685664963737,0.276956199124775,0.275010171010464,0.367046760841785,0.315598113403938,0.356836628647057,0.309136024830805,0.237638973347241,0.216323582168699,0.279568375100616,0.279000188742806,0.166487478024303,0.220501022922631,0.302684186524354,0.327400963303881,0.187643697664775,0.205890796032626,0.333835139032432,0.319692687129169,0.278945914542491,0.207440641497143,0.326608523372491,0.353990164356387,0.205183042469229,0.332193980797927,0.335427262442675,0.326509676149633,0.19913564369089,0.165630939424374,0.301041198736503,0.312680423000964,0.166624924480003,0.155323606746114
"E9-S_Soil",0.38679255116958,0.39562290575168,0.231854297273391,0.245956548487678,0.391405086042322,0.430769741127485,0.293776022136684,0.366290548317981,0.32474609190255,0.289860423132073,0.308621808212597,0.202193365186511,0.445432045104813,0.415115864480211,0.306736999979256,0.227943993616197,0.408533214505639,0.399487095432592,0.288548231555544,0.188832771845743,0.276228199971407,0.243803508621171,0.242946672083338,0.302991940489914,0.282360681154841,0.266386725927717,0.238452159269259,0.23410978122719,0.428178286209552,0.377780141688611,0.151731746152613,0.221953670096001,0.425028497514619,0.436698791518161,0.108442814054513,0,0.370655196118429,0.346869113103917,0.379598997224296,0.260797871883246,0.442587513253793,0.286930039574216,0.284385936364057,0.369346023319469,0.324250224035849,0.356161619036208,0.315768896608112,0.245415423343163,0.232043291276678,0.282095340708357,0.281605732379418,0.170479106463571,0.221436690838862,0.303660579724125,0.327993158249243,0.193276724316436,0.217111604070519,0.334056448235659,0.320267319111807,0.281031189297447,0.211830761292549,0.327132937353902,0.352121221277904,0.197721207438394,0.333048900223873,0.335552733877091,0.326908393791869,0.198943685891943,0.177139012848229,0.302807494471231,0.314364657143564,0.169330235949208,0.164851681984078
"Neg_Control",0.479897072971094,0.487512419707585,0.39791040015485,0.389208429081442,0.479543991030365,0.512824347822551,0.424504073349443,0.469562441915782,0.426328913223614,0.399466229210654,0.4373251179976,0.367341442538553,0.523540318445676,0.498725654413134,0.429543884106438,0.389768743631265,0.496912411262601,0.490061885472035,0.420917724043459,0.365485475022204,0.388809464778404,0.362693344872496,0.400670207024971,0.428523747209326,0.396380752363035,0.384030958714685,0.39257976810357,0.396901464090449,0.494775100495631,0.45875450906341,0.359083858367069,0.387525762264938,0.430226367177178,0.43786864321893,0.37155766541162,0.370655196118429,0,0.442483217640432,0.470267076160177,0.400689723347839,0.529593149071875,0.391369561237245,0.390199855512996,0.468545003785671,0.402368175292623,0.393784521569612,0.406552842448824,0.40534565900991,0.401451713491416,0.382925281193707,0.382443801940451,0.384682253490935,0.391948400747063,0.412920244749949,0.433618844997059,0.374273902628149,0.38764390044488,0.356893092379932,0.350536914968327,0.419186110346928,0.374516098152653,0.409267404419443,0.406127805360161,0.37178911804473,0.445046314307404,0.43641380503685,0.429400923259857,0.40065106682361,0.366134960669619,0.408955921762862,0.418271284880313,0.375547274261071,0.367734307598118
"P1-1_Root",0.452426111056521,0.460144210172297,0.376184133502636,0.367418151745665,0.345462209431659,0.362509103916372,0.406077811515418,0.377742287212254,0.399083649171084,0.365763872099899,0.425079124509965,0.344946108207406,0.456531581948416,0.388996477423138,0.414228387368593,0.367188879506267,0.476949132986574,0.466271204756573,0.393442006681368,0.347468567145594,0.349974796574972,0.335931245870174,0.380688667585746,0.410466898172074,0.320663050175286,0.323621408848611,0.361060063491722,0.371901870990854,0.281045914192858,0.248277412721774,0.33423145130434,0.287842354748712,0.486152425429177,0.498123762776496,0.33849557418912,0.346869113103917,0.442483217640432,0,0.0980730919285333,0.35907762440151,0.284167138216182,0.265164365810556,0.292537828639205,0.449907550120681,0.400784455177083,0.41140629586182,0.353810642947138,0.375265794466325,0.360452545684685,0.334773171624843,0.334600639632863,0.365041000208592,0.372122412924969,0.36371025508149,0.399641303209541,0.34814633177703,0.359418461795685,0.388713469781091,0.376909314194241,0.405495474418697,0.345307145311037,0.347663682884265,0.38755575090082,0.351733813950182,0.427753493203376,0.296074641575554,0.288317151043096,0.371576821924593,0.336327745252682,0.289316030357045,0.293397847699714,0.350001724250353,0.350262851845285
"P1-2_Root",0.477104912040261,0.485362929337787,0.404420630247577,0.399695458503263,0.339848164087966,0.344907810664642,0.433463362430319,0.380498255762952,0.428556248015989,0.400502909297332,0.45071812243255,0.376996080927662,0.47155428929707,0.390597527231926,0.440933184721532,0.39907506001204,0.502735099226573,0.49367326538164,0.423362166517398,0.378677714614009,0.390783319811308,0.375289569401175,0.409973624915867,0.438805370736314,0.343287995515844,0.351344857952199,0.390088105897084,0.401074289762849,0.218234375111581,0.197310262829209,0.366117920213576,0.310908438984365,0.516790705524443,0.527677889948765,0.373022775060497,0.379598997224296,0.470267076160177,0.0980730919285333,0,0.386902044460199,0.20378030388639,0.290554240264906,0.323137521295608,0.473396975435977,0.429899023186262,0.450033196654884,0.402301220500712,0.404913334879503,0.392124384698574,0.381197024195421,0.381248580277869,0.392680826727277,0.402741136488278,0.404898099768977,0.43268721103817,0.377804410086771,0.391746064141211,0.426894274794605,0.417003676271262,0.432340698163024,0.379122942998028,0.38272065681438,0.421502933712653,0.385168149505312,0.453759384482846,0.370907586377327,0.362683975789094,0.401532373943367,0.370024800377961,0.36008715970181,0.365371843854282,0.382591589583598,0.381756491324368
"P1-N_Soil",0.413156708938572,0.420916453197011,0.291107006561197,0.299917063216234,0.409805134088826,0.44582147622633,0.345378826869572,0.39851213437984,0.354676078529951,0.323234372816919,0.362629765321579,0.278955976938766,0.463415840018053,0.432211172644925,0.357182157153923,0.285004609438652,0.438272785222858,0.429533641611601,0.33506708909901,0.265421060088668,0.307235393057928,0.28485523806497,0.309529313082462,0.342127109608529,0.315767016029713,0.303305900970624,0.302816880331115,0.299494086325095,0.440926828578642,0.393630210263677,0.261572399238584,0.303141817209605,0.457916227997716,0.469406096071949,0.260901981147053,0.260797871883246,0.400689723347839,0.35907762440151,0.386902044460199,0,0.454508191357326,0.311115768121471,0.310792420633803,0.400911309749488,0.358490277434329,0.383117471606123,0.332605054785181,0.291447554521135,0.292775306297701,0.310722301212994,0.311049014331483,0.268168580846994,0.302252508037611,0.338383631955834,0.362217747090394,0.25752368341468,0.289866053830257,0.360581766440423,0.346816891736213,0.337602568678185,0.280830723529719,0.353551842425924,0.384129815899565,0.274130071341399,0.371594000166443,0.366952721037524,0.357370443519798,0.312800205034049,0.206861588942947,0.332383159152927,0.342639921096037,0.259659757438459,0.26363110678654
"P1-S_Soil",0.532546402326469,0.540929142531344,0.461639323041789,0.462687402815186,0.371010671308738,0.359165521980614,0.489717507194113,0.411267272777028,0.495316268953278,0.475174284319495,0.499739710342646,0.436993149816574,0.51921906773488,0.426576472813268,0.493449913183575,0.460845570473539,0.553490570243036,0.547738323238806,0.485395041981627,0.438481490025766,0.470315936992013,0.450312680950621,0.469797566404057,0.495332875539031,0.403339136320718,0.415803101141638,0.450607404321321,0.464505040081683,0.18193911310523,0.188827126713455,0.424673527800258,0.386114033102403,0.576866028453668,0.585657762536298,0.441685664963737,0.442587513253793,0.529593149071875,0.284167138216182,0.20378030388639,0.454508191357326,0,0.379588854274351,0.410449399704951,0.524724819127354,0.512305272192492,0.528464320020741,0.502840839697047,0.47190711125182,0.465109816809027,0.472997545556009,0.472081717509629,0.451246156123153,0.463462251013533,0.478680240243063,0.493748163832864,0.442851764800727,0.459199643966144,0.508713166984666,0.501866496926107,0.486583358984192,0.446275665295124,0.469890053847677,0.501255598348486,0.45232631961878,0.505568893410028,0.500628257627317,0.492342095594888,0.457776880877123,0.435139479697586,0.48568907800489,0.492626197888175,0.445523131176458,0.441135210304296
"P2-1_Root",0.402818622305692,0.414278958619643,0.324685438177521,0.309452938168396,0.355502486660708,0.388930686627117,0.356269369617299,0.37411123944637,0.343385975654053,0.305276139607873,0.370979953060619,0.290475286198061,0.393936662699555,0.352517739716665,0.367129560454013,0.310481787639142,0.432191999483389,0.421425148686346,0.336147525049887,0.28339266426227,0.268548238885521,0.257119900583086,0.330121532541225,0.361597624095294,0.279066812022755,0.271493527096696,0.307476562908239,0.318794729820179,0.351524171199553,0.304770898392397,0.275564910294017,0.284874389997108,0.441950102702995,0.455998071515051,0.276956199124775,0.286930039574216,0.391369561237245,0.265164365810556,0.290554240264906,0.311115768121471,0.379588854274351,0,0.0538700515167846,0.348365869598532,0.336828533862304,0.354258473715965,0.275237568568042,0.324426646089699,0.310378428733854,0.281318477836824,0.280704971003668,0.31205349542409,0.319392603070876,0.333286505374528,0.364491528449661,0.294971120147422,0.304161095634081,0.319712733851597,0.304423130520486,0.355291291408171,0.285035458046482,0.317728432224772,0.352838501510781,0.295523650050447,0.381837437118284,0.359640408386138,0.349588373126202,0.322944815765442,0.27996600266609,0.311466686206906,0.325385568851187,0.293239575977536,0.287551033880913
"P2-2_Root",0.401826377335361,0.413003511703427,0.321573746989218,0.307087682778116,0.37134889918633,0.407769503507684,0.353899920249887,0.383770331445436,0.337951842907947,0.302183426444525,0.357113703093996,0.287148481302997,0.406512458439467,0.3715111585523,0.364764206967282,0.308413641827266,0.428798932000167,0.418521168076757,0.329755107735259,0.278059172195378,0.266618589500373,0.254449913265806,0.327740709403301,0.359220580091092,0.285057218066934,0.274342090184377,0.306913141798386,0.316152322875377,0.381485736022716,0.333957075077891,0.272408938822359,0.29084260119929,0.440039821254764,0.453781496085833,0.275010171010464,0.284385936364057,0.390199855512996,0.292537828639205,0.323137521295608,0.310792420633803,0.410449399704951,0.0538700515167846,0,0.346675072450186,0.338838307195558,0.353552323009278,0.276274929870078,0.322388924255619,0.307467148975805,0.278064571616309,0.276782118275655,0.308900166554906,0.316819053632704,0.33049139683568,0.36133616231266,0.291682181469635,0.301782766634806,0.315575147249033,0.300814250530409,0.352903357368136,0.282986579900509,0.316181670332892,0.349329450608985,0.293342285070045,0.379372297525229,0.356881253977353,0.346817525663556,0.321166175047532,0.276813920560608,0.306007151013505,0.320223803002302,0.285923325023599,0.280489701724106
"P2-N_Soil",0.430582850083891,0.451268682426988,0.390665761633086,0.391210574051104,0.482599446559157,0.515264864490614,0.423025146997253,0.46847030879585,0.424373228807058,0.400666109302498,0.426059236959583,0.363589940004025,0.528442647725954,0.502976010779076,0.429962390953619,0.389662001345156,0.495830407068154,0.487649635093634,0.392087390941794,0.349301408408203,0.37319640282241,0.351965110192728,0.397247884187828,0.429613217205627,0.388202541852609,0.377124346054855,0.389409638607846,0.38601875171959,0.488132764770126,0.444292477295354,0.351064872613617,0.383271325108586,0.517575539529976,0.527031455345596,0.367046760841785,0.369346023319469,0.468545003785671,0.449907550120681,0.473396975435977,0.400911309749488,0.524724819127354,0.348365869598532,0.346675072450186,0,0.446420569683378,0.458437531538175,0.423154929431658,0.394502524756713,0.39193947645059,0.40024476563357,0.398375930889576,0.379216523731948,0.390261037710199,0.409673773786798,0.42854983444152,0.369166774467172,0.389294784654282,0.438398592433844,0.427580494145348,0.417037387673051,0.372901641907343,0.428471124933895,0.448563062030496,0.379444770515925,0.441388653332257,0.436753591759695,0.430218786845647,0.400724876708683,0.36085361492602,0.406156321433486,0.415990835409375,0.370504795931447,0.362913709571948
"P2-S_Soil",0.458959061398599,0.465702212476572,0.360015067418076,0.357031478588583,0.459098381509432,0.493258136868255,0.396402884889807,0.446925656432368,0.406573401058722,0.383918176126955,0.395371824795274,0.337396782700326,0.509450696173517,0.484192310643912,0.399452705955329,0.351748171683209,0.474582470089428,0.465411369842066,0.367925024870514,0.321270024580384,0.370671512636351,0.349499822807249,0.360477935218424,0.396921563367669,0.37903437196783,0.366782004347104,0.358329745004693,0.355385584510634,0.49796711363927,0.454718714172884,0.321636019923822,0.355978807941588,0.500289391495474,0.50960446221424,0.315598113403938,0.324250224035849,0.402368175292623,0.400784455177083,0.429899023186262,0.358490277434329,0.512305272192492,0.336828533862304,0.338838307195558,0.446420569683378,0,0.435181666933281,0.393251676786957,0.364765597623825,0.336402608603508,0.327698123455401,0.325040493904417,0.339462224936784,0.3517169603493,0.39184325688554,0.412784113628061,0.340495357178352,0.357677153542956,0.35699511297641,0.348438289516995,0.381024822620995,0.341195385953629,0.415205881557722,0.438005565611467,0.344380131680073,0.423788816317848,0.411781376833966,0.404063509136432,0.372780014641842,0.323216746578451,0.388494997474349,0.397112398812499,0.327821969541935,0.321189637542145
"P3-1_Root",0.467274806116318,0.473738115197848,0.389143883947998,0.376607303303644,0.468289105430762,0.505097898976173,0.418846019737518,0.463804131149005,0.406164099819758,0.373169403437619,0.42297849141309,0.36271345503387,0.504302151209812,0.483486779227966,0.428418243573521,0.378108002728956,0.490509803815369,0.479447763696628,0.409033399139519,0.359571148474066,0.345932958677748,0.319411873867106,0.392181977844136,0.418411125511574,0.373842165348439,0.359873803018731,0.379864138708658,0.389397327215856,0.466898676138928,0.433473233011452,0.351614313613057,0.380668730643364,0.2714437105732,0.278284294658102,0.356836628647057,0.356161619036208,0.393784521569612,0.41140629586182,0.450033196654884,0.383117471606123,0.528464320020741,0.354258473715965,0.353552323009278,0.458437531538175,0.435181666933281,0,0.21919296365354,0.35768000101936,0.382326778407109,0.363553483330244,0.365994216688681,0.380040810978684,0.383912506314248,0.397654292062454,0.425785875727145,0.365357306303294,0.371800338408192,0.22614339323785,0.223573412446207,0.417610115359261,0.359554539896764,0.376584357951322,0.348831919722544,0.345249674053455,0.439724840168352,0.419814162276952,0.411302806729146,0.390899167979759,0.356037088935631,0.380187417765372,0.389672335667016,0.363762342958291,0.35815298184273
"P3-2_Root",0.429624631250408,0.435630065119405,0.348296586889058,0.331837511219147,0.430980506417351,0.473105453945428,0.382174735233105,0.43711862582967,0.359702329932301,0.314626195017541,0.40144743490213,0.321742582029151,0.463483452306056,0.444630568920446,0.396206126332884,0.333592051095328,0.460079089483566,0.444952659302956,0.37384596183475,0.320272863041164,0.272719432827447,0.272186023738186,0.353223474192682,0.383150726618756,0.321780113255678,0.308168500940864,0.333525656463574,0.347998838323844,0.469187492399309,0.42069939828341,0.30896178335598,0.336518603595335,0.419980955796738,0.434391564319889,0.309136024830805,0.315768896608112,0.406552842448824,0.353810642947138,0.402301220500712,0.332605054785181,0.502840839697047,0.275237568568042,0.276274929870078,0.423154929431658,0.393251676786957,0.21919296365354,0,0.309929223774617,0.340379297779075,0.301792968111647,0.306947243290498,0.340435543324417,0.344856594072681,0.353225579775182,0.389193345686835,0.319368008352287,0.322102054116973,0.304022586863094,0.28309079543703,0.383743323539401,0.310932913462359,0.348111811736806,0.374588244516539,0.309745360681329,0.405458236704301,0.37431520200441,0.364416794796061,0.346919246771931,0.308553085339194,0.323103383007077,0.33467059377133,0.321752199754049,0.320717797259318
"P3-N_Soil",0.404263279809073,0.412284444836828,0.25152339648415,0.296842685894007,0.421370096479948,0.458049194390221,0.325630817676118,0.395892741855714,0.361503874378016,0.330287450003319,0.352329884169169,0.262348953787908,0.47126538965409,0.442996623018382,0.342468725136346,0.279432515557619,0.43569288519013,0.425091634012868,0.331058210316395,0.249730043439802,0.31768432462058,0.290271529200981,0.267611901020022,0.346987475380713,0.323814740697253,0.310360851960727,0.277078059909061,0.230836345075696,0.456950697988733,0.408730305918134,0.237288443847219,0.283122254425979,0.461801789999549,0.472769844753576,0.237638973347241,0.245415423343163,0.40534565900991,0.375265794466325,0.404913334879503,0.291447554521135,0.47190711125182,0.324426646089699,0.322388924255619,0.394502524756713,0.364765597623825,0.35768000101936,0.309929223774617,0,0.244974545586498,0.32286310146189,0.32256130441909,0.235014530815891,0.280328136035708,0.341084630720876,0.363177615844678,0.23520181644564,0.285695849912356,0.375130446068018,0.362784593498007,0.314793973136259,0.268533176345466,0.36525172591156,0.390400250433858,0.257865220210142,0.357430351629434,0.371061945296181,0.362814406620505,0.303334591349475,0.248828252757765,0.339694610827207,0.350024924744159,0.256874647095325,0.246694329068325
"P3-S_Soil",0.406639614048144,0.413701450814441,0.262104240618042,0.28941935515618,0.414155492082286,0.451262578162368,0.322071475094433,0.387619865287887,0.351408240829814,0.325884768890041,0.315962869956372,0.24904447784122,0.469239585220285,0.440322057697975,0.333007662310968,0.280151519106258,0.42884435227677,0.419540705059635,0.303650168061844,0.231308827269773,0.314685359585756,0.285477082402445,0.213714045235116,0.34161483711313,0.320750022488315,0.306102334228397,0.271592691029483,0.249842159236341,0.454071655406862,0.405936126613156,0.21708479596123,0.267100283979625,0.458656648802291,0.468948666832676,0.216323582168699,0.232043291276678,0.401451713491416,0.360452545684685,0.392124384698574,0.292775306297701,0.465109816809027,0.310378428733854,0.307467148975805,0.39193947645059,0.336402608603508,0.382326778407109,0.340379297779075,0.244974545586498,0,0.317056301560666,0.315729157237819,0.240417395720048,0.262318848798346,0.335279308359947,0.356554176421492,0.239107977401923,0.273022820448946,0.364147144292448,0.353571430493446,0.299139797368676,0.256728528929334,0.355786909659631,0.385174520745691,0.234233426386778,0.358637333545335,0.363764100716021,0.354792338391873,0.292732622175801,0.244422863654986,0.330372659455854,0.340234489937377,0.231086479968444,0.205551563614828
"P4-1_Root",0.405434689811557,0.414287118353653,0.299044836212599,0.301935714937303,0.402500486623962,0.445352794536311,0.322974259384896,0.40682282248002,0.335826066936197,0.30431087208301,0.344033015875787,0.277011828082613,0.454884941500339,0.428884285540023,0.349591136909314,0.266081876370411,0.413890519255684,0.408127853473662,0.334031251769874,0.261236966310684,0.252286916978646,0.23624460807129,0.320832885731243,0.350864150708703,0.299100093449025,0.284736239835806,0.307411361367732,0.316862374160515,0.445566120585108,0.39676392684424,0.265442658029116,0.306449256419556,0.431509900741557,0.444997772232014,0.279568375100616,0.282095340708357,0.382925281193707,0.334773171624843,0.381197024195421,0.310722301212994,0.472997545556009,0.281318477836824,0.278064571616309,0.40024476563357,0.327698123455401,0.363553483330244,0.301792968111647,0.32286310146189,0.317056301560666,0,0.0287493497338808,0.283279319869922,0.265151100857328,0.314928242066175,0.34811875522505,0.27080661310999,0.280448486854251,0.308256703856596,0.294642743866814,0.345939096935515,0.281796465684575,0.300809069231757,0.340387774707192,0.236892546127964,0.373675795171697,0.313487921823834,0.303549193008968,0.316844569877198,0.271340564910192,0.276414486223934,0.286816531018803,0.272867613293458,0.271200851441744
"P4-2_Root",0.405467837789081,0.414550486262006,0.299145308071618,0.301845951600274,0.402908349953319,0.445304373728721,0.324090685621065,0.405886507639318,0.335259270589036,0.305070879261478,0.340170940019517,0.276218121211856,0.455764988537707,0.429378949816373,0.349266060219131,0.268601804559917,0.412483613271065,0.407127556073909,0.332327697382868,0.258737627620094,0.253775346729967,0.238102357131393,0.320542436865709,0.348095923963616,0.298819636891684,0.284358404294228,0.307281706885667,0.315684351449832,0.444358492840958,0.39576780423099,0.26437887092658,0.305700888736067,0.430787150048625,0.444271544952102,0.279000188742806,0.281605732379418,0.382443801940451,0.334600639632863,0.381248580277869,0.311049014331483,0.472081717509629,0.280704971003668,0.276782118275655,0.398375930889576,0.325040493904417,0.365994216688681,0.306947243290498,0.32256130441909,0.315729157237819,0.0287493497338808,0,0.283490356949762,0.267924109951488,0.314435398438471,0.347635598820038,0.271218180183652,0.281929852691409,0.308813555979967,0.296588961351678,0.345028070611192,0.281654065990506,0.304684824383373,0.34316795195826,0.24113561969052,0.372911785735705,0.31129479488553,0.301190685200169,0.31631591708328,0.270786111196808,0.274793690675295,0.284817905921518,0.27114455368777,0.269166301644013
"P4-N_Soil",0.393550305266346,0.403076193313445,0.212073078964313,0.258422036537368,0.40301415940857,0.440921406021631,0.284114576676343,0.377647985393019,0.342403761922794,0.311117286821714,0.328378954245784,0.217497592174782,0.45787235472746,0.427550250700664,0.302706749233663,0.214101044564817,0.417239167283287,0.407454127314987,0.301282884173078,0.195593852129111,0.29826104406369,0.267767261535026,0.230123046859237,0.32044847022943,0.302838320906663,0.288295448416504,0.236789255591253,0.240740134854423,0.440725001007084,0.39144810669292,0.1684392527437,0.23001396004337,0.448402912539767,0.459404322920759,0.166487478024303,0.170479106463571,0.384682253490935,0.365041000208592,0.392680826727277,0.268168580846994,0.451246156123153,0.31205349542409,0.308900166554906,0.379216523731948,0.339462224936784,0.380040810978684,0.340435543324417,0.235014530815891,0.240417395720048,0.283279319869922,0.283490356949762,0,0.187793243919926,0.317463460374918,0.340315740615695,0.156487068439439,0.199648388858146,0.361895738480642,0.349135762850163,0.274937017859715,0.228013555105014,0.333085755166345,0.360735841654549,0.202173540400388,0.342282791779798,0.349000682534292,0.340249623447509,0.191511691592992,0.156732413375157,0.321919975454789,0.332580285546954,0.1918170754234,0.189887233331679
"P4-S_Soil",0.404801344023964,0.41403861867227,0.258366852318711,0.267373327557577,0.411963065498374,0.449218911324679,0.291779845060575,0.391676075780447,0.349269801484694,0.317787790869579,0.338826725477974,0.233281036606294,0.462628693948848,0.433517792187188,0.293346326494083,0.199894552744834,0.428404359942342,0.419977266336724,0.316550143724682,0.205167255250116,0.305303263109346,0.275759587949968,0.172453527836013,0.324955398826523,0.311815964906577,0.297831034064644,0.240727994127007,0.258894491712009,0.448472543731057,0.40031912311329,0.189958463963272,0.246246002664496,0.453023712410937,0.464053048323407,0.220501022922631,0.221436690838862,0.391948400747063,0.372122412924969,0.402741136488278,0.302252508037611,0.463462251013533,0.319392603070876,0.316819053632704,0.390261037710199,0.3517169603493,0.383912506314248,0.344856594072681,0.280328136035708,0.262318848798346,0.265151100857328,0.267924109951488,0.187793243919926,0,0.32876072354593,0.351983051889673,0.224874373623334,0.24008580756356,0.364124616890871,0.350816048770448,0.210518499014675,0.255356851907387,0.318275480429553,0.350016533871102,0.176224038800368,0.362522906677162,0.358285853130263,0.350060819043407,0.271382803402638,0.214635337342929,0.327566293844953,0.33836668378274,0.237943384169232,0.199093979704518
"P5-1_Root",0.422321392089958,0.429570856613571,0.331201188956863,0.324975439073659,0.427460846577983,0.464796112363452,0.36450455059666,0.417488200233718,0.366097536956598,0.333989503465233,0.379523485983354,0.294198702322005,0.477416044536337,0.450091286262434,0.373779183473552,0.324623480667088,0.440035110503835,0.429480097750054,0.356822612491945,0.294922090476143,0.318619261950741,0.295624866521948,0.340134811776756,0.371560157260665,0.331994540073703,0.318153733827359,0.329446529451798,0.333449168431468,0.46145703043899,0.41252162495693,0.281389963382812,0.318862786529169,0.465333688326088,0.476739067745417,0.302684186524354,0.303660579724125,0.412920244749949,0.36371025508149,0.404898099768977,0.338383631955834,0.478680240243063,0.333286505374528,0.33049139683568,0.409673773786798,0.39184325688554,0.397654292062454,0.353225579775182,0.341084630720876,0.335279308359947,0.314928242066175,0.314435398438471,0.317463460374918,0.32876072354593,0,0.0746999071200677,0.237133103495445,0.299094472253725,0.377396404311244,0.364462516361171,0.364270389769207,0.306523571623679,0.361949399884939,0.388245320949016,0.311438258097663,0.377365032017025,0.325687880458755,0.319595657006227,0.335594142924092,0.292087112669762,0.308576033015102,0.316885656649767,0.303079275567824,0.299828830608804
"P5-2_Root",0.441510891129662,0.44836639739384,0.352357776963483,0.349811331872823,0.44785411906313,0.482688483064225,0.385199131861724,0.434409698866482,0.387817217182261,0.359981824058369,0.392430248450014,0.316864063882987,0.496704821428433,0.469337064778897,0.393057445905302,0.348463734761234,0.459602435352652,0.451063123024036,0.377417939557075,0.317793941748069,0.351078919306161,0.326691862243945,0.361911681380113,0.39160474962816,0.358040700026185,0.345264361350223,0.353570364750929,0.354885316734733,0.479813117087987,0.433868794226598,0.305025055227222,0.342764282389525,0.486925637318201,0.497221514876777,0.327400963303881,0.327993158249243,0.433618844997059,0.399641303209541,0.43268721103817,0.362217747090394,0.493748163832864,0.364491528449661,0.36133616231266,0.42854983444152,0.412784113628061,0.425785875727145,0.389193345686835,0.363177615844678,0.356554176421492,0.34811875522505,0.347635598820038,0.340315740615695,0.351983051889673,0.0746999071200677,0,0.247760632343086,0.319417410010963,0.404497399081547,0.393033656524818,0.384152420071217,0.331630699740504,0.389337531614222,0.413588706947253,0.336791390815635,0.393587880284784,0.368739865185235,0.362947149759001,0.358911408504605,0.317493247993959,0.350505863808023,0.358836223818929,0.325897402814933,0.32219445719845
"P5-N_Soil",0.381152290358804,0.389327983034026,0.221875074171173,0.260064574560418,0.393841335455854,0.432570643726528,0.286476090977973,0.369357279648152,0.326076735006401,0.291459644544368,0.317690679997757,0.210927568741123,0.44772213921994,0.417207098964178,0.310222272413651,0.232538695982277,0.409661037043794,0.399988385802709,0.302803249263038,0.203355991683775,0.279671841288014,0.248075740477893,0.251199090137191,0.320124837837762,0.287012646146202,0.271496136651931,0.245191273793928,0.242763754284551,0.43212779854446,0.380993096420882,0.173959606417425,0.23173958208066,0.438189964565368,0.449720109714175,0.187643697664775,0.193276724316436,0.374273902628149,0.34814633177703,0.377804410086771,0.25752368341468,0.442851764800727,0.294971120147422,0.291682181469635,0.369166774467172,0.340495357178352,0.365357306303294,0.319368008352287,0.23520181644564,0.239107977401923,0.27080661310999,0.271218180183652,0.156487068439439,0.224874373623334,0.237133103495445,0.247760632343086,0,0.178329530724844,0.34575817867828,0.331691383369986,0.290906478075232,0.223861728005734,0.318891376637267,0.350837236673085,0.205891416267275,0.324973933146764,0.332772946380105,0.32391315901958,0.220090988065533,0.169996216559841,0.303461048393581,0.314553701900071,0.202394455230438,0.206355517580607
"P5-S_Soil",0.401588366925147,0.409848157646359,0.260891128823954,0.278606301889023,0.406867982206846,0.445327715578916,0.308511272639699,0.387631723436528,0.340687515461285,0.306293724884079,0.332548878884538,0.237558944053246,0.45587896879046,0.427568622163155,0.327746640001256,0.249681845527418,0.426592115249979,0.417916163362676,0.324552761562789,0.230372644072725,0.290580716505276,0.265461754809236,0.275177531184826,0.33891256988316,0.303027979986785,0.288633026815755,0.264969982002633,0.285192467868609,0.445303379374404,0.395799999956672,0.202306517098679,0.251294314781466,0.44620742491356,0.458059947542714,0.205890796032626,0.217111604070519,0.38764390044488,0.359418461795685,0.391746064141211,0.289866053830257,0.459199643966144,0.304161095634081,0.301782766634806,0.389294784654282,0.357677153542956,0.371800338408192,0.322102054116973,0.285695849912356,0.273022820448946,0.280448486854251,0.281929852691409,0.199648388858146,0.24008580756356,0.299094472253725,0.319417410010963,0.178329530724844,0,0.351544967527341,0.336703672749136,0.313950090523649,0.24686664550182,0.327871870992502,0.360170713422793,0.219889280309468,0.353577589880794,0.350966343032265,0.341767710955876,0.245907665817406,0.194649928525654,0.316113978599119,0.326969027483487,0.231729264464857,0.231143651720761
"P6-1_Root",0.454960178581547,0.462372845380735,0.369948846435458,0.357180661960319,0.44523365248493,0.484604077853211,0.40120933104707,0.446012584819595,0.369197580770859,0.345857201706247,0.348373345642792,0.341807266717646,0.489725474421304,0.466256040924427,0.408836354525848,0.356386970062486,0.463327633017591,0.459301740334546,0.373078347541492,0.325270365413448,0.318427207602467,0.289179312343353,0.37693397380749,0.399270295797137,0.351303454495378,0.334241405491498,0.361140912712177,0.369026341414209,0.442687078325582,0.409690837520954,0.32767684602825,0.359424668583588,0.239243977489254,0.24576834367944,0.333835139032432,0.334056448235659,0.356893092379932,0.388713469781091,0.426894274794605,0.360581766440423,0.508713166984666,0.319712733851597,0.315575147249033,0.438398592433844,0.35699511297641,0.22614339323785,0.304022586863094,0.375130446068018,0.364147144292448,0.308256703856596,0.308813555979967,0.361895738480642,0.364124616890871,0.377396404311244,0.404497399081547,0.34575817867828,0.351544967527341,0,0.041358948432702,0.395724030680557,0.336965020789371,0.326896756825453,0.291439543174381,0.325096325616914,0.423094113004859,0.398767821874415,0.388438381976148,0.370381444976701,0.332893958852992,0.338372776297433,0.351869333399686,0.322574851094487,0.317241537943618
"P6-2_Root",0.444361210967076,0.451712305383058,0.357501602665714,0.343161362566385,0.434643803349943,0.475782271213311,0.389528473840908,0.437097763997915,0.357468161932159,0.329288079755867,0.348708089382586,0.32776097587839,0.478698615660044,0.455750537846143,0.397667502197745,0.341253714142588,0.453822043672474,0.448724243025638,0.365247099322747,0.313043242591693,0.303053226258166,0.273804297606675,0.364427836303593,0.388318289395492,0.337916208632864,0.320330000688107,0.347148401208391,0.357166521020316,0.440254311901413,0.404435813452651,0.313315706937759,0.346119162495181,0.256410721861887,0.264475484201549,0.319692687129169,0.320267319111807,0.350536914968327,0.376909314194241,0.417003676271262,0.346816891736213,0.501866496926107,0.304423130520486,0.300814250530409,0.427580494145348,0.348438289516995,0.223573412446207,0.28309079543703,0.362784593498007,0.353571430493446,0.294642743866814,0.296588961351678,0.349135762850163,0.350816048770448,0.364462516361171,0.393033656524818,0.331691383369986,0.336703672749136,0.041358948432702,0,0.384027211849167,0.322161848668517,0.310714885470469,0.28113341784078,0.311133606834351,0.411903891572924,0.385791984141147,0.37586425225795,0.357059278673179,0.317934534526499,0.324071531243437,0.338487048226242,0.31217321539823,0.306648803990098
"P6-N_Soil",0.435646589017362,0.443936246304099,0.317506925734218,0.307588203546783,0.438978729068907,0.473815658849324,0.352077429446241,0.419527730358704,0.381203918067214,0.353867903567663,0.359933468077817,0.280582569380768,0.48807101346026,0.459927933297907,0.33302820061414,0.284374053038078,0.452567927972653,0.445409358766998,0.348390738907858,0.25760572182728,0.342526266489128,0.315089927194786,0.219949317653134,0.354891559875831,0.347448425305809,0.335022492030769,0.280619345565666,0.291257229525799,0.47220804581034,0.427165572435331,0.250531932323262,0.291522189507373,0.479035072345361,0.489260197664483,0.278945914542491,0.281031189297447,0.419186110346928,0.405495474418697,0.432340698163024,0.337602568678185,0.486583358984192,0.355291291408171,0.352903357368136,0.417037387673051,0.381024822620995,0.417610115359261,0.383743323539401,0.314793973136259,0.299139797368676,0.345939096935515,0.345028070611192,0.274937017859715,0.210518499014675,0.364270389769207,0.384152420071217,0.290906478075232,0.313950090523649,0.395724030680557,0.384027211849167,0,0.298708001013236,0.387346243818139,0.409809272196204,0.274727475796019,0.391765519913181,0.392811472849417,0.384946380039847,0.333254575105272,0.275780651865322,0.365200967986346,0.37463081708107,0.289198181107199,0.244630032857576
"P6-S_Soil",0.388775474973821,0.397477967173003,0.259660832496526,0.26331136406589,0.392459557414125,0.432077954339008,0.310194748287785,0.374449647142921,0.298660519483552,0.25437445459372,0.322473943332315,0.21414076869532,0.444944881123655,0.415062142566825,0.316769957269786,0.257447969527936,0.411102125009597,0.402013270884819,0.304919609397283,0.216896380355969,0.272974323111892,0.242822062908846,0.268198131722155,0.320744326269673,0.284529258781628,0.267162443898078,0.260404035873958,0.262429431624989,0.430842640827668,0.379913029620981,0.193944879677161,0.249090682526831,0.434198364068236,0.445973519016828,0.207440641497143,0.211830761292549,0.374516098152653,0.345307145311037,0.379122942998028,0.280830723529719,0.446275665295124,0.285035458046482,0.282986579900509,0.372901641907343,0.341195385953629,0.359554539896764,0.310932913462359,0.268533176345466,0.256728528929334,0.281796465684575,0.281654065990506,0.228013555105014,0.255356851907387,0.306523571623679,0.331630699740504,0.223861728005734,0.24686664550182,0.336965020789371,0.322161848668517,0.298708001013236,0,0.330535955325669,0.358727695273285,0.234681421160731,0.341866952217568,0.337445353595863,0.328410732689307,0.253485122020218,0.21025522733125,0.30044247320568,0.312691451638916,0.223895890730033,0.215067852185842
"P7-1_Root",0.439560573075071,0.446808285900521,0.341733666405235,0.348707897677281,0.420665970035632,0.458728299577912,0.365817751355931,0.425902675042356,0.360604766503962,0.315671583270329,0.402018965697195,0.320741664153408,0.479880596087997,0.448119690138255,0.390538949915817,0.318580178257021,0.465937443394417,0.457953520995813,0.384784105569488,0.324594636159367,0.333502638884985,0.312872565473349,0.36428006338447,0.392179242287932,0.337858943389027,0.322457580943862,0.350192216909684,0.360768462708378,0.437872701647962,0.397752497549409,0.310906438891155,0.290715268496023,0.432172880282044,0.444173177362308,0.326608523372491,0.327132937353902,0.409267404419443,0.347663682884265,0.38272065681438,0.353551842425924,0.469890053847677,0.317728432224772,0.316181670332892,0.428471124933895,0.415205881557722,0.376584357951322,0.348111811736806,0.36525172591156,0.355786909659631,0.300809069231757,0.304684824383373,0.333085755166345,0.318275480429553,0.361949399884939,0.389337531614222,0.318891376637267,0.327871870992502,0.326896756825453,0.310714885470469,0.387346243818139,0.330535955325669,0,0.105300613825055,0.279088246713041,0.410936743773199,0.369927742387311,0.366134456386587,0.361571826818642,0.320377516587695,0.312410449467672,0.334292212569141,0.329703461607869,0.326620864672488
"P7-2_Root",0.463184110234378,0.470920902955586,0.372025435758874,0.374798909371254,0.448266443806172,0.485849110341156,0.393518644243298,0.450449713269889,0.386354767242504,0.346228246022773,0.422757974182352,0.350668045713583,0.503993544821664,0.475329239031088,0.413614896926042,0.351235434628766,0.484788848831224,0.477624596062148,0.406286319787534,0.35201030746797,0.365166209822781,0.337557085699865,0.389070270211991,0.41516690496296,0.36894860986404,0.352339526147671,0.377633029870626,0.385383847022053,0.452823658466394,0.419527459828962,0.341433115337764,0.331556395417494,0.373649072585503,0.382815334493989,0.353990164356387,0.352121221277904,0.406127805360161,0.38755575090082,0.421502933712653,0.384129815899565,0.501255598348486,0.352838501510781,0.349329450608985,0.448563062030496,0.438005565611467,0.348831919722544,0.374588244516539,0.390400250433858,0.385174520745691,0.340387774707192,0.34316795195826,0.360735841654549,0.350016533871102,0.388245320949016,0.413588706947253,0.350837236673085,0.360170713422793,0.291439543174381,0.28113341784078,0.409809272196204,0.358727695273285,0.105300613825055,0,0.315124073992031,0.433287855807014,0.397007788953379,0.394107164483104,0.38727745965773,0.34862818068306,0.34267585504023,0.363877920684396,0.359123549706933,0.353073506177356
"P7-N_Soil",0.387700997863474,0.395776528207118,0.235332181909963,0.258378717527726,0.398528893510251,0.437018678891077,0.276291167167268,0.375325674205027,0.331854869981979,0.295318399102756,0.318466866403539,0.212094752150942,0.448679832078434,0.419565373724447,0.298647291884719,0.20399024928657,0.418673784034798,0.409495449748634,0.306887477923512,0.20598449687424,0.280598855975228,0.250004347289257,0.243469195697127,0.31627525851042,0.293113055841832,0.277818013849405,0.236204191667981,0.254732653955864,0.43176458401447,0.382618566673226,0.184897804138787,0.234022049404656,0.414882288732146,0.42639140824173,0.205183042469229,0.197721207438394,0.37178911804473,0.351733813950182,0.385168149505312,0.274130071341399,0.45232631961878,0.295523650050447,0.293342285070045,0.379444770515925,0.344380131680073,0.345249674053455,0.309745360681329,0.257865220210142,0.234233426386778,0.236892546127964,0.24113561969052,0.202173540400388,0.176224038800368,0.311438258097663,0.336791390815635,0.205891416267275,0.219889280309468,0.325096325616914,0.311133606834351,0.274727475796019,0.234681421160731,0.279088246713041,0.315124073992031,0,0.34658227537441,0.345274775735429,0.33640058709946,0.278316620090635,0.22029642437953,0.308485920169885,0.319751391425083,0.218925757221556,0.193912877253955
"P7-S_Soil",0.453097570420969,0.460198584935988,0.355353834017734,0.361426648409814,0.459293937268846,0.493390189335533,0.393281082707292,0.44323122769159,0.404285531236532,0.377540679036677,0.407476370974788,0.328538106886888,0.507782255942095,0.48051418479966,0.394083317651116,0.354824508891721,0.472977029538255,0.46448873856407,0.37457429918327,0.328014510302235,0.369908019407341,0.345556103418476,0.368361742118492,0.403163451864451,0.371309677516968,0.357150669236769,0.360942342396522,0.35597806778375,0.492533214896705,0.448905600529921,0.316782540934088,0.354320126110719,0.49960739513865,0.509529651891114,0.332193980797927,0.333048900223873,0.445046314307404,0.427753493203376,0.453759384482846,0.371594000166443,0.505568893410028,0.381837437118284,0.379372297525229,0.441388653332257,0.423788816317848,0.439724840168352,0.405458236704301,0.357430351629434,0.358637333545335,0.373675795171697,0.372911785735705,0.342282791779798,0.362522906677162,0.377365032017025,0.393587880284784,0.324973933146764,0.353577589880794,0.423094113004859,0.411903891572924,0.391765519913181,0.341866952217568,0.410936743773199,0.433287855807014,0.34658227537441,0,0.388614879540302,0.37590307264873,0.308620304775696,0.329583422684365,0.38881527259489,0.397552314272532,0.336697709095919,0.331777097945133
"P8-1_Root",0.446743236081924,0.453003551989682,0.362531815488072,0.355458737599496,0.447145400673267,0.483113105340264,0.393050959042071,0.44156357973306,0.386450919720759,0.357802923456525,0.401599349271336,0.33044939238038,0.497870335817993,0.469735048097102,0.402705179742187,0.358161267221342,0.463917684530599,0.452048209080923,0.379422134047695,0.328090235918778,0.350801867292521,0.329991931262859,0.37040756632739,0.400613604993376,0.360295010151647,0.346305908584678,0.35970075507546,0.363372084740436,0.483510730983441,0.438632439644814,0.318728962533066,0.331204057619379,0.486939876086817,0.49757355266651,0.335427262442675,0.335552733877091,0.43641380503685,0.296074641575554,0.370907586377327,0.366952721037524,0.500628257627317,0.359640408386138,0.356881253977353,0.436753591759695,0.411781376833966,0.419814162276952,0.37431520200441,0.371061945296181,0.363764100716021,0.313487921823834,0.31129479488553,0.349000682534292,0.358285853130263,0.325687880458755,0.368739865185235,0.332772946380105,0.350966343032265,0.398767821874415,0.385791984141147,0.392811472849417,0.337445353595863,0.369927742387311,0.397007788953379,0.345274775735429,0.388614879540302,0,0.027233207592671,0.349892028759117,0.323211305592419,0.16323167627867,0.152132295036913,0.327335124671495,0.331063180581337
"P8-2_Root",0.439510614436019,0.446262332798968,0.354414054313527,0.34681573505047,0.439154469582342,0.475265253414698,0.385499472919265,0.434166099140907,0.371618730852747,0.345856283003576,0.386789705250582,0.322029320721667,0.49062139660052,0.461137031624117,0.395230090593582,0.349635557447423,0.457157176306484,0.445697891657594,0.369672831189962,0.317565118284145,0.341086360820611,0.320509840315424,0.361984645977196,0.393182536595245,0.350594983347869,0.336408456717072,0.351025375890781,0.354864008139718,0.472610656930468,0.427298127703344,0.30979614313213,0.322052925128313,0.480049298805639,0.490675816793031,0.326509676149633,0.326908393791869,0.429400923259857,0.288317151043096,0.362683975789094,0.357370443519798,0.492342095594888,0.349588373126202,0.346817525663556,0.430218786845647,0.404063509136432,0.411302806729146,0.364416794796061,0.362814406620505,0.354792338391873,0.303549193008968,0.301190685200169,0.340249623447509,0.350060819043407,0.319595657006227,0.362947149759001,0.32391315901958,0.341767710955876,0.388438381976148,0.37586425225795,0.384946380039847,0.328410732689307,0.366134456386587,0.394107164483104,0.33640058709946,0.37590307264873,0.027233207592671,0,0.339781754882699,0.314274458633774,0.157492988147641,0.146791294846097,0.315636268802033,0.319260009609322
"P8-N_Soil",0.414655010869539,0.423026967390851,0.264448488090162,0.294714639778892,0.41634684639416,0.452907310095498,0.327474828570652,0.396323544383615,0.354865574117971,0.324347483015374,0.349062755320424,0.250124972810379,0.468244532586987,0.4383957512557,0.347760261739767,0.279169556015615,0.437209482326489,0.428562655968835,0.337222109975865,0.243252712768104,0.3121239947387,0.287188074003484,0.295381753964063,0.355104194244659,0.31815957434533,0.304083853118535,0.287443606500312,0.298583980290952,0.449041377024335,0.40147543074589,0.19748512392081,0.254361693935644,0.459918231251441,0.471126303441578,0.19913564369089,0.198943685891943,0.40065106682361,0.371576821924593,0.401532373943367,0.312800205034049,0.457776880877123,0.322944815765442,0.321166175047532,0.400724876708683,0.372780014641842,0.390899167979759,0.346919246771931,0.303334591349475,0.292732622175801,0.316844569877198,0.31631591708328,0.191511691592992,0.271382803402638,0.335594142924092,0.358911408504605,0.220090988065533,0.245907665817406,0.370381444976701,0.357059278673179,0.333254575105272,0.253485122020218,0.361571826818642,0.38727745965773,0.278316620090635,0.308620304775696,0.349892028759117,0.339781754882699,0,0.208645454813188,0.330571369571779,0.340986876002972,0.214070525486281,0.24095990503095
"P8-S_Soil",0.37787195765086,0.385922793687103,0.229578652494003,0.244723158995748,0.385257981990299,0.425342690920987,0.292899711897009,0.363676987895521,0.314794643787062,0.278131369601616,0.315883668455073,0.199039259199289,0.439441773428438,0.408801767720072,0.298748928193063,0.216998617310288,0.401481808517193,0.391477639247669,0.290006904776347,0.189408498117879,0.265655058417008,0.232351478945727,0.225036618634298,0.306839331989143,0.273577123726845,0.257416454638297,0.233445988634697,0.248811528114412,0.423899698255522,0.371692013969218,0.156394864886721,0.224637925054875,0.429501644022616,0.441458447582723,0.165630939424374,0.177139012848229,0.366134960669619,0.336327745252682,0.370024800377961,0.206861588942947,0.435139479697586,0.27996600266609,0.276813920560608,0.36085361492602,0.323216746578451,0.356037088935631,0.308553085339194,0.248828252757765,0.244422863654986,0.271340564910192,0.270786111196808,0.156732413375157,0.214635337342929,0.292087112669762,0.317493247993959,0.169996216559841,0.194649928525654,0.332893958852992,0.317934534526499,0.275780651865322,0.21025522733125,0.320377516587695,0.34862818068306,0.22029642437953,0.329583422684365,0.323211305592419,0.314274458633774,0.208645454813188,0,0.291283604369951,0.30302173102936,0.196262091323816,0.194501922719141
"P9-1_Root",0.423851251770623,0.431190700186364,0.333484663171064,0.322249129807211,0.422033702287563,0.462323820769357,0.367361537369958,0.420093109407857,0.340542924087268,0.312909661765924,0.333705468304742,0.298211200671902,0.471207817398154,0.445409062797728,0.376280381198346,0.323093228119516,0.439913945782348,0.431344306572027,0.337674235337269,0.283250503277827,0.304988299161009,0.287002966536698,0.340013110456829,0.372036097799609,0.325595646904975,0.309063178207531,0.326985649610799,0.335119726263687,0.460925181792507,0.412622997986846,0.281234790734595,0.295014984659494,0.455812615053817,0.467031280650581,0.301041198736503,0.302807494471231,0.408955921762862,0.289316030357045,0.36008715970181,0.332383159152927,0.48568907800489,0.311466686206906,0.306007151013505,0.406156321433486,0.388494997474349,0.380187417765372,0.323103383007077,0.339694610827207,0.330372659455854,0.276414486223934,0.274793690675295,0.321919975454789,0.327566293844953,0.308576033015102,0.350505863808023,0.303461048393581,0.316113978599119,0.338372776297433,0.324071531243437,0.365200967986346,0.30044247320568,0.312410449467672,0.34267585504023,0.308485920169885,0.38881527259489,0.16323167627867,0.157492988147641,0.330571369571779,0.291283604369951,0,0.0365465917867217,0.260517419949722,0.278854968023591
"P9-2_Root",0.432283640957209,0.439495426129948,0.343640270225453,0.333373416546023,0.431057600125752,0.470123011127111,0.37663483509522,0.428378372565577,0.352679264207788,0.327131141650052,0.342624836780138,0.309839720934111,0.478959553550485,0.453472162151251,0.385417304776414,0.33448765720166,0.448869376452163,0.440413282537487,0.347724211118789,0.296096114050428,0.317733484479948,0.300153805401849,0.350262225043883,0.381388123885843,0.337022132853121,0.321464691235704,0.337774263550054,0.344965913485053,0.469759385978804,0.422438656774831,0.294381152687266,0.309238915786141,0.464449606916813,0.475274561865636,0.312680423000964,0.314364657143564,0.418271284880313,0.293397847699714,0.365371843854282,0.342639921096037,0.492626197888175,0.325385568851187,0.320223803002302,0.415990835409375,0.397112398812499,0.389672335667016,0.33467059377133,0.350024924744159,0.340234489937377,0.286816531018803,0.284817905921518,0.332580285546954,0.33836668378274,0.316885656649767,0.358836223818929,0.314553701900071,0.326969027483487,0.351869333399686,0.338487048226242,0.37463081708107,0.312691451638916,0.334292212569141,0.363877920684396,0.319751391425083,0.397552314272532,0.152132295036913,0.146791294846097,0.340986876002972,0.30302173102936,0.0365465917867217,0,0.269972420860333,0.2904039021208
"P9-N_Soil",0.387242311609256,0.395284785417148,0.237410890599089,0.251525828398893,0.394726037583181,0.433272097585348,0.299728063943245,0.370987150306337,0.310353505928781,0.290570297708036,0.239175545502264,0.211207242329812,0.448264253584961,0.417880624402326,0.311325808181746,0.243870606134036,0.408177920518418,0.401920316385612,0.270506999979117,0.177848962672372,0.280517551410373,0.249557367940984,0.253980394035565,0.307974841690544,0.287275547423801,0.270064858826244,0.249338950861664,0.25205899599503,0.431868355759043,0.381329866424815,0.164827618180722,0.227188633754265,0.433365493655761,0.443368171015717,0.166624924480003,0.169330235949208,0.375547274261071,0.350001724250353,0.382591589583598,0.259659757438459,0.445523131176458,0.293239575977536,0.285923325023599,0.370504795931447,0.327821969541935,0.363762342958291,0.321752199754049,0.256874647095325,0.231086479968444,0.272867613293458,0.27114455368777,0.1918170754234,0.237943384169232,0.303079275567824,0.325897402814933,0.202394455230438,0.231729264464857,0.322574851094487,0.31217321539823,0.289198181107199,0.223895890730033,0.329703461607869,0.359123549706933,0.218925757221556,0.336697709095919,0.327335124671495,0.315636268802033,0.214070525486281,0.196262091323816,0.260517419949722,0.269972420860333,0,0.134394108399505
"P9-S_Soil",0.384430080528465,0.393539471125722,0.240010459631314,0.234753633466993,0.388744681563474,0.427668795670917,0.289275116582256,0.364092604671437,0.303779991740087,0.282784932562847,0.22634600524562,0.190673368249954,0.443642875356169,0.412580651062146,0.287623802923127,0.222222060052226,0.402560780753845,0.396379042004325,0.259442026954558,0.153818928200262,0.275265766870411,0.241514362208096,0.207727709669167,0.29708596812628,0.278332223979642,0.26057567887578,0.212779988398231,0.229637915323786,0.425298203710782,0.374598936760808,0.148354510428683,0.211421798034909,0.42707851739445,0.436989325847949,0.155323606746114,0.164851681984078,0.367734307598118,0.350262851845285,0.381756491324368,0.26363110678654,0.441135210304296,0.287551033880913,0.280489701724106,0.362913709571948,0.321189637542145,0.35815298184273,0.320717797259318,0.246694329068325,0.205551563614828,0.271200851441744,0.269166301644013,0.189887233331679,0.199093979704518,0.299828830608804,0.32219445719845,0.206355517580607,0.231143651720761,0.317241537943618,0.306648803990098,0.244630032857576,0.215067852185842,0.326620864672488,0.353073506177356,0.193912877253955,0.331777097945133,0.331063180581337,0.319260009609322,0.24095990503095,0.194501922719141,0.278854968023591,0.2904039021208,0.134394108399505,0
