"","Acaulospora","Acremoniopsis","Acremonium","Acrophialophora","Agaricus","Alfaria","Alternaria","Amanita","Amaurodon","Anteholosticha","Anthostomella","Anthracobia","Apiotrichum","Apodospora","Arachnocrea","Archaeorhizomyces","Archaeospora","Arthrocladium","Ascocorticium","Aspergillus","Asterostroma","Astrosporina","Aureobasidium","Auricularia","Austroafricana","Auxarthron","Basidioascus","Basidiobolus","Beauveria","Bipolaris","Biscogniauxia","Bjerkandera","Boletus","Botryobasidium","Botrytis","Bulleromyces","Burgella","Byssoascus","Calycina","Camarophyllopsis","Camptophora","Capronia","Castanediella","Cenococcum","Ceraceomyces","Ceratobasidium","Ceratosporella","Chaetomium","Chaetosphaeria","Chalara","Chloridium","Chloropyrula","Chondrogaster","Chrysozyma","Cistella","Cladobotryum","Cladonia","Cladophialophora","Cladosporium","Claroideoglomus","Clavaria","Clavulina","Clavulinopsis","Clitopilus","Clonostachys","Codinaea","Coleophoma","Coltricia","Coltriciella","Coniochaeta","Coniophora","Conioscypha","Coniothyrium","Conlarium","Conocybe","Coprinopsis","Cordyceps","Cortinarius","Coryneum","Crepatura","Cruentomycena","Cryptococcus","Cryptocoryneum","Cryptodiscus","Cryptosporiopsis","Cunninghamella","Curvibasidium","Curvularia","Cyclaneusma","Cylindrodendrum","Cylindrosympodioides","Cyphellophora","Cyrtohymena","Cystangium","Cystobasidium","Cytospora","Dactylella","Dendrochytridium","Dendrophoma","Dendrosporium","Desertiserpentica","Devriesia","Diaporthe","Diaxonella","Dichostereum","Diddensiella","Didymocrea","Dioszegia","Diplogelasinospora","Distononappendiculata","Diversispora","Dothidea","Dothiorella","Endophragmiella","Entoloma","Eutypella","Exophiala","Farysia","Fibulochlamys","Fibulomyces","Foliocryphia","Fusarium","Fuscoporia","Fusicladium","Fusidium","Galerina","Geastrum","Gelidatrema","Geminibasidium","Geoglossum","Geranomyces","Gliomastix","Glomus","Glutinoglossum","Goffeauzyma","Goidanichiella","Gongronella","Gremmenia","Gryganskiella","Gymnopilus","Gymnopus","Halteria","Haptocillium","Harknessia","Hawksworthiomyces","Hebeloma","Henningsomyces","Heterotruncatella","Hormonema","Hyaloscypha","Hydnellum","Hydnum","Hymenotorrendiella","Hypomyces","Hysterium","Hysterobrevium","Ilyonectria","Inocybe","Irpicomyces","Jaapia","Keithomyces","Knufia","Kockovaella","Labyrinthomyces","Laccaria","Lachnum","Lactarius","Lactifluus","Lapidomyces","Lecanora","Lecythophora","Leohumicola","Leotia","Leptodontidium","Leucoagaricus","Leucopaxillus","Lichenoconium","Lindtneria","Linnemannia","Lophium","Lophodermium","Marasphaerium","Marquesius","Melanchlenus","Meliniomyces","Menispora","Meristemomyces","Metschnikowia","Microascus","Microdochium","Mollisia","Monacrosporium","Montagnula","Mortierella","Mycena","Mycosymbioces","Nadsonia","Naganishia","Nematoctonus","Neocatenulostroma","Neocucurbitaria","Neodevriesia","Neotrimmatostroma","Neurospora","Nigrograna","Nigrospora","Nothomitra","Ochroconis","Octaviania","Oidiodendron","Oliveonia","Orbilia","Paecilomyces","Paracladophialophora","Parafusicladium","Paramicrothyrium","Paraphoma","Parapyrenochaeta","Pectenia","Penicillago","Penicillifer","Penicillium","Penidiella","Penidiellomyces","Peniophorella","Perenniporia","Peribolospora","Pestalotiopsis","Petrophila","Pezicula","Peziza","Phaeoacremonium","Phaeosphaeria","Phanerochaete","Phialemonium","Pholiota","Phomatospora","Phyllozyma","Piloderma","Piskurozyma","Plectania","Pleuroascus","Pluteus","Podospora","Polylobatispora","Polyscytalum","Porodiplodia","Postia","Powellomyces","Preussia","Priceomyces","Proliferodiscus","Psathyrella","Pseudoarthrographis","Pseudodactylaria","Pseudopenidiella","Pseudoramichloridium","Pseudovalsaria","Pyricularia","Pyrigemmula","Radulomyces","Rasamsonia","Readeriella","Readerielliopsis","Resinicium","Reticulascus","Rhexodenticula","Rhizoctonia","Rhizodermea","Rhizoglomus","Rhizophagus","Rhizophydium","Rhizopogon","Rhizosphaera","Rhodocollybia","Rhodotorula","Rhopalophora","Rhynchogastrema","Ruhlandiella","Russula","Sagenomella","Saitozyma","Sakaguchia","Sarcoleotia","Sarcostroma","Sarea","Schizothecium","Schwanniomyces","Scutellospora","Scytalidium","Sebacina","Seiridium","Septobasidium","Serendipita","Serpula","Setophaeosphaeria","Sistotrema","Slooffia","Solicoccozyma","Sonoraphlyctis","Sorocybe","Spadicoides","Spencermartinsiella","Sphaerosoma","Sphaerosporella","Sphaerostilbella","Sporidesmiella","Sporobolomyces","Sporormiella","Sporothrix","Sterila","Strelitziana","Suillus","Symbiotaphrina","Sympodiella","Syzygospora","Talaromyces","Tausonia","Teichospora","Teratosphaeria","Tetragoniomyces","Thanatephorus","Thyrinula","Tilletia","Tolypocladium","Tomentella","Tomentellopsis","Torula","Toxicocladosporium","Tracylla","Trechispora","Tremella","Trichodelitschia","Trichoderma","Trogia","Tubaria","Tubulicium","Tubulicrinis","Udeniomyces","Umbelopsis","Valsa","Vanrija","Venturia","Vermiculariopsiella","Veronaeopsis","Volvariella","Wilcoxina","Xenoacremonium","Xenopolyscytalum","Xenosonderhenioides","Xerocomus","Xylaria","Yamadamyces","Zanclospora"
"E1_Root",0,0,0,0,0,0,0,0.000106256850770642,0,0,0,0,4.47397266402702e-05,0,0.000178958906561081,0,0,0,0,0,0,0,0,0.00323803771558956,0,0,0,0,0,0,0,0,0,0,0,0,0,0,0,0,0,0,0.000100664384940608,0,0,0,0,1.67773974901013e-05,0,0,0,0,0,0,5.59246583003378e-05,0,0,0.0571326309196251,1.11849316600676e-05,0,0,0,0,1.67773974901013e-05,3.35547949802027e-05,0,0,0,0,0.000274030825671655,0,0,0,0,0,0,0,0,0,0,0.00323803771558956,0,0,0.000397065073932398,0,0,0,0,0,0,0,0,0,0,0,0,0,0,0.00016218150907098,0,0,0.000687873297094154,0,0,0,0,0,0,0,0,0,0,0,0,0,0,0,0,0,0,0,0,0,0,0,0,0,0,0,0,0,0,0,0,0,0,0,0,0,0,0,0,0,0,0,0,0,0,0,3.35547949802027e-05,0,0,0,0,0,0,1.67773974901013e-05,0,0,0,0,0,0,0,0,0.00540791445764266,0,0,0,0,0,0,0,0,1.67773974901013e-05,0,0,0,0,0,0,0,0,0,0.000738205489564459,0,0,0,0,0,0,0,0,0.000173366440731048,0.0690725454667472,0,0,1.67773974901013e-05,0,0,0,0,0,0.0021363219470729,0,0,0,0,0,0.0759009462452184,0,0,0,0,0,0,0,0,0,0,0,0.00141489385499854,0,0,0,0,0,0,0,0,0,0,0,0,0,0,0,0,0,0,0,0,0,0,0,0,0,0,0,0,0,0,0,0,0,0.000150996577410912,0,0,0,0,0,0,0,0,0,0,0,0,0.000257253428181554,0,0,0,8.94794532805405e-05,3.91472608102364e-05,0,0.000352325347292128,0,0,0,0,0.000676688365434087,0,0,0,0,0,0,0,0,0,0,0,0,0,0,0,0,0,1.67773974901013e-05,0,0,0,0,0,0,0,0,0,0,0,0,0,0,0,0,0,0,0,0,0,0,0,0,0,0,0,0,0,0,0,1.11849316600676e-05,0,0,0,0,0.0172863118806344,0,0,0,7.27020557904391e-05,0,0,0,0,0,0,0,0,0.00176721920229067,0,0,0,0,0
"E1_Soil",2.9671829565011e-05,0,0,0,2.9671829565011e-05,0,3.46171344925128e-05,5.43983542025201e-05,0.000380788479417641,0,0,0,0.000558819456807707,0,0.000133523233042549,0.00258639447708345,0,0,0,0,0,0,0,0,0,0,0,0,0,0,9.89060985500366e-06,0,0.000504421102605187,1.48359147825055e-05,0,0,0,1.97812197100073e-05,0,0,1.48359147825055e-05,0.00153798983245307,0.000365952564635135,0,0,0.000138468537970051,0,0.00120665440231045,0.000197812197100073,0,0,0,0,0.000168140367535062,0,0,0,0.0291476272426958,0.000173085672462564,0,7.91248788400293e-05,0,0.000202757502027575,0.000271991771012601,6.92342689850256e-05,0,0,0,0,0.000726959824342769,0,0,9.89060985500366e-06,0,0,0,0,0.000252210551302593,0,0,0,0,0.000128577928115048,0.000247265246375091,0,8.40701837675311e-05,0,0,0,0,0,0,0,0,0,0,0,0,0,0,0,0.00183965343303068,0,0,0,0,0,0,0,0,0,9.89060985500366e-06,0,0,1.48359147825055e-05,0,6.92342689850256e-05,0,0,0,0,0,0,0,0,0,0,0,0.000672561470140248,0,0,0,0,0,0,0,0,0,0.000158249757680059,0,0,1.48359147825055e-05,0,6.42889640575238e-05,0,0,0,0,2.9671829565011e-05,7.41795739125274e-05,0,0,0,0,0,0,5.43983542025201e-05,0.0125660198207822,0,0,1.97812197100073e-05,4.94530492750183e-05,0,0,0,0.000306608905505113,0,0,0,0,0,0,0,0,0.000212648111882579,0,0,0,8.40701837675311e-05,1.48359147825055e-05,0,0,0,0,5.43983542025201e-05,0,0,0,0,0,0,0,0,0.00335786204577374,0.000306608905505113,0,0,0,0,0,0,0,9.89060985500366e-06,0.00222044191244832,0,0,0,0,2.9671829565011e-05,0.0153848436294582,0,0,0,0,0,0,0,3.46171344925128e-05,0,0,0,0.0225753169940458,9.89060985500366e-06,0,0,0,0,5.43983542025201e-05,0,0,0,0,0,0,0,0,0,0,0,0,0,1.48359147825055e-05,0,0,0,0,0,0,0,0,0,0,0,4.94530492750183e-05,0,0.000588491286372718,0,0,0,9.89060985500366e-06,0,0,0,0,0,1.48359147825055e-05,0,0,0.000168140367535062,0,0,5.9343659130022e-05,0.000900045496805333,4.45077443475165e-05,0,0.000143413842897553,0,2.47265246375091e-05,0,0.000128577928115048,0.0219324273534706,0,0,0,0,0,0,0,0,5.9343659130022e-05,0.000113742013332542,0,0,0,0.000128577928115048,0,0,0,0.000440132138547663,0,0,0,0,0,0,0,0,0,0,0,0,0,0,0,0,0.000390679089272645,2.9671829565011e-05,0,0,0,0,0,3.46171344925128e-05,0,0,0.00104840464463039,0,0,0,0,2.47265246375091e-05,0,0,0,0,0.000410460308982652,0,0,0,0.00180998160346567,0,0,0.00072695982434277,0,0,0,0,0,0,0,0,9.89060985500366e-06,0,0
"E2_Root",0,0,0,0,0,0,0,0,0,0,0,0,0,0,0,0,0,0,0,0,0,0,0,0,0,0,0,0,0,0,0,1.8239743184416e-05,0,0,0,0,0,0,0,0,0,0,0.000121598287896106,0,0,0,0,0,0,0,0,0,0,0,0,0,0,0.00858483912546512,0,0,0,0,0,0,4.86393151584426e-05,0,0,0,0,0,0,0,0,0,0,0,0,0,0,0,0,0,0,0,0,0,0,0,0,0,0,0,0,0,0,0,0,0,0.0023954862715533,0,0,0,0,0,0,0,0,0,0,0,0,0,0,0,0,0,0,0,0,0,0,0,0,0,0,0,0,0,0,0,0,0,0,0,0,0,0,0,0,0,0,0,0,0,0,0,0,0,0,0,0,0,0,0,0,0,7.29589727376639e-05,0.000358714949293514,0,0,0,0,0,0,0,0.00707702035555339,9.72786303168851e-05,3.64794863688319e-05,0,0,0,0,0,0,0,0,0,0,0,0,0,0,0,0,0,0,0,0,0,0,0,0,0,2.43196575792213e-05,0.00215228969576108,0,0,0,0,0,0,0,0,0,0,0,0,0,0,0.0033196332595637,0,0,0,0,0,0,0,0,0,0,0,0.00243196575792213,0,0,0,0,0,0,0,0,0,0,0,0,0,0,0,0,0,0,0,0,0,1.21598287896106e-05,0,0,0,0,0,0,0,0,0,0,0,0.000279676062161045,0,0,0,0,0,0,0,0,0,0,0,0,0.000498552980374036,0,0,0,0,0,0,0.000206717089423381,0,0,0,0.0131934142367275,6.68790583428585e-05,0,0,0,0,0,0,0,0,0,0,0,0,0,0,0,0,0,0,0,0,0,0,0,0,0,0,0,0,0,0,0,0,0,0,0,0,0,0,0,0,0,0,0,0,0.275225564824047,0,0,0,0,0,0,0,7.90388871324692e-05,0,0,0,0,0,8.51188015272745e-05,0,0,0.000164157688659744,0,0,0,0,0,0,0,0,0,0,0
"E2_Soil",0,0,0,0,0,9.58285818328175e-06,0,0,0,0,0,0,0.00173928876026564,0,0,0,0,0,0,0,0,0,0,0,0,0,0,3.35400036414861e-05,0,0,0,0,0,4.79142909164087e-05,0,0,0,0,0,0,0,0.00027311145822353,0.000359357181873065,0,0,0,0,0.000301860032773375,0.000167700018207431,0,0,0,0,9.58285818328175e-05,0,0,0,0.04117275018447,4.79142909164087e-05,0,3.35400036414861e-05,0.000637260069188236,0,0,0.000311442890956657,0,0,0,0,0,0,0.00136076586202601,0,0,0,0,0,1.43742872749226e-05,0,0,0,2.39571454582044e-05,0.000134160014565944,0,0,0,0,0,0,0,0,0,0,0,0,0,0,9.58285818328175e-06,6.70800072829723e-05,0,0,0.0016530430366161,0,0,0,0.00246279455310341,0,0,0,0,0,0,0,0,0,9.58285818328175e-06,0.00354565752781425,0,0,0,0,1.91657163665635e-05,0,3.35400036414861e-05,0,0,0,0,0.00021561430912384,0,9.58285818328175e-06,0,0,0,0,0,0,0,0,0,0,4.31228618247679e-05,0,1.91657163665635e-05,0,0,0,0,0,4.31228618247679e-05,0,0,0,0,4.79142909164087e-05,0,5.74971490996905e-05,0,0,9.58285818328175e-06,0,0,0,0,0,0.000541431487355419,0,0,0,0,0,0,0,0,3.35400036414861e-05,0,0,0,3.8331432733127e-05,0,0,0,0,0,0,0,0,0,0,0,0,0,0,0.00403917472425326,0.000469560050980806,0,0,2.39571454582044e-05,0,0,0,9.58285818328175e-06,0,0.00211302022941362,0,0,0,2.39571454582044e-05,0,0.0179439019481951,0,0,0,0,0,0,0,7.18714363746131e-05,0,9.58285818328175e-06,0,0.0308903433538087,0,0,0,0,0,3.35400036414861e-05,0,0,0,0,0,0,0.000828917232853871,0,0,0,0,0,0,8.14542945578948e-05,0,0.000335400036414861,0,0,0,0,0,0,0,0,0,0,0,0.00407750615698638,3.35400036414861e-05,0,0,0,0,0,0,0,1.43742872749226e-05,0,0,0,5.27057200080496e-05,0,0,0,2.39571454582044e-05,0,0,3.35400036414861e-05,0,0,0,0.0129081099728805,0.0114227669544718,0,0,0,0,0,0.000153325730932508,0,0,1.91657163665635e-05,0,0,0,0,1.43742872749226e-05,0,0,0,0.000450394334614242,0,0,2.39571454582044e-05,0,0,9.58285818328175e-06,3.8331432733127e-05,0,0,0,0,0,0,5.27057200080496e-05,0,0,0.000172491447299071,0,0,9.58285818328175e-06,0,0,0,0,0,0,0.124701733539045,0,0,0,0,0,0,0,0.000819334374670589,0,0,0,0,0,0.00300422604045883,0,0,0.000114994298199381,0,0,0,0,0,0,0,0,0,0,0
"E3_Root",0,0,0,0,0,1.80508673441759e-05,0,0,0,0,0,0,0.000929619668225058,0,0,0,0,0,0,3.61017346883518e-05,0,0,0,0.0308444195743605,0,0,0,0,0,0,0,0,5.41526020325277e-05,0.000171483239769671,0,0,2.70763010162638e-05,0,0,0,0,2.25635841802199e-05,3.61017346883518e-05,0,0,0,0,0,0.000153432372425495,0,0,0,0,0,0.000365530063719562,0,0,0.0618603223884907,3.61017346883518e-05,0,0.000514449719309013,0,0,0,7.67161862127476e-05,0,0,0,0,3.15890178523078e-05,0,0,0,0,0,0,0,0,0,0,0,0,9.02543367208794e-06,1.35381505081319e-05,0,0,0,0,0,3.61017346883518e-05,0,0,0,0,0,0,0,0,0,0,0,0.000324915612195165,0,0,0,0,1.80508673441759e-05,0,0,0,0,0,0,0,0,0,0.000130868788245275,0,0,0,1.35381505081319e-05,0.00507229372371342,0,0,0.00211646419610462,0,0,0,5.41526020325277e-05,0,0,0,0,0,0,0,0,6.76907525406596e-05,0,0,0,0,0,0,0,0,0,0,0,2.70763010162638e-05,0,0,1.80508673441759e-05,0,0,0,0.00305962201483781,2.25635841802199e-05,0,0,0,0,0,0,0,0.0118955215798119,2.70763010162638e-05,0,0,0,0,0,0,0,0,0.000879979783028575,0,0,0,0,0,1.35381505081319e-05,0,0,0.0006362930738822,0,0,0,0,0,0,0,0,0.000189534107113847,0.00272568096897056,0,0,0,0,0,0,0,0,0,0,0,0,2.25635841802199e-05,0,0.0166519251250023,0,0,0,0,0,0,0,1.35381505081319e-05,0,0,0,0.000907056084044839,0,0,0,1.35381505081319e-05,0,3.15890178523078e-05,0,0,0,0,0,0,0,0,0,0,0,0,0,0,0,0,0,0,0,0,0,0,0,0,1.35381505081319e-05,0,0,2.25635841802199e-05,0,0,4.06144515243957e-05,0,0,0,1.35381505081319e-05,0,0,0,0,0,9.02543367208794e-05,0,0.000103792487229011,0,2.25635841802199e-05,0,0,0,0,0,0,0,0.000117330637737143,1.80508673441759e-05,0,0,0,0,0,0,0,0,0.00212097691294067,0,0,0,0,0,0,0,2.70763010162638e-05,0,0,0,0,0,0,0,0,0,0,0,0,9.47670535569234e-05,0,0,0,0,0,0,1.35381505081319e-05,0,0,0,0,0,0,0,0,0,0,0,4.06144515243957e-05,0,0,0.000207584974458023,0,0,0,0,0,0.000108305204065055,0,0,0,0,0,0,0,0,0,0,0,0,0,0
"E3_Soil",0,0,7.08744011113106e-05,0,0.000122848961926272,5.19745608149611e-05,0,0,0,0,0,0,0.00842460381209779,0,0,2.36248003704369e-05,0,0,0,0,0,1.88998402963495e-05,0,0.00402094102304835,0,0,0,0,0.000396896646223339,0,0,0,1.41748802222621e-05,2.36248003704369e-05,0,1.41748802222621e-05,0,8.50492813335728e-05,0,9.44992014817475e-06,0,0,0.000392171686149252,0,0,0,0,0.0031420984492681,0.000188998402963495,2.83497604445242e-05,0,0,5.19745608149611e-05,6.14244809631359e-05,6.61494410372233e-05,1.88998402963495e-05,0,0.0741818731631717,0.000448871207038301,0,0.0316714073766076,9.92241615558349e-05,1.41748802222621e-05,5.66995208890485e-05,0.000311847364889766,0,0,0,0,0.00108201585696601,0,0,0,0,0,0,9.44992014817475e-06,0,0,0,0,0,2.83497604445242e-05,9.44992014817475e-06,0,0,0,0,0,7.5599361185398e-05,0,0,0,0,0,9.44992014817475e-06,0,0,0,0,0,0.00257510324037761,2.36248003704369e-05,0,0,0,0,0,0,0,0,0,0,0,0.00125211441963315,0,0.000590620009260922,0,0,0,0,0.00046777104733465,9.44992014817475e-06,0,2.36248003704369e-05,0,0,0,0.00291530036571191,1.41748802222621e-05,0,0,0,1.88998402963495e-05,0,0,0,0,0,0,0,0,2.36248003704369e-05,1.88998402963495e-05,0,0,0,0,0.000240972963778456,1.41748802222621e-05,0,0,9.44992014817475e-06,0,0,0,0.00173406034719007,0.00155451186437475,0,0,0,0,0,9.44992014817475e-05,0,0.000987516655484261,0,0,0,0,4.72496007408737e-05,0,0,0,0,0.0353332514340254,0,0,8.50492813335727e-05,0,0,0,0,0,9.44992014817475e-06,0,0,0,0,0,0,0,0,0.00670471834512998,0,0,0,2.36248003704369e-05,0.000170098562667145,0,0,0,8.50492813335727e-05,0.000491395847705087,0,1.88998402963495e-05,0,3.7799680592699e-05,1.41748802222621e-05,0.0262613280917776,0,0,0,0,0,0,0,9.44992014817475e-06,0,0.000132298882074446,0,0.0586981790003875,1.41748802222621e-05,0,0,2.36248003704369e-05,0,0.000368546885778815,0,5.19745608149611e-05,0,1.88998402963495e-05,0,0,3.30747205186116e-05,0,0,0,0,0,1.41748802222621e-05,7.5599361185398e-05,0,0.00593927481312782,1.88998402963495e-05,0,1.41748802222621e-05,0,0,0,0,0,0,9.44992014817475e-06,0,0.000207898243259844,0,0,0,0,1.41748802222621e-05,0,3.7799680592699e-05,0,0,0,0,0,0.000406346566371514,0,0,0,0.000155923682444883,0,0,0.000340197125334291,0,0,0,4.25246406667864e-05,0.00849075325313501,0.000274047684297067,0,0,8.50492813335727e-05,0,0,0,0,0,0.00165373602593058,0,0,0,2.36248003704369e-05,0,3.30747205186116e-05,0,0.000652044490224058,0,3.7799680592699e-05,0,0,0,0,2.83497604445242e-05,0,0,9.92241615558349e-05,0.000127573922000359,0,6.61494410372232e-05,0,0,0.00030712240481568,0,0.000552820328668223,0,0.000354372005556553,0,0,0,3.30747205186116e-05,0,0,1.88998402963495e-05,0,0,0,0,0.000236248003704368,0,0,0.000779618412224417,0,0,0,0,0,0.00174823522741233,9.44992014817475e-06,0,0,0,0,0,0,0,6.14244809631359e-05,0,0,0,0,0
"E4_Root",0,0,0,0,0,0,0,0,0,0,0,0,2.21404256496831e-05,0,0,4.42808512993662e-05,0,0,0,0,0,0,0,0.0198267511692912,0,0,0,0,0,0,0,0,0,0.000132842553898099,0,0,0,0,0,0,0,0,3.32106384745247e-05,0,0,0,0,3.32106384745247e-05,0,0,0,0,0,0,0,0,0,0.0154706224227161,0,0,0,0.00381368831815792,0,0,0,0,0,0,0,0.000199263830847148,0,0,0,0,0,0,0,0,0,0,0,0,0,0,0,0,0,0,0,0,0,0,0,0,0,0,0.000105167021835995,0,0,0,0,0.000110702128248416,0,0,0,0,0,0,0,0,0,0,0,0,0,0,0,0,0,0,0,0,0,0,0,0,0,0,0,0,0,0,0,0.00150554894417845,0,0,0,0,0,0,0,0,0,0,0,0,0,0,0,0,0,0,0,0,0,0,0.000542440428417236,0.00265131597154955,0,0,0,0,0,0,0,0.0012509340492071,0,0,0,0,0,0,0,0,0,0,0,0,0,0,0,0,0,0,0,0,0,0,0,0,0,0,0,0,0,0,0,0,1.10702128248416e-05,0,0,0,0,0,0,0,0,0,0,0.0176625245620347,1.10702128248416e-05,0,0,0,0,0,0,0,0,0,0,0.000276755320621039,0,0,0,0,0,0,0,0,0,0,0,0,0,0,0,0,0,0,0,0,0,0,0,0,0,0,0,0,0,0,0,1.10702128248416e-05,0,0,0,0,0,0,0,0,0,0,0,0,0,0,0.00105167021835995,0,0,0,0,0,0,0.000188193618022306,0,0,0,0.00613843301137464,0.000238009575734094,0,0,0,0,0,0,0,0,0,0,0,0,1.10702128248416e-05,0,0,0,0,0,0,0,0,0,0,0,0,0,0,0,0,0,0,0,0,0,0,0,0,0,0,0,0,0,0,0,0,0,0,0,0,0,0,0,0,0,0,0,0,0,0,0,0,0,0,0,0,0,0,0,0,0,2.21404256496831e-05,0,0
"E4_Soil",0,0,0,0,0,1.91253956566226e-05,0,0,0,0,0,0,0.00154437569927228,0,0,0.0654279785413061,0,0,0,1.4344046742467e-05,0,0,0,0.000133877769596359,0,0,0,0,9.56269782831132e-06,0,0,0,0.000119533722853892,0,0,0,0,7.65015826264906e-05,0,5.25948380557123e-05,0,0.000186472607652071,1.4344046742467e-05,0,0,0,0,0.00535032943494019,0.00014344046742467,0.000200816654394538,0,0,0,3.34694423990896e-05,4.3032140227401e-05,6.21575358840236e-05,0,0.0231130406510285,4.78134891415566e-05,0,0.00919931531083549,0.0590209709963375,0,0,0.000114752373939736,0,0,0,0,0.00028688093484934,0,0,0,1.4344046742467e-05,0,0,0.000129096420682203,1.4344046742467e-05,0,0,0,0,0,0,0,0,0,0,0,4.78134891415566e-05,0,0,0,0,0,0,1.91253956566226e-05,0,0.000229504747879472,0,0,0.00058332456752699,0,0,0,0,0,0,0,0,0,0,0,0,4.30321402274009e-05,0,0,0,0,0,0,0.000133877769596359,0,0,0,0,0,0,0.00127183881116541,0,0,1.91253956566226e-05,0,0.0960429556386448,0,0,0,0,0.000133877769596359,0,0,5.25948380557123e-05,0,0,0,0,0,0,0,0,0,0,0,0,0,0,0.00181691258737915,0.00660304285044897,0,0,0,0,0,0,0,0.000999301923058533,0,0,0,0,0,0,9.56269782831132e-05,0,0,0,0,0,0.000258192841364406,1.4344046742467e-05,0,0,0,0,0,0,0,0,0,0,0,0,0,0.000635919405582703,3.82507913132453e-05,0,0,0,3.82507913132453e-05,0,0,3.82507913132453e-05,0,0.000181691258737915,0,0,0,0.000176909909823759,0,0.0180687175465942,0,0,0,0,0,0,0,0,0,0,0,0.0153385673166114,0,0,0,0,0,0,0,0,0,0,0,0,0,0,0,0,0,0,0,0.000124315071768047,0,0.000224723398965316,0,0,0,0,0,0,0,0,0,0.00224723398965316,0,0.000449446797930632,0,0,0,0,0,0,0,0,0,0,0,0,0.000530729729471278,0,0,0,1.91253956566226e-05,0,0,9.56269782831132e-05,0,0,0,0.00197469710154629,0.0745507922695151,4.78134891415566e-05,0,0,0,0,0,0,0,4.3032140227401e-05,0,0,0,1.4344046742467e-05,0,0,0,0,0.000277318237021028,0,0,7.1720233712335e-05,0,0,0,1.91253956566226e-05,0,0,0,0,0,0,0,0,0,1.91253956566226e-05,0.000272536888106873,0,4.78134891415566e-05,0,0,0,0,0,0,0.000148221816338826,0,0,0,0,0,0,0,0.000224723398965316,0,0,0,0,0,0.00130052690465034,0,0,0.000138659118510515,0,1.4344046742467e-05,0,0,0,0,0,0,1.91253956566226e-05,0,0
"E5_Root",0,0,0,0,0.000135977777346102,0,0,0,0,0,0,0,0.000267099205501272,0,0,0,0,0,0,0,0,0,0,0,2.91380951455934e-05,0,0,0,0,0,0,0,0,0,0,0,0,0,0,0,0,0,0.000116552380582373,0,0,0,0,0,0,0,0,0,0,0,0,0,0,0.00508945395209697,3.88507935274578e-05,0.000160259523300763,0,0,0,0,0,0,0,0,0,9.71269838186445e-06,0,0,0,0,0,0,0,0,0,0,0,0,0.000199110316828221,0,0,0,0,0,0,0,0,0,0,0,0,0,2.42817459546611e-05,0,0,0,0,6.31325394821189e-05,0,0,0,0,0,0,0,0,0,0.00194253967637289,0,0,0,0,5.82761902911867e-05,0,0,0,0,2.42817459546611e-05,0,0.000718739680257969,0,0,0,9.71269838186445e-06,0,0,0,0,0,0,0,0,0,0,0,0,0,0,0,0,0,0,0,0,0,0,0,0,0,0,0,0,0.000398220633656442,0,0,0,0,0,0,0,0,0.0863313195672022,0,0,0.000286524602265001,0,0,0,0,0,0,0,0,0,0,0,0,0,0,0,0,0,0,0,0,0,0,0,0,3.88507935274578e-05,0.00648808251908546,0,0,0,0,0.000242817459546611,0,9.22706346277123e-05,0,7.28452378639834e-05,0,0,0,0,0,0.031313739583131,0,0,0,0,0,0,0,1.45690475727967e-05,0,0,0,0.000466209522329494,0,0,0,0,0,0,0,0,0,0,0,0.000223392062782882,0.000301093649837798,0,0,0,0,0,0,0,0,0,0,0,0,0,0,0,0,0,0,0.000602187299675596,0,0.00180656189902679,0,0,0,0,0,0,0,0,0,0,0,0.000237961110355679,0.000475922220711358,0,0,0,0,1.94253967637289e-05,0,0,0,0,0,0.00679403251811418,6.31325394821189e-05,0,0,0,0,0,0,0,0,0,0,0,0,0,0,0,0,0,2.91380951455934e-05,0,0,0,0,0,0,0,0,0,0,0,0,0,0,0,0,0,0,0,9.71269838186445e-06,2.91380951455934e-05,0,0,0,0,0,9.71269838186445e-06,0,0,0,0,0,0,0,0,0,0,1.94253967637289e-05,0,0,1.94253967637289e-05,0,0,5.34198411002545e-05,0,0,0,0,0,0,0,0.000213679364401018,0,0,0
"E5_Soil",0,1.45883886152215e-05,0,5.34907582558123e-05,0.00455644004415419,0,0,0,0,0,0,0,0.00209586516438683,0.000179923459587732,0,0,6.32163506659599e-05,0,0,0,0,0,0,0,0,4.86279620507384e-05,0,0,0,0,0,0,3.40395734355169e-05,1.45883886152215e-05,0,0,0,0,0,0,0,0,0.00118652227403802,0,0,0,0,0.00121569905126846,5.83535544608861e-05,3.89023696405907e-05,0,0,0,0.000389023696405907,0,0,0,0.0265265532986778,0.000170197867177584,0.000272316587484135,0,0,0,0,0,0,0,0,0,5.83535544608861e-05,0,0,4.86279620507384e-05,0,0,0.000175060663382658,0,5.34907582558123e-05,0,0,0,0,0.0011524827006025,0,0,0,0,9.72559241014768e-06,0,0,0,0,0,0,2.43139810253692e-05,0,1.94511848202954e-05,0,0,0,0,0.00141021089947141,1.94511848202954e-05,0,0,5.34907582558123e-05,0,0,0,0,0,0.00343799691698721,0,0,9.72559241014768e-06,0,0.000194511848202954,0,2.91767772304431e-05,0,0,0.000248002606458765,0,0,0,0,0,0,0.000291767772304431,0,0,0,0,2.43139810253692e-05,1.45883886152215e-05,0,0,0,3.40395734355169e-05,0,0,3.40395734355169e-05,0,0,0,0,0,0,0,1.45883886152215e-05,0,0,0,0,0,1.45883886152215e-05,0.000709968245940781,0.000213963033023249,0,0,0,0,0,0,0,0.000515456397737827,0,0,0,0,0.000632163506659599,0,0,0,6.80791468710338e-05,0,0,0,0.000393886492610981,0,0,0,0,0,0,0,0,0,0,0,0,0,4.86279620507384e-05,0.00321917108775889,0.0214741080416061,0,0,0,0,0,0,0,0,0.00633622345521122,0,0,0,9.72559241014768e-06,0,0.0319096686976945,0,0,0,0,0,0,0,0,9.72559241014768e-06,0,4.86279620507384e-05,0.0221743506951367,0,0,0,2.91767772304431e-05,0,0.000102118720306551,0,0,0,0,0,0,3.40395734355169e-05,0,0,0,0,0,0,0.000136158293742068,0,0,0,0,0,0,0,0,0,0,0,0.00768321800401667,0,0.00480930544681803,0,0,0,0,0,0,2.43139810253692e-05,3.89023696405907e-05,0,0,0,3.89023696405907e-05,3.89023696405907e-05,0,0,0,4.37651658456646e-05,0,0,1.94511848202954e-05,0,0,9.72559241014768e-06,0.0201173879003905,0.0140680694212786,0.000209100236818175,0,0,0,0,0,0,0,0.000141021089947141,3.40395734355169e-05,0,1.45883886152215e-05,0,0,0,0,0,0.00116707108921772,1.45883886152215e-05,0,6.80791468710338e-05,0,0,0,3.89023696405907e-05,0,0,0,0,0,0,0,0,0,0,3.89023696405907e-05,0,6.80791468710338e-05,6.32163506659599e-05,0,0,0,0,0,1.45883886152215e-05,0,0,0,9.72559241014768e-05,7.29419430761077e-05,0,0,0.00148315284254752,9.72559241014768e-06,0,0,0,0,0.00220284668089846,3.40395734355169e-05,0,0.000165335070972511,0,3.40395734355169e-05,1.45883886152215e-05,0,0,0,0,5.34907582558123e-05,0,0,1.45883886152215e-05
"E6_Root",0,0,0,0,0,0,0,0,0,0,0.0112033949086194,0,0,0,0,0.000201376234657341,0,0,0,1.96464619177894e-05,0,0,0,0.0090668421750598,9.82323095889469e-06,0,0,0,0,0,2.94696928766841e-05,0,0,0,0,0,0,0,1.96464619177894e-05,0,0,3.92929238355788e-05,0.00016699492630121,0,0,0,0,0,0,0,0,0,0,0,0.000569747395615892,0,0,0.034278164431063,0.00062868678136926,0,5.89393857533681e-05,0,0.000451868624109156,0,0,0,0,0,0,0.0016699492630121,0,0,0,0,0,0,0,0,0,0,0.000221022696575131,0,0.000903737248218312,0.000275050466849051,0,0,0,9.82323095889469e-06,0,0,0,0,0,0,0,0,8.84090786300522e-05,0,0,0,0,0.00135560587232747,0,0,0,0,0,1.96464619177894e-05,0,0,0,0,0,0,0,0,8.34974631506049e-05,0,0,0,0,0,0,2.45580773972367e-05,0,0,0,0,0,8.84090786300522e-05,0,0,0,0,0,0,0,0.000162083310821762,1.96464619177894e-05,0,0.00308449452109293,0,0,0,0,0,0,0,0,0,0,0,0,0,0,0,0.00108055540547842,0,0.00016699492630121,0,0,0,0,0,0,0.0786840799807465,0.000176818157260104,0,0,0,0,5.89393857533681e-05,0,0,0,0,0,5.89393857533681e-05,0,0,0,0,0,0,0.00279470920780554,0,0,0,0,0,0,0,0,0,0.0867342177515607,0,0,0,0,0,0,0,9.82323095889469e-06,0,0,0,0,0,0,0.0101375743495793,0,0.000687626167122628,0,0,0,0,0.0101916021198532,0,0,0,0,0.00200885073109396,9.82323095889469e-06,2.94696928766841e-05,0,0,0,9.82323095889469e-06,0,0,0,0,2.45580773972367e-05,0,0,0,0,1.96464619177894e-05,5.89393857533681e-05,1.96464619177894e-05,0,0,0,0,0,0,0,0,0,0,0,0,0,0,0,0,1.96464619177894e-05,0,0,0,0,0,0,0,0,0,0,0,3.92929238355788e-05,0,0,0,0.0047200624757489,9.82323095889469e-06,0,0.000623775165889813,0,0,0,0.000898825632738864,0.00162083310821762,0,0,0,0,0,0,0,0,0,0,0,0,8.84090786300522e-05,0,1.96464619177894e-05,0,0,0,0,0,0,0,0,0,0,0,0,0,0,0,0.00161592149273818,0,0,0,0,0,0,9.82323095889469e-06,0.000997057942327811,0,0,0,0,0,0,0,0,0,0,0.00102161601972505,0,0,0,0,0,0.0211052117151852,0,0,1.4734846438342e-05,0,0,0.000181729772739552,0,0,0,0,0,0,0.000122790386986184,0,5.40277702739208e-05,0,0
"E6_Soil",0,1.2543641419104e-05,0,0,5.43557794827839e-05,0,0,0.000142161269416512,0,8.36242761273598e-06,0,0,0.000108711558965568,0,1.2543641419104e-05,0.00114147136913846,5.01745656764159e-05,4.18121380636799e-05,0,3.76309242573119e-05,0,0,0,0,0,0,0,0,0,0,0,0,0,0,0,0,0,7.94430623209918e-05,0,0,0,0.000301047394058495,0.0001045303451592,0,0,0,0,0.000740074843727134,2.09060690318399e-05,0,0,0,0,2.09060690318399e-05,0,0,0,0.0244099262015764,4.59933518700479e-05,0,0.00509271841615621,0,0,0,0.000158886124641984,0,0,0,0,0.000246691614575711,0,0,0,0,0,0,0,0.0047414964564213,0,0,0,0,0,0.000255054042188447,0,0,0,0,0,0,0,0,0,0,0,0,7.94430623209918e-05,0,0,0,0,0.00163903581209625,0,0,0,0,0,0,0,0,0,1.2543641419104e-05,0,0,0,0,5.43557794827839e-05,0,0,0,0,3.34497104509439e-05,0,0,0,0,0,0,0.00016724855225472,0.00355821294921916,0,0,1.2543641419104e-05,0.0043108314343654,0,0,0,0,5.85369932891518e-05,0,0,3.76309242573119e-05,0,0,0,0,0,0,0,8.36242761273598e-06,0,0,0,0,0,0,0.000330315890703071,0,0,0,0,0,0,6.27182070955198e-05,0.0023247548763406,0.000577007505278782,0,0,0,0,0,1.6724855225472e-05,0,0,0,0,0,0,5.01745656764159e-05,0,0,0,0,0,0,0,0,0,0,0,0,0,0,0.000485020801538687,0.000288503752639391,0,0,0,0,0,0,0,0,0.000459933518700479,0,0,0,0.000250872828382079,0,0.028917274684841,0,0,0,0,0,0,3.34497104509439e-05,8.36242761273598e-06,0,0,0,0.0121380636798863,0,0,0,0,0,0,0,0,0,0,0,0,0,0,0,0,4.18121380636799e-05,0,0,5.85369932891518e-05,0,2.09060690318399e-05,0,0,0,0,0,0,0,8.36242761273598e-06,0,1.2543641419104e-05,0,7.94430623209918e-05,0,0,0,0,0,0,0,0,0,0,0,0,0,0,0,0,0.0391654297242489,0.000137980055610144,0,6.68994209018878e-05,0,0,0,0.00195262684757385,0.0442748729956306,0,0,0,0,0,0,0,2.92684966445759e-05,0,0,0,0,9.61679175464637e-05,0,0,0,0,0.000443208663475007,0,0,6.27182070955198e-05,0,0,0,0,0,0,0,0,0,0,0,0,0,7.52618485146238e-05,1.2543641419104e-05,0,0,2.09060690318399e-05,0,0,0,0,0,0,0,0,0,0,8.36242761273598e-06,0,0,0,0,0,0.0859908431417641,0,0,0.000974222816883742,4.59933518700479e-05,0,1.2543641419104e-05,0,2.09060690318399e-05,0,0,0,0,0,0,0,0,0
"E7_Root",0,0,0,0,0,0,0,0,0,0,0,0,0.0848831188572677,0,0,0,0,0,0,0,0,0,0,0.0472369877394745,0,0,0,0,0.00014725931415162,0,0,9.50060091300775e-06,0,0,0,0,0,0,0,0,0,0,2.37515022825194e-05,0,0,0,0,0,3.8002403652031e-05,0,0,0,0,0,0.00233714782459991,0,0,0.0292285987088683,0,0,0,0,0,0,0,0,0,0,0,6.17539059345504e-05,0,0,0,0,0,0,0,0.000888306185366224,0,0,0,0,0,0,0,0,0,0,0,0,3.32521031955271e-05,0,0,2.37515022825194e-05,0,0,0,0,0,8.55054082170697e-05,0,0.000422776740628845,0,0,0,0,0,0,0,0,0,1.42509013695116e-05,0,0,0,0,3.32521031955271e-05,0,0,0,0,0,0,0,0,0,0,0,0,0,0,0,0,0,0,0,0,0,0,0,0,0,0,0,0.000266016825564217,0,0,0,0,1.90012018260155e-05,0,0,0,0,0,0,0.000190012018260155,3.8002403652031e-05,0,0,0,0,0,0,0,0.0260553980039237,0,0,0,0,0,0,0,0,0,0,0,0,0,0,0,0,0,0,0,0,0,0,0,0,0,0,0,0.000128258112325605,0.0213763520542674,0,0,0,0,0,0,0,0,0,0,0,0,0,0,0.0158612532242665,0,0,0,0,0,0,0,0,0,0,0,0.00264591735427265,0,0,0,0,0,0,0,0,0,0,0,0,0,0,0,0,0,0,0,0,0.000266016825564217,0,0,0,0,0,0,0,0,0,0,0,3.8002403652031e-05,1.90012018260155e-05,0,0,0,0,0,0,0,0,0,0,0,0,0.000698294167106069,4.75030045650387e-05,0,0,0,0,0,0,0.00101656429769183,0,0,0,0.000237515022825194,0,0,0,0,0,0,0,0,0.0208205669008565,0,0,0,0,0,0,0,0,1.42509013695116e-05,0,0,1.42509013695116e-05,0,0,0,0,0,0,0,0,0,0,0,0,0,0,0,0,1.90012018260155e-05,0,0,0,0,0,0,0,0,0,0,0,0,0,0,0,0,0,0,0,0,0.000194762318716659,0,0,0.00170535786388489,0,0,0,0,0.000185261717803651,0,0,0,0,0,0
"E7_Soil",0,0,0,7.67087892123218e-05,0,0,0,0,0,0,8.07460939077072e-06,8.07460939077072e-06,0.000508700391618555,0,3.63357422584682e-05,0,3.22984375630829e-05,6.45968751261658e-05,0,0,8.07460939077072e-06,0,0,0.000738826759255521,0,3.22984375630829e-05,0,0,0.000298760547458517,0,0,0,0,3.22984375630829e-05,0,0,0,0,0,0,0,3.22984375630829e-05,0,0,0,0,0,0.00133634785417255,7.26714845169365e-05,2.82611328676975e-05,0,0,5.65222657353951e-05,6.45968751261658e-05,0,0,0,0.0274778957567928,0.000137268359643102,0,1.61492187815414e-05,6.05595704307804e-05,0,0,0.000302797852153902,0,0,0,0,0.000847833986030926,0,0,0,0,0,0,0,0.000597521094917033,0,0,0,0,1.21119140861561e-05,0,0,0,1.21119140861561e-05,0,0,0,0,0,0,8.07460939077072e-06,6.45968751261658e-05,0,0,0,0,0,0,0.00194194355848036,0,0,0,0,0,0,0,0,3.63357422584682e-05,0,0,0,0,0,0,0,0,0,0,6.05595704307804e-05,0,0,0,0,0,0,0.00199442851952037,8.07460939077072e-06,0,0,1.21119140861561e-05,0,1.61492187815414e-05,8.07460939077072e-06,0,0,4.84476563446243e-05,0,0,0,0,1.61492187815414e-05,0,0,0,0,0,0,0.000759013282732448,0,0,0,0,0,0.00230126367636966,0.0392547135532318,0,0,0,0,0,0,1.61492187815414e-05,4.03730469538536e-05,0,0,0,0,0,1.61492187815414e-05,0,0,0,0,0,0,0.000274536719286205,6.45968751261658e-05,0,8.07460939077072e-06,0,0,2.01865234769268e-05,0,0,0,0,0,0,0,0,0.00625378497315192,0.00140094472929872,0,1.61492187815414e-05,0,0,0,0,0,0,0.0024546812547943,0,0,0,0,0,0.00898704025192781,0,0,0,0,0,0,0.000201865234769268,1.21119140861561e-05,0,0,1.21119140861561e-05,0.0446122168840083,0,0,0,0,0,0,0,0,0,0,0,0,0,0,0,0,0,0,0,8.47833986030926e-05,8.07460939077072e-06,0,0,0,0,0,0,0,0,0,0,0.000734789454560136,0,0.000173604101901571,0,0,0,0,0,0,8.07460939077072e-06,0,0,0,0,0,6.86341798215511e-05,0,0,0,0.000218014453550809,0,0,0.000161492187815414,1.21119140861561e-05,0,0,0.0153054221002059,0.0263313012233033,0.000117081836166175,0,0,0,0,0.000985102345674028,0,1.61492187815414e-05,0.000109007226775405,0,0,0,2.01865234769268e-05,1.61492187815414e-05,0,0,0,0.000993176955064799,0,0,0,0,0,0,4.03730469538536e-05,0,9.28580079938633e-05,0,5.24849610400097e-05,0,0,0,0,0,0,2.42238281723122e-05,0,0.00530501836973636,0,0,0,0,0,0,0.00166740683919415,0,0,0,0,4.03730469538536e-05,0,0,0.000181678711292341,0,0,4.03730469538536e-05,0,0,0.00352052969437603,0,0,0,0,7.26714845169365e-05,0,0,0,0,0,0,0,0,0
"E8_Root",0,0,0,0,0,0,0,0,0,0,0,0,7.12297821895017e-05,0,0,0,0,0,0,0,0,0.000203513663398576,0,0.00047316926740169,2.03513663398576e-05,0,0,0,0,0,0,0,0,8.6493306944395e-05,0,1.52635247548932e-05,0,0,0,0,0,0,0.00292042106976958,0,0,0.000885284435783807,0,0,0.000249304237663256,0,0,0,0,0,5.59662574346085e-05,0,0,0.0206108462606908,3.56148910947509e-05,0,0,0,0,0,1.01756831699288e-05,0,0,0,0,0,0,0,0,0,0,0,0,0,0,0,0,0,0,0,0,0,0,0,0,7.63176237744662e-05,1.01756831699288e-05,0,0,0,0,0,0,0,0,0,0,0.000147547405963968,0,0,0,1.52635247548932e-05,0,0,0,0,0,0,0,0,0,0,2.03513663398576e-05,0,0,0,0,0,0,0.00012719603962411,0,0,0,0,0,0,0,0,0,0,0,0,0,0,0,0,0,0,0,1.52635247548932e-05,0,0,0,0,0,0.000188250138643683,0,0,0.000681770772385231,0,0,0,0.000361236752532473,0,0,0,0,0,0,0,0,0.0425699705413972,9.66689901143238e-05,0,0,0,0,0,0,0,0,0,0,0,0,2.54392079248221e-05,0,0,0,0,0.00263550194101156,0,0,0,0,0,0.00628857219901601,0,0,0.000147547405963968,0.043317883254387,0,0,0,0,0,0,1.01756831699288e-05,0,1.01756831699288e-05,0,0,0,0,0,0.0125924079227869,0,0,0,0,0,0,2.03513663398576e-05,0,0,0,0,0.0013431901784306,0,0,0,0,0,8.14054653594306e-05,0,0,0,0,0,0,1.52635247548932e-05,0,0,0,0,0,0,0,0,0,0,0,0,0,0,0,0,0,0,0,0,0.000167898772303826,0,0,0,0,0,0,0,0,0,0,0,0,0.00478765893145151,0,0,2.03513663398576e-05,0,0.000987041267483096,0,1.01756831699288e-05,6.10540990195729e-05,0,0,0,0.000223865029738434,0,0,0,0,0,0,0,0,2.54392079248221e-05,0,0,0,2.03513663398576e-05,0,0,0,0,6.10540990195729e-05,0,0,6.10540990195729e-05,0,0,0,0,0,0,0,0,0,0,0,0,0.000885284435783807,0,0,0,0.000442642217891904,0,0,0,0,0,0,0,0,0,0,4.07027326797153e-05,0,0,0,5.08784158496441e-05,0,0,0,0,0,8.64933069443949e-05,0,0,0.00807949243692348,0,0,0,0,0,0.0173342762799737,0,0,0,0,0
"E8_Soil",0,0,0,0,0,0,0,0,0,0,0,0,0.00211183229465663,0,2.58591709549792e-05,0,3.0169032780809e-05,0,0,0.000150845163904045,0,0.0054261160387198,0,0,2.15493091291493e-05,0,3.0169032780809e-05,0,3.0169032780809e-05,0,1.72394473033195e-05,0,1.29295854774896e-05,0,1.29295854774896e-05,1.72394473033195e-05,0,3.44788946066389e-05,0,0,0,0.000362028393369709,0.00117659227845155,0,0,0.000788704714126865,0,0.00121107117305819,1.72394473033195e-05,0,0,0,0,3.0169032780809e-05,0,0.000280141018678941,0,0.0879944488979683,0.000103436683819917,0,0,0.000689577892132778,5.17183419099584e-05,0,0,0,0,0,0,0.000103436683819917,0.000107746545645747,0,0,0,8.61972365165973e-06,0,1.72394473033195e-05,0.00211183229465663,0,0,0,5.60282037357882e-05,0,0,0,8.61972365165973e-06,0,0,0,0.0003318593605889,6.4647927387448e-05,0,0,0,0,0,0,8.61972365165973e-06,0,0,0,0.00224974787308319,0,0,0,1.72394473033195e-05,0,0,0,0,0,8.18873746907674e-05,0,1.29295854774896e-05,0,0,8.18873746907674e-05,0,0,0,0,0.00030600018963392,0,0,0,0,0,0,0.00237042400420643,0,0,0,0,0,1.72394473033195e-05,0,0,0,0,0,0,6.4647927387448e-05,2.58591709549792e-05,6.03380655616181e-05,0,0,0,0,0,0.000564591899183712,0,0,0,0,0,0,0.00568470774826959,0,0,0,0,0,0,0,0,0.000193943782162344,8.61972365165973e-06,0,0,0,0,0,0,0,2.15493091291493e-05,0,0,0,0.000159464887555705,4.30986182582986e-05,0,0,8.61972365165973e-06,2.15493091291493e-05,3.87887564324688e-05,0,0,2.58591709549792e-05,0,0,0.000797324437778525,0,0,0.00627946868023411,0.00234456483325145,0,3.87887564324688e-05,3.87887564324688e-05,0,0,0,0,0,0.000491324248144604,0,0,0,8.61972365165973e-06,0,0.0272038478446381,0,0,0,0,0,0,0,0,0,3.87887564324688e-05,0,0.052817356675545,0,0,0,3.0169032780809e-05,0,0,0,0,0,0,0,0,0.000168084611207365,0,0,0,0,0,0,0.000142225440252386,0,0,0,0,0,0,0,0,0,0,0,5.17183419099584e-05,0,0.000396507287976348,0,2.15493091291493e-05,0,0,0,1.29295854774896e-05,0,0,0,0,0,0,0.000193943782162344,0,0,0.000568901761009542,7.32676510391077e-05,0.000120676131123236,0,6.89577892132778e-05,0,0,0,1.72394473033195e-05,0.0089472731504228,0.000103436683819917,0,0,0,0,0,0,0,3.87887564324688e-05,0,0,1.29295854774896e-05,0,0,0,0,3.44788946066389e-05,0.00240059303698723,0,0,0.000198253643988173,0,0,0,5.17183419099583e-05,0,2.15493091291493e-05,0,0.000409436873453837,0,0,0,0,4.74084800841285e-05,0.000137915578426556,0,0,0.0077793005956229,0,0,0,0,0,0,0.000310310051459751,2.58591709549792e-05,0,0,0,0.000172394473033194,0,0,0.000482704524492945,0,0,0,0,0,0.00610707420720092,0,0,0.0167093342987424,0,1.29295854774896e-05,0,0,0,0.0026548748847112,0,0,0,1.29295854774896e-05,0
"E9_Root",0,0,0,0,0,0,0,0,0,0,0,0,1.36873802354229e-05,0,0,1.36873802354229e-05,0,0,0,0,0,0,0,1.82498403138973e-05,0,0,0,0,0,0,0,2.28123003923716e-05,0,5.01870608632174e-05,0,0,0,0,0,0,0,0,0,0,0,0,0,4.56246007847431e-05,0,0,0,0,0,0,0.00016881102290355,0,0,0.0127155762387079,0,0,0,0,0,1.36873802354229e-05,1.36873802354229e-05,0,0,0,0,0.00286522492928187,0,0,0,0,0,0,0,0,0,0,0,0,0,0,0,0,0,0,0,0,0,0,0,0,0,0,0,0,3.19372205493202e-05,0,0,1.82498403138973e-05,0,0,0,0,0,0,0,0,0,0,0,0,0,0,0,0,0,0,0,0,0,0,0,0,0,0,0,0.00116798978008942,0,0,0,0,0,0,0,0,0,0,0,0,0,0,0,0,0,0,0,0.00128205128205128,0,0,0,0,0,0,0,0.000510995528789123,0,0,0,0,0,0,0,0.0619308331052103,0,0,0,0,0,0,0,0,0,0,0,0,0,0,0,0,0,0,0,0,0,0,0,0,0,0,0,3.64996806277945e-05,0.00192992061319464,0,0,0,0,0,0,0,0,0,0,0,0,0,0,0.00515557988867597,0,0,0,0,0,0,0,0,0,0,0,0.00340815767862032,0,0,0,0,0,0,0,0,0,0,0,0,0,0,0,0,0,0,0.000196185783374395,0,0,0,0,0,0,0,0,0,0,0,0,0.000848617574596222,0,9.12492015694863e-06,0,0,0,0,0,0,0,0,0,0,1.82498403138973e-05,0,0.0193083310521033,0,0,0,0,2.28123003923716e-05,0,0,0,0,0,0.00792043069623141,0.000278310064786933,0,1.82498403138973e-05,0,0,0,0,0,0,0,0,0,0,1.36873802354229e-05,0,0,0,0,1.82498403138973e-05,0,0,0,0,0,0,0,0,0,0,7.2999361255589e-05,0,0,0,0,0,0,0,0,0,0.00016881102290355,0,0,0,0,0,3.64996806277945e-05,0,0,0,0,0,0,0,0,0,0,0,0,0,0.000173373482982023,0,0,0.000387809106670316,0,0,0,0,0,0,0,0,0,0,0
"E9_Soil",7.17077193359865e-06,7.17077193359865e-06,0,0.000114732350937578,0,0,0,0,0,0,0,0,0.0100964468825069,0,0.000136244666738374,0.000243806245742354,1.43415438671973e-05,2.86830877343946e-05,0,0,0,0,0,0,0,0,0,0,0,0,0,0,0,2.1512315800796e-05,0,7.17077193359865e-06,0,6.09515614355885e-05,0,0,0,0.000143415438671973,8.60492632031838e-05,0,0,0,7.17077193359865e-06,0.00142698361478613,7.17077193359865e-05,5.37807895019898e-05,0,0,0,0.000129073894804776,2.50977017675953e-05,0,0,0.0337456527195152,0.000491197877451508,0,3.22684737011939e-05,0,0,0.000882004947832634,0.000677637947725073,7.17077193359865e-06,0,0,6.45369474023879e-05,0.0334337241404037,0,0,0,0,0,0,0,0,1.43415438671973e-05,0,0,0,7.17077193359865e-06,0,0,1.43415438671973e-05,0,0,0,0,0,0,0,0,0,0,0,0,0.000304757807177943,0,0,0.000354953210713133,0,0,0,5.01954035351906e-05,0,0,0,7.52931053027858e-05,0,7.17077193359865e-06,0,0,5.01954035351906e-05,0,0,0,0,0,0,0.000623857158223083,0,0,0,0,1.43415438671973e-05,0,0.000154171596572371,0.0505252590441361,0,0,0,0,1.43415438671973e-05,0,0,0,1.0756157900398e-05,0,0,7.88784912695852e-05,0.000100390807070381,1.79269298339966e-05,0,0,0,0,0,0.000806711842529848,0,0,0,0,0,0,0.000175683912373167,0.0385644114588935,7.17077193359865e-06,0,0,0,0,0.000164927754472769,0,0.00481517335341149,0,0,0,1.0756157900398e-05,3.22684737011939e-05,0,0,0,0.00010397619303718,0,0,0,2.1512315800796e-05,0,0,0,0,0,0,0,0,0,0,0,0,0,1.0756157900398e-05,0.00237352551002116,0.000139830052705174,0,0,0,7.17077193359865e-06,0,0,1.79269298339966e-05,0,0.000415904772148722,0,0,0,0,0,0.0201964791509806,0,0,2.86830877343946e-05,1.0756157900398e-05,0,0,0,0,0,0,0,0.0839303000968054,0,0,0,1.43415438671973e-05,0,0.000182854684306766,0,0,0,0,0,0,7.17077193359865e-06,0,7.17077193359865e-06,0,0,0,0.000154171596572371,0,1.0756157900398e-05,0,0,7.52931053027858e-05,0,0,0,0,2.50977017675953e-05,0,0,0.000254562403642752,0,0.000892761105733032,0,0,0,0,0,0,0,2.50977017675953e-05,0,0,0,0,1.0756157900398e-05,0,0,0.000125488508837976,0.000200781614140762,6.45369474023879e-05,0,0.00016134236850597,0,0,0,0.0347997561937543,0.0322792298590943,3.22684737011939e-05,0.00048044171955111,0,0,0,0,9.32200351367825e-05,0,0,0,0,0,0.000204367000107561,0,0,0,0,0.000778028754795454,0,0,0,0,0.00015775698253917,0,0,0,0,0,0.000831809544297444,0,5.73661754687892e-05,0,0,2.1512315800796e-05,5.73661754687892e-05,9.32200351367825e-05,0,1.79269298339966e-05,2.1512315800796e-05,0,0,0,0,6.09515614355885e-05,0.000118317736904378,0,0,0,0,0,0,0,0.000197196228173963,0,0,0,0,7.17077193359865e-06,0.00611308307339285,0,7.88784912695852e-05,0.00238428166792155,1.0756157900398e-05,1.79269298339966e-05,0,0,0,0,0,0,0,0,0
"P1_Root",0,0,0,0,0,0,0,0,0,0,0,0,0,0,0,0,0,0,0,0,0,0,0,0,0,0,0,0,0,0,0,0,0,2.14328962808567e-05,0,0,0,0,0,0,0,0,0,0,0,0,0,0,0.000332209892353278,0,0,0,0,0,0.000401866805266062,0,0,0.0222098387710377,0,0,0,0.000176821394317068,0,0,2.14328962808567e-05,0,0,0,0,0,0,0,0,0,0,0,0,0,0,0,0,0,0,0.00100734612520026,0,0,0,0,0,0,0,0,0,0,0,0,1.60746722106425e-05,0,0,0,0,0.00305418772002207,0,0,0,0,0,0,0,0,0,0,0,0,0,0,0,0,0,0,0,0,0,1.60746722106425e-05,0,0,0,0,0,0,0,0,0,0,0,0,0,0,0,0,0,0,0,0,0,0,0,0,0,1.07164481404283e-05,0,0,0,0,0,0,1.07164481404283e-05,0,0,0,0,0,0,0,1.60746722106425e-05,0.0079408880720574,0,0,0,0,0,0,0,0,0,0,0,0,1.07164481404283e-05,0,0,0,0,0,0,0,0,0,0,0,0,0,0,0.000139313825825569,0.00251836531300066,0,0,0,0,0,0,0,0,0,0,0,0,0,0,0.0406367713485042,0,0,0,0,0,0,0,0,0,0,0,0.00230403635019209,0,0,0,0,0,0,0,0,0,0,0,0,0,0,0,0,0,0,0,0,0,0,0,0,0,0,0,0,0,0,0,0,0,0,0,0,0,0,0,0,0,0,0,0,0,0,0,0,0,0,0,0,0,0,0,0,0,0.0810967213026914,0.000696569129127842,0,0,0,0,0,0,0,0,0,0,0,0,0,0,0,0,0,0,0,0,0,0,0,0,0,0,0,0,0,0,0,0,0,0,0,0,0,0,0.000332209892353278,0,0,0,0,0,0,0,0,0,0,0,0,0,0.000182179618387282,0,0,0,0,0,0.000251836531300066,0,0,0.0217704643972802,0,0,0,0,0,0.000369717460844778,0,0,0,0,0
"P1_Soil",0,2.03661839881061e-05,0,0,0,0,2.54577299851327e-05,0,0,0,0,0,0.000442964501741309,0,0,0,0,0,0,0,0,0,0,0,0.000224028023869168,2.03661839881061e-05,0,0,0,0,0,0,0,0,1.52746379910796e-05,0,0,0,0,0,0,0,0,0,0,0,0,9.16478279464777e-05,6.10985519643184e-05,0,1.52746379910796e-05,0,0,0,0,1.01830919940531e-05,0,0.0408189242581617,0.000498971507708601,0,0,0,0,2.54577299851327e-05,0.000269851937842406,0,0,0,0,0.000860471273497484,0,0,0,0,0,0,0,0,0,0,0,0,0,2.54577299851327e-05,2.03661839881061e-05,6.6190097961345e-05,0,0,0,0,0,0,0,0,1.01830919940531e-05,0,5.09154599702654e-05,0,0,0,0,0.00269851937842407,0,0,0,0,0,0,0,0,0,4.58239139732388e-05,0,0,0,0,0.000239302661860247,0,0,0,0,6.6190097961345e-05,0,0.00013238019592269,0,0,0,0,2.54577299851327e-05,0,2.03661839881061e-05,0,0,0,0,0,0,0,0,0,0,0,0,0,0,0,0,0,0,0.000112014011934584,0,0,0,0,0,0,0,0,0,0,0,0.000381865949776991,0,0,0,0.000580436243661025,0,0,1.01830919940531e-05,0,0,0,0,0,0,0,0,0,2.03661839881061e-05,2.54577299851327e-05,0,0,0,0,2.03661839881061e-05,0,0,0,0,0,0,0,0,0.000259668845848354,0.000799372721533166,0,0,0,0,0,0,0,0,0.000325858943809698,0,0,0,0,0,0.00177694955296226,0,0,0,0,0,0,0,3.05492759821592e-05,0,0.00770860063949818,0,0.00549886967678866,0,0,0,0,0.000325858943809698,0,0,0,0,0,0,0,0,0,0,0,0,0,0,2.03661839881061e-05,0,0,0,0,0,0,4.58239139732388e-05,1.52746379910796e-05,0,0,0,0.000183295655892955,0,0.0002494857538543,0,0,0,0,0,0,6.10985519643184e-05,0.000208753385878088,0,0,0,0,0,0,0,0,0,6.6190097961345e-05,0,0,0,0,0,0.00231156188265005,0.0327029999389014,2.03661839881061e-05,1.01830919940531e-05,0,0,3.56408219791858e-05,0,0,0,7.6373189955398e-05,0,0,0,0,0,0,0,0,0.000310584305818619,0,0,0,0,0,0,0,0,0,0,0,0,0,0,0,1.52746379910796e-05,0,0,0,2.54577299851327e-05,8.65562819494511e-05,0,0,0,0,1.52746379910796e-05,0,0,0,0,0,0,1.52746379910796e-05,0,2.54577299851327e-05,0,0,0,0,0,0.00154273843709904,0,0,0.00175658336897415,0,0,0,0,0,8.65562819494511e-05,0,0,0,0,0
"P2_Root",0,0,0,0,0,0,0,0,0,0,0,0,0,0,0,0,1.11959515439217e-05,0,0,0,0,0,0,0,0,0,0,0,0,0,0,0,2.79898788598043e-05,6.15777334915695e-05,0,0,0,0,0,0,0,0,0.000117557491211178,0,0,0,0,4.47838061756869e-05,0,0,0,0,0,0,1.67939273158826e-05,0,0,0.0148738216261,0,0,0,0,0,0,0.000167939273158826,0,0,0,1.11959515439217e-05,0,0,0,0,0,0,0,0,0,0,0,0,0,0,0,0,0,0,0,0,0,0,0,0,0,0,0,0,0,0.00637049642849146,0,0,0.000212723079334512,0,0,0,0,0,0,0,0,0,0,0,0,0,0,0,0,0,0,0,1.11959515439217e-05,0,0,0,0,0,0,0,0,0,0,0,0,0,0,0,0,0,0,0,0,0,0,0,0,0,0,0,8.95676123513737e-05,0,0,0,0,0,0,0,0.00165140285272845,0,0,0,0,0,0,0,0.0296412817125327,0,0,0,0,0,0,0,0,0,0,0,0,5.59797577196086e-05,0,0,0,0,0,5.03817819476477e-05,0,0,0,0,0,0,0,0,0.000123155466983139,0.0699579032221948,0,0,0,0,0,0,0,0,5.59797577196086e-05,0,0,0,0,0,0.0193969860498443,0,0,0,0,0,0,0,0,0,0,0,0.00429924539286593,0,0,0,0,0,0,0,0,0,0,0,0,0,0,0,0,4.47838061756869e-05,0,0,0,0,0,0,0,0,0,0,0,0,0,0,0.000240712958194317,0,0.00124275062137531,0,0,0,0,0,0,0,0,0,0,0,0,0.00537965471685439,0,0,0,0,0.000442240085984908,0,0,0,0,0,0.0602678071609306,0.000526209722564321,0,0,0,0,4.47838061756869e-05,0,0,0,0,0.000184733200474708,0,0,0,0,0,0,0,1.67939273158826e-05,0,0,0,0,0,0,0,0,0,0,0,0,0,0,0,0.000145547370070982,0,0,0,0,0,0,0,0,0,0,0,0,0,0,0,0,0,0,0,0,0,0,0,0,5.59797577196086e-05,0,0,7.83716608074521e-05,0,0,0,0,0,0.000106361539667256,0,0,0,0,0
"P2_Soil",0,0,0,6.72338213014675e-05,0,0,0,0,0,0,0,0,9.41273498220545e-05,0,0,0,1.34467642602935e-05,0,0,0,0,0,4.48225475343117e-05,0.000125503133096073,0.000259970775699008,0,0,0,3.13757832740182e-05,0,0,0,0,1.34467642602935e-05,2.24112737671558e-05,0,0,0,0,0,0,1.79290190137247e-05,0.000129985387849504,0,0,2.6893528520587e-05,0,0.00104884761230289,1.79290190137247e-05,0.000107574114082348,0,0,1.79290190137247e-05,5.3787057041174e-05,3.58580380274493e-05,0,0,0.0564450341099588,4.48225475343117e-05,0,5.3787057041174e-05,0,0,0,6.72338213014675e-05,0,0,4.03402927808805e-05,3.13757832740182e-05,3.58580380274494e-05,0,0,0,0,0,2.24112737671558e-05,0,0.000112056368835779,0,8.96450950686233e-06,0,0,0,0,0,2.24112737671558e-05,0,0,0,3.13757832740182e-05,0,0,0,0,0,0,0,0,0.00141639250208425,0,0,0.0042850355442802,0,0,0,0,0,0,0,0,0,3.13757832740182e-05,0,0,0,0,0.000277899794712732,0,0,0,0,0.00015239666161666,0,0,0,0,0,0,0.000318240087493613,0,0,0,0,0,0,0,0,0,0,0,0,2.6893528520587e-05,0,0,0,0,0,0,0,4.93048022877428e-05,0,0,0,0,0,0,0.000842663893645059,0.0223574867101147,0,0,0,3.58580380274493e-05,0,0,0,0.0006902672320284,0,0,0,0,0,1.79290190137247e-05,0,0,0,0,0,0,7.17160760548987e-05,3.58580380274493e-05,8.96450950686233e-06,0,0,8.96450950686233e-06,0.000156878916370091,0,0,0,0,0,0,0,0,0.000856110657905353,0.197030954451327,1.34467642602935e-05,0,0,0,0,0,0,2.24112737671558e-05,0.00269383510681213,0,0,0,0,0,0.0049753027763086,0,0,0,0,0,0,0,0,0,0,0,0.0103315972066588,0,0,8.96450950686233e-06,0,0,0,0,8.96450950686233e-06,0,0,0,8.96450950686233e-06,0,0,0,0,0.000174807935383815,0,0,0,0,0.000107574114082348,0,0,0,0,0,0,0,0,0,0.000596139882206345,0,0.00304345097757977,0,0,0,0,0,0,3.13757832740182e-05,2.24112737671558e-05,0,0,0,0,9.86096045754857e-05,0,0,0,4.48225475343117e-05,0.000125503133096073,0,6.72338213014675e-05,0,0,0,0.0502684870597305,0.0099954281001515,0,0,0,0,0,0,0,0,0,0.000376509399288218,0,0,0.00065440919400095,4.48225475343117e-05,0,0,0,0.000215148228164696,0,0,3.58580380274493e-05,0,0,0,0,0,0,0,0,0,0,4.48225475343117e-05,0,0.000125503133096073,0,2.24112737671558e-05,0,0.000779912327097023,3.58580380274493e-05,0,0,0,0,0,0,0,0,0,0,0.000121020878342641,0,0,0,0,0,0,0,0,0.000739572034316143,0,0,0.00038547390879508,0,0,0,0,0,0.000251006266192145,0,0,0,0,0
"P3_Root",0,0,0,0,0,0,0,0,0,0,0,0,3.20931128179893e-05,0,0,0,0,0,0,0,0,0,0,0.000181860972635272,0,0,0,0,0,0,0,0,1.60465564089946e-05,0,0,0,0,0,0,0,0,0,1.06977042726631e-05,0,0,0,0,0,0,0,0,0,0,0,0,0,0,0.0252251866749396,2.13954085453262e-05,0,0,0,0,0,0,0,0,0,0,0,0,0,0,0,0,0,0,0.0246261152356704,0,0,0.0191809837608849,0,0,0,0,0,0,0,0,0,0,0,0,0,0,0,3.20931128179893e-05,0,0,0,0,0.000176512120498941,0,0,0,0,0,0,0,0,0,2.67442606816577e-05,0,0,0,0,0,0,0,0,0,0,0,0,0,0,0,0,0,0,0,0,0,0,0,0,0,0,0,0,0,0,0,0,0,0,0,0,0,0,0,0,0,0,0,0,0,0,0,0,0,0,0,4.81396692269839e-05,0,0.000406512762361197,0.0035783820792058,0,0,0,0,0,0,0,0,0,0,0.000144419007680952,0,0,0,0,0,0,0.000181860972635272,0,0,0,0,0,0,0,0,2.67442606816577e-05,0.00384582468602238,0,0,0,0,0,0,0,0,0,0,0,0,0,0,0.0723325274396115,1.06977042726631e-05,0,0,0,0,0,0,0,0,0,0,0.0012890733648559,0,0,0,0,0,0,0,0,0,0,0,0,0,0,0,0,0,0,0,3.20931128179893e-05,0,0,0,0,0,0,0,0,0,0,1.06977042726631e-05,0,0,0,0,0,0,0,0,0,0,0,0,0,0,0,0.00236954149639487,0,0,0,0.000117674746999294,0,0,0.000909304863176362,0,0,0,0.0203791266394232,0.0007969789683134,0,0,0,0,0,0,0,0,0,0,0,0,0,0,0,0,0,0,0,0,0,0,0,0,0,0,0,0,0,0,0,0,0,0,0,0,0,0,1.06977042726631e-05,0,0,0,0,0,0,0,0,0,0,2.67442606816577e-05,0,0,0.000433257023042855,0,0,0.00369070797406876,0,0,0,0,0,0.000460001283724513,0,0,0,0,0,0.00142279466826419,0,0,0,0,0
"P3_Soil",0,0,0,0,0.000140614439742177,0,0,4.53594966910247e-05,0,0,0,0,0.000489882564263067,0,3.17516476837173e-05,0,0,0,0,0,0,0,0,0,0,0,7.25751947056396e-05,0,0,0,0,0,9.97908927202544e-05,0,0,0,0,4.08235470219222e-05,0,0,0,0,3.17516476837173e-05,0,0,0,0,0.000113398741727562,2.72156980146148e-05,0,0,0,0,4.98954463601272e-05,0,0,0,0.0226797483455124,0,0,0,0.000961621329849724,0,0,0,0,0,0,0,2.26797483455124e-05,0,0,4.53594966910247e-05,0,0,0,0,0.00277600119749071,0,0,0.000780183343085625,0,0,5.44313960292297e-05,0,4.98954463601272e-05,0,0,0,0,0,0,0,0,0,0,9.07189933820494e-05,0,0,0,0,0.002567347512712,0,0,0,4.08235470219222e-05,0,0,0,0,0,9.07189933820494e-06,0,0,0,0,0,0,0,0,0,0,0,0,0,0,0,0,0.000426379268895632,0,0,0,0,0,0,0,0,0,0.000181437986764099,0,0,0,0,0,0,0,0,0,0,0,0,0,9.07189933820494e-06,0,0,0,1.81437986764099e-05,0,0,0,0,0,0,0.000172366087425894,0,7.25751947056396e-05,0.00556107429431963,0,0,0,0,0,0,0,0,9.07189933820494e-06,0,0,0.000113398741727562,9.07189933820494e-06,0,0,0,0,0,0,0,0,0,0,0,0,0,0.00122924236032677,0,0,0,2.72156980146148e-05,0,0,0,0,0,0.00125645805834138,0,0,0,4.53594966910247e-05,0,0.0567810179578247,0,0,0,0,0,0,0,0,0,0,0,0.0614757258653458,0,0,0,0,6.80392450365371e-05,0,0,0,0,0,0,0,0,0,0,0,0,0,0,0.000312980527168071,0,0,0,0,0,0,0,0,0,0,0,0.000113398741727562,0,7.25751947056396e-05,0,0,0,0,0,0,0,0,0,0,0,0,9.07189933820494e-06,0,0,0,0.00239951737495521,1.81437986764099e-05,0,0.00129728160536331,0,0,0,0.0566540113670898,0.0376755979515651,3.17516476837173e-05,0,0,0,0,0,0,0,0,0,0,0,4.53594966910247e-05,9.07189933820494e-06,0,1.36078490073074e-05,0,0.000231333433124226,9.07189933820494e-06,0,2.72156980146148e-05,0,0,0,9.07189933820494e-05,0,0,0,9.07189933820494e-06,0,0,0,0,0,9.07189933820494e-06,0,0,0,0,0,0,0,0,0,0,0,0,0,0,6.80392450365371e-05,0,0,0.000136078490073074,0,0,0,0,0,0.00221354343852201,0,0,0.000167830137756791,0,0,0,0,0,1.36078490073074e-05,0,0,0,0,0
"P4_Root",0,0,0,3.13650987104464e-05,0,0,0,0,0,0,0,0,0,0,0,0,0,0,0,0,0,0,0,0,0,0,0,0,0,0,0,5.37687406464795e-05,0,0,0,0,0,0,0,0,0,0,8.96145677441325e-06,0,0,0,0,0,0.00070347435679144,0,0,0,0,0,0.000277805160006811,0,0,0.00928406921829212,4.48072838720662e-05,0,0,0,0,0,0,0,0,0,0,0.000224036419360331,0,0,0,0,0,0,0,1.34421851616199e-05,0,0,0,0,0,0,0,0,0,0,0,0,0,0,0,0,0,0,5.37687406464795e-05,0,0,0,0,0.000250920789683571,0,0,0,0,0,0,0,0,0,8.96145677441325e-06,0,0,0,0,0,0,0,0,0,0,0,0,0,0,0,0,0,0,0,0,0,0,0,0,0,0,0,0,0,0,0,0,0,0,0,0,0,0.000138902580003405,0,0,0,0,0,0,7.1691654195306e-05,9.40952961313391e-05,0,0,0,0,0,0,0,0.0698993628404233,0,0,0,0,0,0,0,0,0,0,0,0,0,0,0,0,0,0,0,0,0,0,0,0,0,1.34421851616199e-05,0,6.27301974208927e-05,0.0030468953033005,0,0,0,0,0,3.5845827097653e-05,0,0,0,0,0,0,0,0,0.0237075338967103,9.85760245185457e-05,0,0,0,0,0,0,0,0,0,0,0.00200288558908136,0,0,0,0,0,0,0,0,0,0,0,0,0,0,0,0,0,0,0,0,0,0,0,0,0,0,0,0,0,0,0,0,0,0,0,0,0,0,0,0,0,0,0,0,0,0,0.00332918119169452,0,0,0,0,4.92880122592729e-05,0,2.24036419360331e-05,0,0,0,9.40952961313391e-05,0.00030468953033005,0,0,0,0,0,0,0,0,0.000201632777424298,0,0,0,1.34421851616199e-05,0,0,0,0,0,0,0,0,0,1.34421851616199e-05,0,0,0,0,0,0,0,0,0,0,0,0,0,0,0,0.00285870471103783,0,0,0,0,0,0,0,0,0,0,0,0,0,0.000112018209680166,0,0,0.0125460394841785,0,0,6.72109258080994e-05,0,0,9.85760245185457e-05,0,0,0,0,0,7.1691654195306e-05,0,0,0,0,0
"P4_Soil",0,0,0,8.23828413018137e-05,6.17871309763602e-05,0,0,0,0,0,0,0,0.000201837961189443,0,2.47148523905441e-05,0,0,0,0,5.76679889112696e-05,0,0,0,0,0,0,0,0,0,0,8.23828413018137e-06,0,2.05957103254534e-05,0,0,0,0,0.000156527398473446,0,0,0,0,4.53105627159975e-05,0,0.000189480534994171,0,0,0.00797053989595047,0.000337769649337436,0,0,0,0,5.35488468461789e-05,2.88339944556348e-05,0,0,0.00935045248775585,8.65019833669043e-05,0,4.94297047810882e-05,0,0,7.41445571716323e-05,0,0,0,0,0,0.00227376641993005,0,0,0,0,0,0,0,7.00254151065416e-05,0,0,0,2.05957103254534e-05,1.2357426195272e-05,0,0,6.59062730414509e-05,0,0,0,0,0,0,0,0,3.70722785858161e-05,0,0,0,0,0,2.05957103254534e-05,0.00151996342201846,0,0,0,0.000144169972278174,0,0,0,0,0,2.47148523905441e-05,0,0,0,0,0,0,0,0,0,0.00112040664170467,0,0,0,1.64765682603627e-05,0,0,0.000696135009000326,0,0,0,0,0.000280101660426166,8.23828413018137e-06,0,1.64765682603627e-05,0,8.65019833669043e-05,0,0,0,0,0,0,0,0,0,0,0,0,3.29531365207255e-05,0,0,0,2.47148523905441e-05,9.88594095621764e-05,0.0138114833442491,0,0,0,8.23828413018137e-06,0,0,0,0.00012357426195272,0,0,0,0,0,1.64765682603627e-05,0,0,0,0,0,0,2.88339944556348e-05,0,0,0,0,0,0,0,0,0,0,0,0,0,0,0.0023437918350366,2.05957103254534e-05,0,0,0.000115335977822539,0,0,0,0,0,0.000193599677059262,0,0,0,0,0,0.0189727683518077,0,0,0,0,0,2.88339944556348e-05,0,0,0,0,2.47148523905441e-05,0.0279524980537054,0,0,0,0,0,0,0,0,0,0,0,0,0,0,0,0,0,0,0,0,0,0,0,0,0,0,0,0,0,0,0,7.00254151065416e-05,0,9.88594095621764e-05,0,8.23828413018137e-06,0,0,0,0,0,1.2357426195272e-05,0,0,0,0,0.000346007933467617,0,0,0,0.000144169972278174,0,0,1.2357426195272e-05,0,0,0,0.00426743117943395,0.0455453538137077,1.64765682603627e-05,0,0,0,0,0,0,0,1.64765682603627e-05,0,0,0,0.000135931688147993,0,0,0,0,0.00172180138320791,0,0,5.35488468461789e-05,0,0.00921863994167295,0,0,0,0,0,0,0,0,0,0,0,0,2.05957103254534e-05,0,0,0,1.64765682603627e-05,0,0,0,0,0.000325412223142164,0,0,0,0,0,0,0,0.000201837961189444,0,0,0,0,0,0.00559791406645824,2.05957103254534e-05,0,0,0,0.000107097693692358,0,0,0,0,0,0,0,0,0
"P5_Root",0,0,0,0,0,0,0,0,0,0,0,0,0.000347893312717433,0,0,0,0,0,0.00434590535093048,0,0,0,0,0,8.83538571980783e-05,1.10442321497598e-05,0,0,2.76105803743995e-05,0,0,0,0,0,0,0,0,0,0,0,0,0,0,0,0,0,0,7.73096250483185e-05,0.000673698161135347,0,0,0,0,0,0,0,0,0.0571483792589321,4.41769285990392e-05,0,0,0,0,0,0,0,0,0,0,0,0.000833839527306864,0,0,0,0,0,0,0,0,0,0,0,0,0.0010712905185267,0,0,0,0,0,0,0,0,0,0,0,0,4.41769285990392e-05,0,0,0,0,0.00109337898282622,0,0,0,0,0,0,0,0,0,0,0,0,0,0,1.10442321497598e-05,0,0,0.00054116737533823,0,0,0,4.41769285990392e-05,0,0,0,0,0,0,0,0,0,0,0,0,0,0,0,0,0,0,1.65663482246397e-05,0,0,0,0,0,0,0,0,0,0.000331326964492794,0,0,0,0,0,0,0,0,0,0,0,0,0.0106300734441438,0,0,7.17875089734386e-05,0,0,0,0,0,0,0,0,0,0,7.17875089734386e-05,0,0,0,0,0.00480424098514551,0,0,0,0,0,0,0,0,0.00052460102711359,0.00493124965486775,0,0,0,0,0,0,0,0,8.83538571980783e-05,0,0,0,0,0,0.00779722789773041,0,0,0,0,0,0,0,0,0,0.00181677618863549,0,0.00336296868960186,0,0,0,0,0,0,0,0,0,0,0,0,0,0,0,0,0,0,0,3.31326964492794e-05,0,2.76105803743995e-05,0,0,0,4.41769285990392e-05,0,0,0,0,0,0.000110442321497598,0,0.000287150035893755,0,0,0,0,0,0,0,1.10442321497598e-05,0,0,0,0,0,0,0,0,0,3.31326964492794e-05,0,0,0,0,0,7.17875089734386e-05,0.000408636589541112,0,0,0,0,0,0,0,0,0,1.10442321497598e-05,0,0,0,0,0,3.31326964492794e-05,0,0.000248495223369595,0,0,0,0,0,0,0,0,0,0,0,0,0,0,0,0,0,0,0,0,8.83538571980783e-05,0,0,0,0,0,0.00050803467888895,0,0,0,0,0.000193274062620796,0,0,0,0,0,1.10442321497598e-05,0,0,0.000673698161135347,0,0,0.0918990557181512,0,0,0,0,0,0.0555690540615164,0,0,0,0,0
"P5_Soil",0,4.31878383047334e-05,0,0,0,0,1.43959461015778e-05,0,0,0,0,0,0.00135321893354831,0,0,0,0,0,0.00056624054666206,0,0,0,0,0,0,4.79864870052593e-05,0,0,2.39932435026297e-05,0,0,0,0,0,0,0,0,0.00127164190563937,0,0,0,0,0.00257687435218243,0,0,0,0,0.000638220277169949,7.67783792084149e-05,0,0,0,0,2.39932435026297e-05,0,4.31878383047334e-05,0,0.0415562977465546,7.1979730507889e-05,0,0,4.79864870052593e-05,0,0,0,0,0,0,0,0.000220737840224193,0.000585435141464164,0,0,0,0,0,0,0,0,0,0,0,0,0.000350301355138393,4.31878383047334e-05,0,0,0,0,0,0,0,0,0,0,0,0,0,0,0,0,0.00789857576106569,0,0,0,0,0,0,0,0,0,0,0,0,9.59729740105186e-06,0,7.67783792084149e-05,0,0,0.000652616223271527,0,0.000100771622711045,0,0,0,0,0,0,0,0,0,0,0,0,0,0,0,0,0,0,0,0.000124764866213674,0,0,0,0,0,0,0,0,0,0,0,0,0,0,0,0,0,0,0,0,0,0,0,0.000700602710276786,0,0,0,0,2.39932435026297e-05,0,0,0,0,0,0,0,0,0.00010557027141157,0,0,0,0,1.91945948021037e-05,0,0,0,0,0,0,0,0,0.00428039464086913,0,0,9.59729740105186e-06,0,0,0,0,0,0,0.000292717570732082,0,0,0,0,0,0.0273666935390994,0,0,0,0,0,0,0,0,0,0.0024233175937656,0,0.055237245191754,0,0,0,0,0,0.000206341894122615,0,0,0,0,0,0,0,0,0,0,0,0,0,5.27851357057852e-05,0,0,0,0,0,2.87918922031556e-05,0,0,0,0,0,0.0002591270298284,0,0.00010557027141157,0,0,0,0,0,0,0,0.0001295635149142,0,0,0,0,0,0,0,0,0,0,0.00361818112019655,3.35905409036815e-05,0,0,0,0.0816921954777535,0.015538024492303,0.00010557027141157,0,0,0,9.59729740105186e-06,0,0,0,9.59729740105186e-06,0,0,0,0,0,0,0,0,0.00119966217513148,0,0,0,0,0,0,0,0,0,0,0.000239932435026297,0,0,0,0,3.83891896042075e-05,4.79864870052593e-05,0,0,1.43959461015778e-05,1.43959461015778e-05,0,0,0,0,0,0.00189546623670774,0,0,0,0,0.000614227033667319,0,0,0,0,0,0,0,0,0.00565280816921954,0,0,0.00382452301431916,0,0,0,0,0,0.000628622979768897,0,0.000383891896042075,0,0,0
"P6_Root",0,0,0,0,0,0,0,0,0,0,0,0,0,0,0,0.00034248530167247,0,0,0,0,0,0,0,0,0,0,0,0,0,0,0,1.26846408026841e-05,0,0,0,0,0,0,0,0,0,0,0,0,0,0.000691312923746282,0,0,0,0,0,0,0,0,0.000431277787291258,0,0,0.0212277463832918,0,0,0,0,0,0,0,0,0,0,0,0,0,0,0,0,0,0,0,0,0,0,0,0,0,0,0,0,0,0,0,0,0,0,0,0,0,0,0,0,0,0,0,0.000361512262876496,0,0,0,0,0,0,0,0,0,0,0,0,0,0,0,0,0,0,0,2.53692816053681e-05,0,0,0,0,0,0,0,0,0,0,0,0,0,0,0,0,0,0,0,0,0,0,0,0,0,0,0,5.07385632107363e-05,0,0,0,0,0,0,0.000158558010033551,0.000348827622073812,0,0,0,0,0,0,0,0.0269231501036969,0,0,0,0,0,0,0,0,0,0,0,0,0,0,0,0,0,0,0,0,0,0,0,0,5.70808836120783e-05,0,0,3.80539224080522e-05,0,0,0,0,0,0,0,0,0,0,0,0,0,0,0,0.0103950631377996,0,0,0,0,0,0,0,0,0,0,0,0.000488358670903337,0,0,0,0,0,0,0,0,0,0,0,0,0,0,0,0,0,0,0,0,0,0,0,0,0,0,0,0,0,0,0,0.039607790906381,0,0,0,0,0,0,0,0,0,0,0,0,0,0,0.00290478274381465,0,0,0,0.000266377456856365,0,0,0,0,0,0,0.0167120142575363,0.000805474690970438,0,0,0,0,0,0,0,0,6.97655244147624e-05,0,0,0,0,0,0,0.0279823176107211,0,0,0,0,0,0,0,0,0,0,0,0,0,0,5.07385632107363e-05,0,0,0,0,0,0,0.000107819446822815,0.0173779578996772,0,0,0,0,0,0,0,0,0,0,0,0,0,1.90269612040261e-05,0,0,0.00556855731237831,0,0,3.80539224080522e-05,0,0,0.00130651800267646,0,0,0,0,0,0.000443962428093942,0,0,0,0,0
"P6_Soil",0,0,0,0,4.63997860151045e-05,0,0,0,0,0,3.82115884830272e-05,0,0.00129373521006821,0,0,0.0183306448751437,0,0,0,0.000109175967094364,0,0,0,0,0,0,0,0,1.36469958867954e-05,0,0,0,1.91057942415136e-05,8.18819753207726e-06,0,0,0,0.000368468888943477,0,0,0,0.000311151506218936,0.00021016373665665,0,0,0,0,0.00289589252717799,0.000308422107041577,0,0,7.09643786113363e-05,0,0.000371198288120836,0,0,5.45879835471818e-06,0.0252851539790546,0.000706914386936004,0,2.18351934188727e-05,0,0,1.36469958867954e-05,0.000106446567917004,0,0,0,0,0.00286041033787232,0,0,0,0.000111905366271723,0,1.36469958867954e-05,0,4.91291851924636e-05,0,0,0,0,3.82115884830272e-05,0,0,0,2.72939917735909e-05,0,0,0,0,1.36469958867954e-05,1.36469958867954e-05,0,8.18819753207726e-06,1.36469958867954e-05,8.18819753207726e-06,0,0,0,0,0.00211528436245329,0,5.45879835471818e-06,0,0,0,0,2.18351934188727e-05,0,0,3.82115884830272e-05,4.36703868377454e-05,8.18819753207726e-06,0,0,6.55055802566181e-05,0,0,0,0,0.00106992447752476,0,2.18351934188727e-05,0,8.18819753207726e-06,0,0,0.00164309830477017,0.00212620195916273,0,0,1.63763950641545e-05,0.000166493349818904,0,0,0,0,0,1.09175967094364e-05,0,0.000723290782000158,0,5.45879835471818e-05,0,0,0,0,0,7.91525761434136e-05,0,0,0,0,0,0,0.000125552362158518,0.0087859359519189,0,0,8.18819753207726e-06,3.002339095095e-05,0,0,3.27527901283091e-05,0.000174681547350982,0,0,0,0,0,0,0,0,0,0,0,0,1.36469958867954e-05,7.36937777886954e-05,0,0,0,0,0,0,0,0,0,0,0,0,1.09175967094364e-05,0.00162672190970601,5.73173827245408e-05,0,8.18819753207726e-06,1.63763950641545e-05,0,0,0,0,0,1.63763950641545e-05,0,0,0,1.36469958867954e-05,8.18819753207726e-06,0.00481738954803879,0,8.18819753207726e-06,5.45879835471818e-06,0,0,0,0,4.63997860151045e-05,0,8.46113744981317e-05,0,0.0164964886279583,0,0,1.09175967094364e-05,3.82115884830272e-05,8.18819753207726e-06,9.55289712075681e-05,0,0,8.18819753207726e-06,0,0,0,0,5.45879835471818e-06,0,0,0,0,0,3.54821893056681e-05,0,0.000204704938301932,0,0,0,0,0,0,0,0,0,0.00108630087258892,0,0.000275669316913268,0,5.45879835471818e-06,0,0,1.63763950641545e-05,0,0,0,0,0,0,0,6.55055802566181e-05,0,0,1.36469958867954e-05,1.09175967094364e-05,0.00186417963813626,0,0,0,0,0,0.00729022520272612,0.0369287708696685,0.0001801403457057,0,1.63763950641545e-05,0,0,0,0,0,6.82349794339772e-05,0,0,0,0.000436703868377454,0,0,0,5.45879835471818e-06,0.00175227427186453,0,0,0.000330257300460449,0,8.18819753207726e-06,0,1.09175967094364e-05,0,0,0,3.54821893056681e-05,0,4.09409876603863e-05,0,1.91057942415136e-05,0,0,3.27527901283091e-05,1.09175967094364e-05,0.000215622535011368,0.000704184987758645,0,0,0,1.63763950641545e-05,0,3.002339095095e-05,5.45879835471818e-06,3.002339095095e-05,0,0,3.002339095095e-05,0,0,1.91057942415136e-05,0,0,0,8.18819753207726e-06,0,0.00135378199197011,2.18351934188727e-05,0,0.00153665173685316,0,3.82115884830272e-05,0,0,0,2.72939917735909e-05,0,0,6.00467819019e-05,0,0
"P7_Root",0,0,0,0,0,0,0,0,0,0,0,0,0,0,0,0,0,0,0,0,0,0,0,0.0234268992463503,0,0,0,0,0,0,0,3.67833379653092e-05,0,0,0,0,0,0,0,0,0,0,0.000322875966584381,0,0,0,0,8.17407510340205e-06,8.17407510340205e-06,0,0,0,0,0,0,0,0,0.039370432735536,0,0,0,0,0,0,0,0,0,0,0,0.000143046314309536,0,0,0,0,0,0,0,0,0,0,0,0,0,0,0,0,0,0,0,0,0,0,0,0,0,0,0,0,0,0,0,0.000482270431100721,0,0,0,0,0,0,0,0,0,0,0,0,0,0,0,0,0,0,0,0,0,0,0,0,0,0,0,0,0,0,0,0,0,0,0,0,0,0,0,0,0,0,0,0,0,0,0,0,0,0,0,0,0,0,6.13055632755154e-05,0.000670274158478968,0,0,0,0,0,0,0,0.0136629665353365,0,0,0,0,0,0,0,0,0,0,0,0,0,0,0,0,0,0,0,0,1.63481502068041e-05,0,0,0,0,0,0,0.000535401919272834,9.40018636891236e-05,0,0,0,0,0,0,0,0,3.26963004136082e-05,0,0,0,0,0,0.0159884909022544,0,0,0,0,0,0,0,0,0,0,0,0.00879121777370891,0,0,0,0,0,0,0,0,0,0,0,0,0,0,0,0,0,0,0,0,0,0,0,0,0,0,0,0,0,0,0,0,0,0,0,0,0,0,0,0,0,0,0,0,0,0,0.000134872239206134,0,0,0,0,0,0,0.000249309290653763,0,0,0,0,0.00063757785806536,0,0,0,0,0,0,0,0,0,0,0,0,0,0,0,0,0,0,0,0,0,0,0,0,0,0,0,0,0.000245222253102062,0,0,0,0,0,0,0,0,0,0,0,0,0,0,0,0.00035965930454969,0,0,0,0,0,0,0,1.63481502068041e-05,0,0,0,0,0,0.000183916689826546,0,0,0,0,0,0,0,0,0.000171655577171443,0,0,0,0,0
"P7_Soil",0,1.33582092875176e-05,0,0,0,0,0,0,0,0,0,0,0.000485348270779808,0,0,0,0,3.56218914333804e-05,0,0,0,0,0,0,0,5.78855735792431e-05,0,0,2.67164185750353e-05,0,0,0,0,0,0,0,0,4.8980100720898e-05,0,0,0,0,0.000320597022900423,0,0,0,0,0.00020927861217111,9.35074650126235e-05,0,0,0,0,0,0,0,0,0.0396338069560649,0.0002270895578878,0,0,0.0231097020674056,0,0,2.67164185750353e-05,0,0,0,0,0.000868283603688647,0,0,0,0,0,0,0,0.000102412937870969,0,0,0,0,1.78109457166902e-05,0.000169203984308557,0,1.33582092875176e-05,0,0,1.33582092875176e-05,0,0,0,0,0,0,0,0,0,0,0,0,0.00235104483460311,0,0,8.9054728583451e-06,0,0,0,0,0,0,0,0,0,3.11691550042078e-05,0,0,0,0,0,0,0.000129129356446004,0,0,0,0,0,0,0.00043636817005891,0,0,0,0,0,0,0,0,0,0,0,0,0,0,4.00746278625529e-05,0,0,0,0,0,0.00020927861217111,1.33582092875176e-05,0,0,0,0,0,0.00043636817005891,0.0308307470355907,0,0,0,0,0,4.8980100720898e-05,0,0.00248017419104911,0,0,0,0,0,0,0,0,0,0,0,0,0.000111318410729314,1.33582092875176e-05,0,0,0,0,0,0,0,0,4.00746278625529e-05,0,8.9054728583451e-06,0,0,0.00887430370334089,0.140661943797561,0,0,0,0,0,0,0,0,0.000405199015054702,0,0,0,0.000182562193596074,0,0.0260796772656636,0,0,0,0,0,0,0,0,0,0,0,0.0476576380014337,0,0,0,0,0,3.11691550042078e-05,0,8.9054728583451e-06,0,0,0,0,0.002400024935324,0,0,0,0,0,0,3.11691550042078e-05,0,0,0,0,0,1.33582092875176e-05,0,0,0,0,0,0.000316144286471251,0,0.00052542289864236,0,0,0,0,0,0,0,0,0,0,0,0,4.45273642917255e-05,0,0,0,0,0,0,2.67164185750353e-05,0,0,0,0,0.0154242789906537,0.000142487565733522,0,0,0,0,0,0,0,8.01492557251058e-05,0,2.22636821458627e-05,0,2.22636821458627e-05,0,0,0,0,0.000218184085029455,0,0,4.00746278625529e-05,1.78109457166902e-05,0,0,0,0,0,0,0.0004541791157756,0,0,0,0,8.9054728583451e-06,0.000115771147158486,2.22636821458627e-05,0,0,0,0,0,0,0,0,0.000748059720100988,2.67164185750353e-05,0,8.9054728583451e-06,0,0.000129129356446004,0,0,0.00159853237807294,0,0.00208833338528192,0,0,0,0.00343751252332121,1.33582092875176e-05,0,0.00024490050360449,0,1.78109457166902e-05,0,0,0,0.00020927861217111,0,0,0,0,0
"P8_Root",0,0,0,0,6.44439811217044e-05,0,0,0,0,0,0,0,0.000208495233040808,0,0,0,0,0,0,0,0,0,0,0,0,0,0,0,3.41174017703141e-05,0,0,1.51632896756951e-05,0,1.13724672567714e-05,0,0,0,3.03265793513903e-05,0,0,0,0,0,0,0,0,0,0,5.3071513864933e-05,0,0,0,0,7.58164483784757e-06,0,0,0,0.0497734983604693,3.03265793513903e-05,0,0,0,0,0,1.13724672567714e-05,0,0,0,0,9.85613828920184e-05,0.000341174017703141,0,0,0,0,0,0,0,0,0,0,0,0,0.000253985102067894,0,0,0,0,0,0,0,0,0,0,0,0,1.89541120946189e-05,0,2.27449345135427e-05,0,0,0.00182338558350234,0,0,0,0,0,0,0,0,0,0,0,0,0,0,0,0,0,0,0,1.51632896756951e-05,0,0,0,0,0,0,0,0,0,0,0,0,0,0,0,0,0,0,0,0,0,0,0,0,0,0,0,3.41174017703141e-05,0,0,0,0,0,0,0,0,0,0,0,0,0,0,0,0.00228207509619212,0,0,0,0,0,0,0,0,0,0,0,0,2.27449345135427e-05,0,0,0,0,0,0,0,0,0,0,0,0,0,0,0.000405617998824845,0.0445724900017059,0,0,0,0,0,0,0,0,0,0,0,0,0,0,0.00975757690630984,0,0,0,0,0,0,0,0,0,0.00248298868439508,0,0.00493185996701985,0,0,0,0,0,0,0,0,0,0,0,0,0,0,0,0,0,0,0,0,0,0,0,0,0,1.13724672567714e-05,0,0,0,0,0,0.000261566746905741,0,1.51632896756951e-05,0,0,0,0,0,0,0,0,0,0,0,0,0,0,0,0,0.000515551848973635,7.58164483784757e-06,0,0,0,0,0,0.000504179381716864,0.000352546484959912,2.27449345135428e-05,0,0,0,0,0,0,0,0,0.00876059061013287,0,0,3.79082241892379e-05,0,0,0,0.00028052085900036,1.13724672567714e-05,0,0,0,0,0,0,1.13724672567714e-05,0,0,0,6.06531587027806e-05,0,0,0,0,0,9.47705604730946e-05,0,0,0,0,0,0,0,0,0,0,0,0,0,0,0.000303265793513903,0,0,6.44439811217044e-05,0,0,0,0,0,0.00135332360355579,0,0,0.0896681134972232,0,0,0,0,0,0.00136848689323149,0,0,0,0,0
"P8_Soil",0,1.71595754721028e-05,0,0,0,0,0,0,0,0,0,0,0.00165589903305792,1.71595754721028e-05,0,0,0,0,0,0,0,0,0,0,0,0,0,0,0.000866558561341192,0,0,0,0,1.71595754721028e-05,8.57978773605141e-06,0,0,3.86090448122313e-05,0,0,0,0,6.43484080203856e-05,0,0,0,0,0.000553396308975316,4.71888325482827e-05,0,0,0,0,7.72180896244627e-05,1.71595754721028e-05,0,0,0.0422854838571294,7.2928195756437e-05,0,0,0,0,0,0.0034876837147049,0,0,0,0,0.0010681835731384,0,0,2.14494693401285e-05,0,0,0,0,0,0,0,0,0,0,2.57393632081542e-05,0,0,0,0,0,0,0,0,0,0,0,0,6.43484080203856e-05,0,0,0,0,0.00356061191046134,0,0,0,0,0,0,0,0,0,0,0,0,0,0,4.71888325482827e-05,0,0,0,0,0.000270263313685619,0,0,0,7.72180896244627e-05,0,0,3.86090448122313e-05,0,0,0,0,0,0,0,0,0,0,0,0,0.000111537240568668,0.000141566497644849,0,8.57978773605141e-06,0,0,0,0,6.86383018884113e-05,0,0,0,0.000158726073116951,0,0,0.00286564910384117,0,0,0,0,0,0,0,0,0.00240234056609439,0,0,0,0,0,0,0,0,0,0,0,0,0.00012011702830472,1.28696816040771e-05,0,0,0,0,0.000283132995289697,0.000128696816040771,0,0,0,0,0,0,0,0.00160442030664161,0.0344521376541144,0,0.000158726073116951,0,0,0,0,0,0,0.000145856391512874,0,0,0,0,0,0.0190514186679022,0,0,0,0,1.28696816040771e-05,0,0,0,0,0.00048904790095493,0,0.0199951953188678,0,0,0,1.28696816040771e-05,0,0,1.28696816040771e-05,0,0,0,0,0,9.86675589645912e-05,0,0,0,0,0,0,0.00124835911559548,0,0,0,0,0,0,0,0,0,0,0,3.00292570761799e-05,0,0.000313162252365876,0,0,0,0,0,0,0,0,0,0,0,0,6.86383018884113e-05,0,0,5.14787264163085e-05,0.0126980858493561,9.00877712285398e-05,0,0,0,0,0,0.00441001089633042,0.025537738196357,4.28989386802571e-05,0,0,0,8.57978773605141e-06,0,0,0,6.00585141523599e-05,0.0114754660969688,0,0,4.71888325482828e-05,0,0,0.000193045224061157,0.000326031933969954,0.00253103738213517,0,0,0,2.57393632081542e-05,0,0,2.57393632081542e-05,8.57978773605141e-06,0,0,0.000102957452832617,0,0,0,0,1.28696816040771e-05,5.57686202843342e-05,0,0,0,0.000145856391512874,0,2.57393632081542e-05,0,0,0,8.57978773605141e-06,0,0,0,0,0.0109735485144098,0,0,0.000132986709908797,0,0,0,0,0,0.0160442030664161,0,1.28696816040771e-05,0.00291712783025747,0,5.14787264163085e-05,0,0,0,3.86090448122313e-05,0,0,0,0,0
"P9_Root",0,0,0,0,0,0,0,0,0,0,1.4687361158539e-05,0,3.30465626067129e-05,0,0,0,0,0,0,0,0,0,0,0,0,0,0,0,0,0,0,3.30465626067129e-05,0,0,0,0,0,1.4687361158539e-05,0,0,0,0,0,0,0,0,0,0,0,0,0,0,0,0,2.20310417378086e-05,0,0,0.0251447623034189,0,0,0,0,0,0,0.000110155208689043,0,0,0,0,0.000543432362865945,0,0,0,0,0,0,0,0,0,0,0,0,0,0.000102811528109773,0,0,0,0,0,0,0,0,0,0,0,0,0,0,0,0,0,0.00131819066397888,0,0,0,0.000135858090716486,0,0,0,0,0,0,0,0,0,0,0,0,0,0,0,3.30465626067129e-05,0,0,0,0,0,0,0,0,0,0,0,0,0,0,0,0,0,0,0,0,0,0,0,0,0,0,0,0,0,0,0,0,0,0,2.20310417378086e-05,0.00800828367169342,0,0,0,0,0,0,0.0799616659873762,0.00497901543274474,0,0,0,0,0,0,0,0,0,0,0,0,0,0,0,0,0,0,0,0,0,0,0,0,0,0,0,7.34368057926952e-06,0.00627150321469617,0,0,0,0,0,0,0,0,0,0,0,0,0,0,0.00952475371131257,0,0,0,0,0,0,0,0,0,6.60931252134257e-05,0,0.0062641595341169,0,0,0,0,0,0,0,0,0,0,0,0,0,0,0,0,0,0,0,0,0,0,0,0,0,0,0,0,0,0,0,0.000121170729557947,0,0,0,0,0,0,0,0,0,0,0,0,0,0,0,0,0,0,0,0,0,6.60931252134257e-05,0,0,0,1.83592014481738e-05,0.000330465626067129,0,0,0,0,0,0,0,0,0,0,0,0,0,0,0,0,9.54678475305038e-05,0,0,0,0,0,0,0,0,0,0,0,0,0,0,0,0,0,0,0,0,0,0,0,0,0,0,0,0,0,0,0,0,0,0,0,9.17960072408691e-05,0,0,0,0,0,0.000264372500853703,0,0,0.093334508322226,0,0,0,0,0,0,0,0,0,0,0
"P9_Soil",0,0,0,6.45164065221786e-05,0,1.7204375072581e-05,0,0,0,0,0,0,0.000584948752467753,0,0,2.15054688407262e-05,2.58065626088714e-05,0,0,0,0,0,0,0.000494625783336703,0,0,0,0,0.00019785031333468,2.58065626088714e-05,1.7204375072581e-05,0,1.29032813044357e-05,0,8.60218753629048e-06,0,0,0.000124731719276212,0,0,0,0,0.000146237188116938,3.01076563770167e-05,0,0,0,0.00183226594522987,4.30109376814524e-05,7.31185940584691e-05,0,0,0,4.30109376814524e-05,0,0,0,0.0295614174684623,0.000679572815366948,4.73120314495976e-05,0.00302797001277425,0,0,0.00146237188116938,0.000313979845074602,0,0.00119140297377623,0,0,0.0230925724411718,0,0,0,0,0,0,0,0,0,0,0,0,0,0.000167742656957664,0,1.29032813044357e-05,0,0,8.60218753629048e-06,0,0,8.60218753629048e-06,0,0,0,1.7204375072581e-05,0,0,3.44087501451619e-05,0,0,0.00268818360509078,0,0,0,0.000159140469421374,0,0,0,0,0,0,2.58065626088714e-05,0,1.29032813044357e-05,0,0.000129032813044357,1.29032813044357e-05,0,0,0,0.00153118938145971,0,0,0,0,3.01076563770167e-05,0,0,0.0114065006731212,0,0,1.7204375072581e-05,0,0,0,0,0,3.44087501451619e-05,2.15054688407262e-05,1.29032813044357e-05,0.000111828437971776,2.15054688407262e-05,0,0,8.60218753629048e-06,1.7204375072581e-05,2.15054688407262e-05,0,0.000116129531739921,0,0,0,8.60218753629048e-05,0,0,0.000378496251596781,0.0139269416212543,0,0,0,0,6.45164065221786e-05,0,0.0719960085849831,0.00243441907277021,0,0,0,0,0,0,0,8.17207815947595e-05,0,0,3.44087501451619e-05,0,5.16131252177429e-05,0.000141936094348793,0,0,0,0,0.000159140469421374,0,0,0,0,1.7204375072581e-05,0,0,0,0.00199140641465124,6.02153127540333e-05,0,8.60218753629048e-06,0,0.000124731719276212,0,0,0,0,0.00062365859638106,1.29032813044357e-05,0,7.31185940584691e-05,0,0,0.0105634862945647,0,0,0,0,0,0,0.000111828437971776,0,0,8.60218753629048e-06,0,0.0575400324302471,0,0,1.29032813044357e-05,0,0,0,0,2.58065626088714e-05,0,0,0,1.29032813044357e-05,0,0,0,0,0,0,0.000116129531739921,0,0,0,0,0,0,0,0,0,0,0,0,3.44087501451619e-05,0,0.000253764532320569,0,0,0,0,0,0,0,0,0,0,0,0,0.00053333562725001,0,0,0,8.60218753629048e-05,0.000120430625508067,0,0.000258065626088714,0,0,0,0,0.0225033225949359,0.000150538281885084,0,0,0,0,0,0,2.58065626088714e-05,8.60218753629048e-06,6.02153127540333e-05,8.60218753629048e-06,0,0.000365592970292345,0,0,0,2.58065626088714e-05,0.000116129531739921,0,0,0,0,0,8.60218753629048e-06,0,0,1.7204375072581e-05,0,0.000666669534062512,2.15054688407262e-05,0,0,0,0.000279571094929441,1.7204375072581e-05,0,0,0,9.89251566673405e-05,0,0,0,0,0.000159140469421374,0,0,0,0,0,7.31185940584691e-05,3.01076563770167e-05,3.44087501451619e-05,0.000529034533481864,0,0,0,0,0,0.00335915423292143,8.60218753629048e-06,0,0.00216345016537705,0,0,0,0,0,0,0,0,0,0,0
